# Blender 4.2.2 LTS
# www.blender.org
mtllib masking_bent_cylinder.mtl
o Torus
v 0.000000 -0.000000 -1.360000
v 0.180000 -0.000000 -1.311769
v 0.311769 -0.000000 -1.180000
v 0.360000 -0.000000 -1.000000
v 0.311769 -0.000000 -0.820000
v 0.180000 -0.000000 -0.688231
v 0.000000 -0.000000 -0.640000
v -0.180000 -0.000000 -0.688231
v -0.311769 -0.000000 -0.820000
v -0.360000 -0.000000 -1.000000
v -0.311769 -0.000000 -1.180000
v -0.180000 -0.000000 -1.311769
v -0.000000 0.177516 -1.348365
v 0.180000 0.171220 -1.300547
v 0.311769 0.154021 -1.169905
v 0.360000 0.130526 -0.991445
v 0.311769 0.107032 -0.812985
v 0.180000 0.089832 -0.682343
v -0.000000 0.083537 -0.634525
v -0.180000 0.089832 -0.682343
v -0.311769 0.107032 -0.812985
v -0.360000 0.130526 -0.991445
v -0.311769 0.154021 -1.169905
v -0.180000 0.171220 -1.300547
v -0.000000 0.351994 -1.313659
v 0.180000 0.339511 -1.267072
v 0.311769 0.305406 -1.139792
v 0.360000 0.258819 -0.965926
v 0.311769 0.212232 -0.792059
v 0.180000 0.178127 -0.664780
v -0.000000 0.165644 -0.618193
v -0.180000 0.178127 -0.664780
v -0.311769 0.212232 -0.792059
v -0.360000 0.258819 -0.965926
v -0.311769 0.305406 -1.139792
v -0.180000 0.339511 -1.267072
v -0.000000 0.520450 -1.256476
v 0.180000 0.501992 -1.211916
v 0.311769 0.451567 -1.090178
v 0.360000 0.382684 -0.923880
v 0.311769 0.313801 -0.757581
v 0.180000 0.263375 -0.635842
v -0.000000 0.244917 -0.591283
v -0.180000 0.263375 -0.635842
v -0.311769 0.313800 -0.757581
v -0.360000 0.382683 -0.923880
v -0.311769 0.451566 -1.090178
v -0.180000 0.501992 -1.211916
v -0.000000 0.680000 -1.177795
v 0.180000 0.655884 -1.136025
v 0.311769 0.590000 -1.021910
v 0.360000 0.500000 -0.866026
v 0.311769 0.410000 -0.710141
v 0.180000 0.344115 -0.596026
v -0.000000 0.320000 -0.554256
v -0.180000 0.344115 -0.596026
v -0.311769 0.410000 -0.710141
v -0.360000 0.500000 -0.866026
v -0.311769 0.590000 -1.021910
v -0.180000 0.655884 -1.136025
v -0.000000 0.827915 -1.078960
v 0.180000 0.798554 -1.040696
v 0.311769 0.718338 -0.936157
v 0.360000 0.608761 -0.793353
v 0.311769 0.499184 -0.650550
v 0.180000 0.418968 -0.546010
v -0.000000 0.389607 -0.507746
v -0.180000 0.418968 -0.546010
v -0.311769 0.499184 -0.650550
v -0.360000 0.608761 -0.793353
v -0.311769 0.718338 -0.936157
v -0.180000 0.798554 -1.040696
v -0.000000 0.961665 -0.961665
v 0.180000 0.927561 -0.927561
v 0.311769 0.834386 -0.834386
v 0.360000 0.707107 -0.707107
v 0.311769 0.579828 -0.579827
v 0.180000 0.486653 -0.486653
v -0.000000 0.452549 -0.452548
v -0.180000 0.486653 -0.486653
v -0.311769 0.579828 -0.579827
v -0.360000 0.707107 -0.707107
v -0.311769 0.834386 -0.834386
v -0.180000 0.927561 -0.927561
v -0.000000 1.078960 -0.827915
v 0.180000 1.040696 -0.798554
v 0.311769 0.936157 -0.718338
v 0.360000 0.793353 -0.608761
v 0.311769 0.650550 -0.499184
v 0.180000 0.546010 -0.418968
v -0.000000 0.507746 -0.389607
v -0.180000 0.546010 -0.418968
v -0.311769 0.650550 -0.499184
v -0.360000 0.793353 -0.608761
v -0.311769 0.936157 -0.718338
v -0.180000 1.040696 -0.798554
v -0.000000 1.177794 -0.680000
v 0.180000 1.136025 -0.655885
v 0.311769 1.021910 -0.590000
v 0.360000 0.866025 -0.500000
v 0.311769 0.710141 -0.410000
v 0.180000 0.596025 -0.344116
v -0.000000 0.554256 -0.320000
v -0.180000 0.596025 -0.344116
v -0.311769 0.710141 -0.410000
v -0.360000 0.866025 -0.500000
v -0.311769 1.021910 -0.590000
v -0.180000 1.136025 -0.655885
v -0.000000 1.256476 -0.520450
v 0.180000 1.211916 -0.501992
v 0.311769 1.090178 -0.451566
v 0.360000 0.923880 -0.382683
v 0.311769 0.757581 -0.313800
v 0.180000 0.635842 -0.263375
v -0.000000 0.591283 -0.244917
v -0.180000 0.635842 -0.263375
v -0.311769 0.757581 -0.313800
v -0.360000 0.923880 -0.382683
v -0.311769 1.090178 -0.451566
v -0.180000 1.211916 -0.501992
v -0.000000 1.313659 -0.351994
v 0.180000 1.267072 -0.339511
v 0.311769 1.139792 -0.305406
v 0.360000 0.965926 -0.258819
v 0.311769 0.792059 -0.212232
v 0.180000 0.664780 -0.178127
v -0.000000 0.618193 -0.165644
v -0.180000 0.664780 -0.178127
v -0.311769 0.792059 -0.212232
v -0.360000 0.965926 -0.258819
v -0.311769 1.139792 -0.305406
v -0.180000 1.267072 -0.339511
v -0.000000 1.348365 -0.177516
v 0.180000 1.300547 -0.171220
v 0.311769 1.169905 -0.154021
v 0.360000 0.991445 -0.130526
v 0.311769 0.812985 -0.107032
v 0.180000 0.682343 -0.089832
v -0.000000 0.634525 -0.083537
v -0.180000 0.682343 -0.089832
v -0.311769 0.812985 -0.107032
v -0.360000 0.991445 -0.130526
v -0.311769 1.169905 -0.154021
v -0.180000 1.300547 -0.171220
v -0.000000 1.360000 -0.000000
v 0.180000 1.311769 -0.000000
v 0.311769 1.180000 -0.000000
v 0.360000 1.000000 -0.000000
v 0.311769 0.820000 -0.000000
v 0.180000 0.688231 -0.000000
v -0.000000 0.640000 -0.000000
v -0.180000 0.688231 -0.000000
v -0.311769 0.820000 -0.000000
v -0.360000 1.000000 -0.000000
v -0.311769 1.180000 -0.000000
v -0.180000 1.311769 -0.000000
v 0.036000 -0.000000 -1.350354
v 0.072000 -0.000000 -1.340708
v 0.108000 -0.000000 -1.331061
v 0.144000 -0.000000 -1.321415
v 0.206354 -0.000000 -1.285415
v 0.232708 -0.000000 -1.259061
v 0.259061 -0.000000 -1.232708
v 0.285415 -0.000000 -1.206354
v 0.321415 -0.000000 -1.144000
v 0.331061 -0.000000 -1.108000
v 0.340708 -0.000000 -1.072000
v 0.350354 -0.000000 -1.036000
v 0.350354 -0.000000 -0.964000
v 0.340708 -0.000000 -0.928000
v 0.331061 -0.000000 -0.892000
v 0.321415 -0.000000 -0.856000
v 0.285415 -0.000000 -0.793646
v 0.259061 -0.000000 -0.767292
v 0.232708 -0.000000 -0.740939
v 0.206354 -0.000000 -0.714585
v 0.144000 -0.000000 -0.678585
v 0.108000 -0.000000 -0.668939
v 0.072000 -0.000000 -0.659292
v 0.036000 -0.000000 -0.649646
v -0.036000 -0.000000 -0.649646
v -0.072000 -0.000000 -0.659292
v -0.108000 -0.000000 -0.668939
v -0.144000 -0.000000 -0.678585
v -0.206354 -0.000000 -0.714585
v -0.232708 -0.000000 -0.740939
v -0.259061 -0.000000 -0.767292
v -0.285415 -0.000000 -0.793646
v -0.321415 -0.000000 -0.856000
v -0.331061 -0.000000 -0.892000
v -0.340708 -0.000000 -0.928000
v -0.350354 -0.000000 -0.964000
v -0.350354 -0.000000 -1.036000
v -0.340708 -0.000000 -1.072000
v -0.331061 -0.000000 -1.108000
v -0.321415 -0.000000 -1.144000
v -0.285415 -0.000000 -1.206354
v -0.259061 -0.000000 -1.232708
v -0.232708 -0.000000 -1.259061
v -0.206354 -0.000000 -1.285415
v -0.036000 -0.000000 -1.350354
v -0.072000 -0.000000 -1.340708
v -0.108000 -0.000000 -1.331061
v -0.144000 -0.000000 -1.321415
v -0.000000 0.035503 -1.357673
v -0.000000 0.071006 -1.355346
v -0.000000 0.106509 -1.353019
v -0.000000 0.142013 -1.350692
v 0.036000 0.176257 -1.338801
v 0.072000 0.174998 -1.329237
v 0.108000 0.173739 -1.319674
v 0.144000 0.172479 -1.310110
v 0.180000 0.034244 -1.309525
v 0.180000 0.068488 -1.307280
v 0.180000 0.102732 -1.305036
v 0.180000 0.136976 -1.302791
v 0.206354 0.167781 -1.274418
v 0.232708 0.164341 -1.248290
v 0.259061 0.160901 -1.222162
v 0.285415 0.157461 -1.196033
v 0.311769 0.030804 -1.177981
v 0.311769 0.061608 -1.175962
v 0.311769 0.092413 -1.173943
v 0.311769 0.123217 -1.171924
v 0.321415 0.149322 -1.134213
v 0.331061 0.144623 -1.098521
v 0.340708 0.139924 -1.062829
v 0.350354 0.135225 -1.027137
v 0.360000 0.026105 -0.998289
v 0.360000 0.052211 -0.996578
v 0.360000 0.078316 -0.994867
v 0.360000 0.104421 -0.993156
v 0.350354 0.125827 -0.955753
v 0.340708 0.121128 -0.920061
v 0.331061 0.116430 -0.884369
v 0.321415 0.111731 -0.848677
v 0.311769 0.021406 -0.818597
v 0.311769 0.042813 -0.817194
v 0.311769 0.064219 -0.815791
v 0.311769 0.085625 -0.814388
v 0.285415 0.103592 -0.786856
v 0.259061 0.100152 -0.760728
v 0.232708 0.096712 -0.734600
v 0.206354 0.093272 -0.708471
v 0.180000 0.017966 -0.687053
v 0.180000 0.035933 -0.685876
v 0.180000 0.053899 -0.684698
v 0.180000 0.071866 -0.683521
v 0.144000 0.088573 -0.672779
v 0.108000 0.087314 -0.663216
v 0.072000 0.086055 -0.653652
v 0.036000 0.084796 -0.644089
v -0.000000 0.016707 -0.638905
v -0.000000 0.033415 -0.637810
v -0.000000 0.050122 -0.636715
v -0.000000 0.066829 -0.635620
v -0.036000 0.084796 -0.644088
v -0.072000 0.086055 -0.653652
v -0.108000 0.087314 -0.663216
v -0.144000 0.088573 -0.672779
v -0.180000 0.017966 -0.687053
v -0.180000 0.035933 -0.685876
v -0.180000 0.053899 -0.684698
v -0.180000 0.071866 -0.683521
v -0.206354 0.093272 -0.708471
v -0.232708 0.096712 -0.734600
v -0.259061 0.100152 -0.760728
v -0.285415 0.103592 -0.786856
v -0.311769 0.021406 -0.818597
v -0.311769 0.042813 -0.817194
v -0.311769 0.064219 -0.815791
v -0.311769 0.085625 -0.814388
v -0.321415 0.111731 -0.848677
v -0.331061 0.116429 -0.884369
v -0.340708 0.121128 -0.920061
v -0.350354 0.125827 -0.955753
v -0.360000 0.026105 -0.998289
v -0.360000 0.052210 -0.996578
v -0.360000 0.078316 -0.994867
v -0.360000 0.104421 -0.993156
v -0.350354 0.135225 -1.027137
v -0.340708 0.139924 -1.062829
v -0.331061 0.144623 -1.098521
v -0.321415 0.149322 -1.134213
v -0.311769 0.030804 -1.177981
v -0.311769 0.061608 -1.175962
v -0.311769 0.092413 -1.173943
v -0.311769 0.123217 -1.171924
v -0.285415 0.157461 -1.196033
v -0.259061 0.160901 -1.222162
v -0.232708 0.164341 -1.248290
v -0.206354 0.167781 -1.274418
v -0.180000 0.034244 -1.309525
v -0.180000 0.068488 -1.307280
v -0.180000 0.102732 -1.305036
v -0.180000 0.136976 -1.302791
v -0.036000 0.176257 -1.338801
v -0.072000 0.174998 -1.329237
v -0.108000 0.173739 -1.319674
v -0.144000 0.172479 -1.310110
v -0.000000 0.212411 -1.341424
v -0.000000 0.247307 -1.334482
v -0.000000 0.282203 -1.327541
v -0.000000 0.317098 -1.320600
v 0.036000 0.349497 -1.304342
v 0.072000 0.347000 -1.295024
v 0.108000 0.344504 -1.285707
v 0.144000 0.342007 -1.276389
v 0.180000 0.204878 -1.293852
v 0.180000 0.238537 -1.287157
v 0.180000 0.272195 -1.280462
v 0.180000 0.305853 -1.273767
v 0.206354 0.332690 -1.241616
v 0.232708 0.325869 -1.216160
v 0.259061 0.319048 -1.190704
v 0.285415 0.312227 -1.165248
v 0.311769 0.184298 -1.163882
v 0.311769 0.214575 -1.157860
v 0.311769 0.244852 -1.151837
v 0.311769 0.275129 -1.145815
v 0.321415 0.296089 -1.105019
v 0.331061 0.286771 -1.070246
v 0.340708 0.277454 -1.035472
v 0.350354 0.268136 -1.000699
v 0.360000 0.156185 -0.986341
v 0.360000 0.181843 -0.981237
v 0.360000 0.207502 -0.976133
v 0.360000 0.233160 -0.971030
v 0.350354 0.249501 -0.931153
v 0.340708 0.240184 -0.896379
v 0.331061 0.230867 -0.861606
v 0.321415 0.221549 -0.826833
v 0.311769 0.128072 -0.808800
v 0.311769 0.149112 -0.804615
v 0.311769 0.170152 -0.800429
v 0.311769 0.191192 -0.796244
v 0.285415 0.205411 -0.766603
v 0.259061 0.198590 -0.741148
v 0.232708 0.191769 -0.715692
v 0.206354 0.184948 -0.690236
v 0.180000 0.107491 -0.678830
v 0.180000 0.125150 -0.675318
v 0.180000 0.142809 -0.671805
v 0.180000 0.160468 -0.668293
v 0.144000 0.175631 -0.655463
v 0.108000 0.173134 -0.646145
v 0.072000 0.170637 -0.636828
v 0.036000 0.168141 -0.627510
v -0.000000 0.099958 -0.631258
v -0.000000 0.116380 -0.627992
v -0.000000 0.132801 -0.624726
v -0.000000 0.149223 -0.621459
v -0.036000 0.168141 -0.627510
v -0.072000 0.170637 -0.636828
v -0.108000 0.173134 -0.646145
v -0.144000 0.175631 -0.655463
v -0.180000 0.107491 -0.678830
v -0.180000 0.125150 -0.675318
v -0.180000 0.142809 -0.671805
v -0.180000 0.160468 -0.668293
v -0.206354 0.184948 -0.690236
v -0.232708 0.191769 -0.715692
v -0.259061 0.198590 -0.741148
v -0.285415 0.205411 -0.766603
v -0.311769 0.128072 -0.808800
v -0.311769 0.149112 -0.804615
v -0.311769 0.170152 -0.800429
v -0.311769 0.191192 -0.796244
v -0.321415 0.221549 -0.826833
v -0.331061 0.230866 -0.861606
v -0.340708 0.240184 -0.896379
v -0.350354 0.249501 -0.931153
v -0.360000 0.156185 -0.986341
v -0.360000 0.181843 -0.981237
v -0.360000 0.207502 -0.976133
v -0.360000 0.233160 -0.971030
v -0.350354 0.268136 -1.000699
v -0.340708 0.277454 -1.035473
v -0.331061 0.286771 -1.070246
v -0.321415 0.296089 -1.105019
v -0.311769 0.184298 -1.163882
v -0.311769 0.214575 -1.157860
v -0.311769 0.244852 -1.151837
v -0.311769 0.275129 -1.145815
v -0.285415 0.312227 -1.165248
v -0.259061 0.319048 -1.190704
v -0.232708 0.325869 -1.216160
v -0.206354 0.332690 -1.241616
v -0.180000 0.204878 -1.293852
v -0.180000 0.238536 -1.287157
v -0.180000 0.272195 -1.280462
v -0.180000 0.305853 -1.273767
v -0.036000 0.349497 -1.304342
v -0.072000 0.347000 -1.295024
v -0.108000 0.344504 -1.285707
v -0.144000 0.342007 -1.276389
v -0.000000 0.385685 -1.302222
v -0.000000 0.419376 -1.290786
v -0.000000 0.453067 -1.279349
v -0.000000 0.486758 -1.267913
v 0.036000 0.516758 -1.247564
v 0.072000 0.513067 -1.238652
v 0.108000 0.509375 -1.229740
v 0.144000 0.505684 -1.220828
v 0.180000 0.372007 -1.256041
v 0.180000 0.404503 -1.245010
v 0.180000 0.437000 -1.233979
v 0.180000 0.469496 -1.222947
v 0.206354 0.491907 -1.187569
v 0.232708 0.481822 -1.163221
v 0.259061 0.471737 -1.138873
v 0.285415 0.461652 -1.114526
v 0.311769 0.334638 -1.129869
v 0.311769 0.363870 -1.119946
v 0.311769 0.393102 -1.110024
v 0.311769 0.422335 -1.100101
v 0.321415 0.437790 -1.056918
v 0.331061 0.424013 -1.023659
v 0.340708 0.410237 -0.990399
v 0.350354 0.396460 -0.957139
v 0.360000 0.283592 -0.957517
v 0.360000 0.308365 -0.949107
v 0.360000 0.333138 -0.940698
v 0.360000 0.357911 -0.932289
v 0.350354 0.368907 -0.890620
v 0.340708 0.355130 -0.857360
v 0.331061 0.341354 -0.824101
v 0.321415 0.327577 -0.790841
v 0.311769 0.232545 -0.785164
v 0.311769 0.252859 -0.778268
v 0.311769 0.273173 -0.771372
v 0.311769 0.293487 -0.764477
v 0.285415 0.303715 -0.733233
v 0.259061 0.293630 -0.708886
v 0.232708 0.283545 -0.684538
v 0.206354 0.273460 -0.660190
v 0.180000 0.195177 -0.658993
v 0.180000 0.212226 -0.653205
v 0.180000 0.229276 -0.647417
v 0.180000 0.246325 -0.641630
v 0.144000 0.259683 -0.626931
v 0.108000 0.255992 -0.618019
v 0.072000 0.252300 -0.609107
v 0.036000 0.248609 -0.600195
v -0.000000 0.181499 -0.612811
v -0.000000 0.197353 -0.607429
v -0.000000 0.213208 -0.602047
v -0.000000 0.229063 -0.596665
v -0.036000 0.248609 -0.600195
v -0.072000 0.252300 -0.609107
v -0.108000 0.255992 -0.618019
v -0.144000 0.259683 -0.626931
v -0.180000 0.195177 -0.658993
v -0.180000 0.212226 -0.653205
v -0.180000 0.229276 -0.647417
v -0.180000 0.246325 -0.641630
v -0.206354 0.273460 -0.660190
v -0.232708 0.283545 -0.684538
v -0.259061 0.293630 -0.708886
v -0.285415 0.303715 -0.733233
v -0.311769 0.232545 -0.785164
v -0.311769 0.252859 -0.778268
v -0.311769 0.273173 -0.771372
v -0.311769 0.293487 -0.764477
v -0.321415 0.327577 -0.790841
v -0.331061 0.341354 -0.824100
v -0.340708 0.355130 -0.857360
v -0.350354 0.368907 -0.890620
v -0.360000 0.283592 -0.957517
v -0.360000 0.308365 -0.949107
v -0.360000 0.333138 -0.940698
v -0.360000 0.357911 -0.932289
v -0.350354 0.396460 -0.957139
v -0.340708 0.410237 -0.990399
v -0.331061 0.424013 -1.023658
v -0.321415 0.437790 -1.056918
v -0.311769 0.334638 -1.129869
v -0.311769 0.363870 -1.119946
v -0.311769 0.393102 -1.110024
v -0.311769 0.422334 -1.100101
v -0.285415 0.461652 -1.114526
v -0.259061 0.471737 -1.138873
v -0.232708 0.481822 -1.163221
v -0.206354 0.491907 -1.187569
v -0.180000 0.372007 -1.256041
v -0.180000 0.404503 -1.245010
v -0.180000 0.437000 -1.233979
v -0.180000 0.469496 -1.222947
v -0.036000 0.516758 -1.247564
v -0.072000 0.513067 -1.238652
v -0.108000 0.509375 -1.229740
v -0.144000 0.505684 -1.220828
v -0.000000 0.552360 -1.240740
v -0.000000 0.584270 -1.225003
v -0.000000 0.616180 -1.209267
v -0.000000 0.648090 -1.193531
v 0.036000 0.675177 -1.169441
v 0.072000 0.670354 -1.161087
v 0.108000 0.665531 -1.152733
v 0.144000 0.660707 -1.144379
v 0.180000 0.532771 -1.196738
v 0.180000 0.563549 -1.181560
v 0.180000 0.594328 -1.166382
v 0.180000 0.625106 -1.151204
v 0.206354 0.642707 -1.113202
v 0.232708 0.629530 -1.090379
v 0.259061 0.616354 -1.067556
v 0.285415 0.603177 -1.044733
v 0.311769 0.479253 -1.076524
v 0.311769 0.506940 -1.062871
v 0.311769 0.534626 -1.049217
v 0.311769 0.562313 -1.035564
v 0.321415 0.572000 -0.990733
v 0.331061 0.554000 -0.959556
v 0.340708 0.536000 -0.928379
v 0.350354 0.518000 -0.897202
v 0.360000 0.406147 -0.912309
v 0.360000 0.429610 -0.900738
v 0.360000 0.453073 -0.889167
v 0.360000 0.476537 -0.877596
v 0.350354 0.482000 -0.834849
v 0.340708 0.464000 -0.803672
v 0.331061 0.446000 -0.772495
v 0.321415 0.428000 -0.741318
v 0.311769 0.333040 -0.748093
v 0.311769 0.352280 -0.738605
v 0.311769 0.371520 -0.729117
v 0.311769 0.390760 -0.719629
v 0.285415 0.396823 -0.687318
v 0.259061 0.383646 -0.664495
v 0.232708 0.370469 -0.641672
v 0.206354 0.357292 -0.618849
v 0.180000 0.279523 -0.627879
v 0.180000 0.295671 -0.619916
v 0.180000 0.311819 -0.611952
v 0.180000 0.327967 -0.603989
v 0.144000 0.339292 -0.587672
v 0.108000 0.334469 -0.579318
v 0.072000 0.329646 -0.570964
v 0.036000 0.324823 -0.562610
v -0.000000 0.259934 -0.583878
v -0.000000 0.274950 -0.576472
v -0.000000 0.289967 -0.569067
v -0.000000 0.304983 -0.561662
v -0.036000 0.324823 -0.562610
v -0.072000 0.329646 -0.570964
v -0.108000 0.334469 -0.579318
v -0.144000 0.339292 -0.587672
v -0.180000 0.279523 -0.627879
v -0.180000 0.295671 -0.619916
v -0.180000 0.311819 -0.611952
v -0.180000 0.327967 -0.603989
v -0.206354 0.357292 -0.618849
v -0.232708 0.370469 -0.641672
v -0.259061 0.383646 -0.664495
v -0.285415 0.396823 -0.687318
v -0.311769 0.333040 -0.748093
v -0.311769 0.352280 -0.738605
v -0.311769 0.371520 -0.729117
v -0.311769 0.390760 -0.719629
v -0.321415 0.428000 -0.741318
v -0.331061 0.446000 -0.772495
v -0.340708 0.464000 -0.803672
v -0.350354 0.482000 -0.834849
v -0.360000 0.406147 -0.912309
v -0.360000 0.429610 -0.900738
v -0.360000 0.453073 -0.889167
v -0.360000 0.476537 -0.877596
v -0.350354 0.518000 -0.897202
v -0.340708 0.536000 -0.928379
v -0.331061 0.554000 -0.959556
v -0.321415 0.572000 -0.990733
v -0.311769 0.479253 -1.076524
v -0.311769 0.506940 -1.062871
v -0.311769 0.534626 -1.049217
v -0.311769 0.562313 -1.035564
v -0.285415 0.603177 -1.044733
v -0.259061 0.616354 -1.067556
v -0.232708 0.629531 -1.090379
v -0.206354 0.642707 -1.113202
v -0.180000 0.532771 -1.196738
v -0.180000 0.563549 -1.181560
v -0.180000 0.594328 -1.166382
v -0.180000 0.625106 -1.151204
v -0.036000 0.675177 -1.169441
v -0.072000 0.670354 -1.161087
v -0.108000 0.665531 -1.152733
v -0.144000 0.660707 -1.144379
v -0.000000 0.709583 -1.158028
v -0.000000 0.739166 -1.138261
v -0.000000 0.768749 -1.118494
v -0.000000 0.798332 -1.098727
v 0.036000 0.822043 -1.071308
v 0.072000 0.816171 -1.063655
v 0.108000 0.810299 -1.056002
v 0.144000 0.804427 -1.048349
v 0.180000 0.684418 -1.116960
v 0.180000 0.712952 -1.097894
v 0.180000 0.741486 -1.078828
v 0.180000 0.770020 -1.059762
v 0.206354 0.782511 -1.019788
v 0.232708 0.766468 -0.998881
v 0.259061 0.750425 -0.977973
v 0.285415 0.734382 -0.957065
v 0.311769 0.615668 -1.004759
v 0.311769 0.641335 -0.987609
v 0.311769 0.667003 -0.970458
v 0.311769 0.692671 -0.953308
v 0.321415 0.696423 -0.907596
v 0.331061 0.674508 -0.879035
v 0.340708 0.652592 -0.850475
v 0.350354 0.630677 -0.821914
v 0.360000 0.521752 -0.851491
v 0.360000 0.543504 -0.836957
v 0.360000 0.565257 -0.822422
v 0.360000 0.587009 -0.807888
v 0.350354 0.586846 -0.764793
v 0.340708 0.564931 -0.736232
v 0.331061 0.543015 -0.707671
v 0.321415 0.521100 -0.679111
v 0.311769 0.427837 -0.698223
v 0.311769 0.445674 -0.686304
v 0.311769 0.463511 -0.674386
v 0.311769 0.481348 -0.662468
v 0.285415 0.483141 -0.629642
v 0.259061 0.467098 -0.608734
v 0.232708 0.451055 -0.587826
v 0.206354 0.435012 -0.566918
v 0.180000 0.359086 -0.586022
v 0.180000 0.374057 -0.576019
v 0.180000 0.389027 -0.566016
v 0.180000 0.403998 -0.556013
v 0.144000 0.413096 -0.538357
v 0.108000 0.407224 -0.530705
v 0.072000 0.401352 -0.523052
v 0.036000 0.395480 -0.515399
v -0.000000 0.333921 -0.544954
v -0.000000 0.347843 -0.535652
v -0.000000 0.361764 -0.526350
v -0.000000 0.375686 -0.517048
v -0.036000 0.395480 -0.515399
v -0.072000 0.401352 -0.523052
v -0.108000 0.407224 -0.530705
v -0.144000 0.413096 -0.538357
v -0.180000 0.359086 -0.586022
v -0.180000 0.374057 -0.576019
v -0.180000 0.389027 -0.566016
v -0.180000 0.403998 -0.556013
v -0.206354 0.435012 -0.566918
v -0.232708 0.451055 -0.587826
v -0.259061 0.467098 -0.608734
v -0.285415 0.483141 -0.629642
v -0.311769 0.427837 -0.698223
v -0.311769 0.445674 -0.686304
v -0.311769 0.463511 -0.674386
v -0.311769 0.481347 -0.662468
v -0.321415 0.521100 -0.679110
v -0.331061 0.543015 -0.707671
v -0.340708 0.564931 -0.736232
v -0.350354 0.586846 -0.764793
v -0.360000 0.521752 -0.851491
v -0.360000 0.543504 -0.836957
v -0.360000 0.565257 -0.822422
v -0.360000 0.587009 -0.807888
v -0.350354 0.630677 -0.821914
v -0.340708 0.652592 -0.850475
v -0.331061 0.674508 -0.879035
v -0.321415 0.696423 -0.907596
v -0.311769 0.615668 -1.004759
v -0.311769 0.641335 -0.987609
v -0.311769 0.667003 -0.970458
v -0.311769 0.692671 -0.953308
v -0.285415 0.734382 -0.957065
v -0.259061 0.750425 -0.977973
v -0.232708 0.766468 -0.998881
v -0.206354 0.782511 -1.019788
v -0.180000 0.684418 -1.116960
v -0.180000 0.712952 -1.097894
v -0.180000 0.741486 -1.078828
v -0.180000 0.770020 -1.059762
v -0.036000 0.822043 -1.071308
v -0.072000 0.816171 -1.063655
v -0.108000 0.810299 -1.056002
v -0.144000 0.804427 -1.048349
v -0.000000 0.854665 -1.055501
v -0.000000 0.881415 -1.032042
v -0.000000 0.908165 -1.008583
v -0.000000 0.934915 -0.985124
v 0.036000 0.954845 -0.954844
v 0.072000 0.948024 -0.948023
v 0.108000 0.941203 -0.941202
v 0.144000 0.934382 -0.934381
v 0.180000 0.824356 -1.018069
v 0.180000 0.850157 -0.995442
v 0.180000 0.875958 -0.972815
v 0.180000 0.901760 -0.950188
v 0.206354 0.908926 -0.908926
v 0.232708 0.890291 -0.890291
v 0.259061 0.871656 -0.871656
v 0.285415 0.853021 -0.853021
v 0.311769 0.741548 -0.915803
v 0.311769 0.764758 -0.895448
v 0.311769 0.787967 -0.875094
v 0.311769 0.811177 -0.854740
v 0.321415 0.808930 -0.808930
v 0.331061 0.783475 -0.783474
v 0.340708 0.758019 -0.758018
v 0.350354 0.732563 -0.732562
v 0.360000 0.628431 -0.776104
v 0.360000 0.648100 -0.758855
v 0.360000 0.667769 -0.741605
v 0.360000 0.687438 -0.724356
v 0.350354 0.681651 -0.681651
v 0.340707 0.656195 -0.656195
v 0.331061 0.630739 -0.630739
v 0.321415 0.605284 -0.605283
v 0.311769 0.515313 -0.636405
v 0.311769 0.531442 -0.622261
v 0.311769 0.547570 -0.608116
v 0.311769 0.563699 -0.593972
v 0.285415 0.561193 -0.561192
v 0.259061 0.542558 -0.542557
v 0.232708 0.523923 -0.523923
v 0.206354 0.505288 -0.505288
v 0.180000 0.432505 -0.534139
v 0.180000 0.446042 -0.522267
v 0.180000 0.459579 -0.510396
v 0.180000 0.473116 -0.498524
v 0.144000 0.479832 -0.479832
v 0.108000 0.473011 -0.473011
v 0.072000 0.466190 -0.466190
v 0.036000 0.459369 -0.459369
v -0.000000 0.402196 -0.496707
v -0.000000 0.414784 -0.485667
v -0.000000 0.427372 -0.474627
v -0.000000 0.439960 -0.463588
v -0.036000 0.459369 -0.459369
v -0.072000 0.466190 -0.466190
v -0.108000 0.473011 -0.473011
v -0.144000 0.479832 -0.479832
v -0.180000 0.432505 -0.534139
v -0.180000 0.446042 -0.522267
v -0.180000 0.459579 -0.510396
v -0.180000 0.473116 -0.498524
v -0.206354 0.505288 -0.505288
v -0.232708 0.523923 -0.523923
v -0.259061 0.542558 -0.542558
v -0.285415 0.561193 -0.561193
v -0.311769 0.515313 -0.636405
v -0.311769 0.531442 -0.622261
v -0.311769 0.547570 -0.608116
v -0.311769 0.563699 -0.593972
v -0.321415 0.605284 -0.605283
v -0.331061 0.630739 -0.630739
v -0.340708 0.656195 -0.656195
v -0.350354 0.681651 -0.681651
v -0.360000 0.628431 -0.776104
v -0.360000 0.648100 -0.758855
v -0.360000 0.667769 -0.741605
v -0.360000 0.687438 -0.724356
v -0.350354 0.732563 -0.732562
v -0.340708 0.758019 -0.758018
v -0.331061 0.783474 -0.783474
v -0.321415 0.808930 -0.808930
v -0.311769 0.741548 -0.915803
v -0.311769 0.764758 -0.895448
v -0.311769 0.787967 -0.875094
v -0.311769 0.811177 -0.854740
v -0.285415 0.853021 -0.853021
v -0.259061 0.871656 -0.871656
v -0.232708 0.890291 -0.890291
v -0.206354 0.908926 -0.908926
v -0.180000 0.824356 -1.018069
v -0.180000 0.850157 -0.995442
v -0.180000 0.875958 -0.972815
v -0.180000 0.901760 -0.950188
v -0.036000 0.954845 -0.954844
v -0.072000 0.948024 -0.948023
v -0.108000 0.941203 -0.941202
v -0.144000 0.934382 -0.934381
v -0.000000 0.985124 -0.934915
v -0.000000 1.008583 -0.908165
v -0.000000 1.032042 -0.881415
v -0.000000 1.055501 -0.854665
v 0.036000 1.071308 -0.822043
v 0.072000 1.063655 -0.816171
v 0.108000 1.056002 -0.810299
v 0.144000 1.048349 -0.804427
v 0.180000 0.950188 -0.901759
v 0.180000 0.972815 -0.875958
v 0.180000 0.995442 -0.850157
v 0.180000 1.018069 -0.824356
v 0.206354 1.019788 -0.782511
v 0.232708 0.998881 -0.766468
v 0.259061 0.977973 -0.750425
v 0.285415 0.957065 -0.734382
v 0.311769 0.854740 -0.811176
v 0.311769 0.875094 -0.787967
v 0.311769 0.895449 -0.764757
v 0.311769 0.915803 -0.741548
v 0.321415 0.907596 -0.696423
v 0.331061 0.879035 -0.674508
v 0.340708 0.850475 -0.652592
v 0.350354 0.821914 -0.630677
v 0.360000 0.724356 -0.687438
v 0.360000 0.741606 -0.667768
v 0.360000 0.758855 -0.648099
v 0.360000 0.776104 -0.628430
v 0.350354 0.764793 -0.586846
v 0.340707 0.736232 -0.564931
v 0.331061 0.707671 -0.543015
v 0.321415 0.679111 -0.521100
v 0.311769 0.593972 -0.563699
v 0.311769 0.608117 -0.547570
v 0.311769 0.622261 -0.531442
v 0.311769 0.636405 -0.515313
v 0.285415 0.629642 -0.483141
v 0.259061 0.608734 -0.467098
v 0.232708 0.587826 -0.451055
v 0.206354 0.566918 -0.435012
v 0.180000 0.498524 -0.473116
v 0.180000 0.510396 -0.459579
v 0.180000 0.522267 -0.446042
v 0.180000 0.534139 -0.432505
v 0.144000 0.538357 -0.413096
v 0.108000 0.530705 -0.407224
v 0.072000 0.523052 -0.401352
v 0.036000 0.515399 -0.395480
v -0.000000 0.463588 -0.439960
v -0.000000 0.474628 -0.427372
v -0.000000 0.485667 -0.414784
v -0.000000 0.496707 -0.402196
v -0.036000 0.515399 -0.395480
v -0.072000 0.523052 -0.401352
v -0.108000 0.530705 -0.407224
v -0.144000 0.538357 -0.413096
v -0.180000 0.498524 -0.473116
v -0.180000 0.510396 -0.459579
v -0.180000 0.522267 -0.446042
v -0.180000 0.534139 -0.432505
v -0.206354 0.566918 -0.435012
v -0.232708 0.587826 -0.451055
v -0.259061 0.608734 -0.467098
v -0.285415 0.629642 -0.483141
v -0.311769 0.593972 -0.563699
v -0.311769 0.608117 -0.547570
v -0.311769 0.622261 -0.531442
v -0.311769 0.636405 -0.515313
v -0.321415 0.679110 -0.521100
v -0.331061 0.707671 -0.543015
v -0.340708 0.736232 -0.564931
v -0.350354 0.764793 -0.586846
v -0.360000 0.724356 -0.687438
v -0.360000 0.741606 -0.667768
v -0.360000 0.758855 -0.648099
v -0.360000 0.776104 -0.628430
v -0.350354 0.821914 -0.630677
v -0.340708 0.850475 -0.652592
v -0.331061 0.879035 -0.674508
v -0.321415 0.907596 -0.696423
v -0.311769 0.854740 -0.811176
v -0.311769 0.875094 -0.787967
v -0.311769 0.895449 -0.764757
v -0.311769 0.915803 -0.741548
v -0.285415 0.957065 -0.734382
v -0.259061 0.977973 -0.750425
v -0.232708 0.998881 -0.766468
v -0.206354 1.019788 -0.782511
v -0.180000 0.950188 -0.901759
v -0.180000 0.972815 -0.875958
v -0.180000 0.995442 -0.850157
v -0.180000 1.018069 -0.824356
v -0.036000 1.071308 -0.822043
v -0.072000 1.063655 -0.816171
v -0.108000 1.056002 -0.810299
v -0.144000 1.048349 -0.804427
v -0.000000 1.098727 -0.798332
v -0.000000 1.118494 -0.768749
v -0.000000 1.138261 -0.739166
v -0.000000 1.158027 -0.709583
v 0.036000 1.169440 -0.675177
v 0.072000 1.161087 -0.670354
v 0.108000 1.152733 -0.665531
v 0.144000 1.144379 -0.660708
v 0.180000 1.059762 -0.770020
v 0.180000 1.078828 -0.741487
v 0.180000 1.097893 -0.712953
v 0.180000 1.116959 -0.684419
v 0.206354 1.113202 -0.642708
v 0.232708 1.090379 -0.629531
v 0.259061 1.067556 -0.616354
v 0.285415 1.044733 -0.603177
v 0.311769 0.953307 -0.692671
v 0.311769 0.970458 -0.667003
v 0.311769 0.987609 -0.641336
v 0.311769 1.004759 -0.615668
v 0.321415 0.990733 -0.572000
v 0.331061 0.959556 -0.554000
v 0.340708 0.928379 -0.536000
v 0.350354 0.897202 -0.518000
v 0.360000 0.807888 -0.587009
v 0.360000 0.822422 -0.565257
v 0.360000 0.836957 -0.543505
v 0.360000 0.851491 -0.521752
v 0.350354 0.834848 -0.482000
v 0.340707 0.803671 -0.464000
v 0.331061 0.772495 -0.446000
v 0.321415 0.741318 -0.428000
v 0.311769 0.662468 -0.481348
v 0.311769 0.674386 -0.463511
v 0.311769 0.686304 -0.445674
v 0.311769 0.698223 -0.427837
v 0.285415 0.687318 -0.396823
v 0.259061 0.664495 -0.383646
v 0.232708 0.641672 -0.370469
v 0.206354 0.618848 -0.357293
v 0.180000 0.556013 -0.403998
v 0.180000 0.566016 -0.389027
v 0.180000 0.576019 -0.374057
v 0.180000 0.586022 -0.359086
v 0.144000 0.587672 -0.339293
v 0.108000 0.579318 -0.334469
v 0.072000 0.570964 -0.329646
v 0.036000 0.562610 -0.324823
v -0.000000 0.517048 -0.375686
v -0.000000 0.526350 -0.361764
v -0.000000 0.535652 -0.347843
v -0.000000 0.544954 -0.333922
v -0.036000 0.562610 -0.324823
v -0.072000 0.570964 -0.329646
v -0.108000 0.579318 -0.334469
v -0.144000 0.587672 -0.339293
v -0.180000 0.556013 -0.403998
v -0.180000 0.566016 -0.389027
v -0.180000 0.576019 -0.374057
v -0.180000 0.586022 -0.359086
v -0.206354 0.618849 -0.357293
v -0.232708 0.641672 -0.370469
v -0.259061 0.664495 -0.383646
v -0.285415 0.687318 -0.396823
v -0.311769 0.662468 -0.481348
v -0.311769 0.674386 -0.463511
v -0.311769 0.686304 -0.445674
v -0.311769 0.698223 -0.427837
v -0.321415 0.741318 -0.428000
v -0.331061 0.772495 -0.446000
v -0.340708 0.803671 -0.464000
v -0.350354 0.834848 -0.482000
v -0.360000 0.807888 -0.587009
v -0.360000 0.822422 -0.565257
v -0.360000 0.836957 -0.543505
v -0.360000 0.851491 -0.521752
v -0.350354 0.897202 -0.518000
v -0.340708 0.928379 -0.536000
v -0.331061 0.959556 -0.554000
v -0.321415 0.990733 -0.572000
v -0.311769 0.953307 -0.692671
v -0.311769 0.970458 -0.667003
v -0.311769 0.987609 -0.641336
v -0.311769 1.004759 -0.615668
v -0.285415 1.044733 -0.603177
v -0.259061 1.067556 -0.616354
v -0.232708 1.090379 -0.629531
v -0.206354 1.113202 -0.642708
v -0.180000 1.059762 -0.770020
v -0.180000 1.078828 -0.741487
v -0.180000 1.097893 -0.712953
v -0.180000 1.116959 -0.684419
v -0.036000 1.169440 -0.675177
v -0.072000 1.161087 -0.670354
v -0.108000 1.152733 -0.665531
v -0.144000 1.144379 -0.660708
v -0.000000 1.193531 -0.648090
v -0.000000 1.209267 -0.616180
v -0.000000 1.225003 -0.584270
v -0.000000 1.240740 -0.552360
v 0.036000 1.247564 -0.516758
v 0.072000 1.238652 -0.513067
v 0.108000 1.229740 -0.509375
v 0.144000 1.220828 -0.505684
v 0.180000 1.151203 -0.625106
v 0.180000 1.166382 -0.594328
v 0.180000 1.181560 -0.563549
v 0.180000 1.196738 -0.532771
v 0.206354 1.187569 -0.491907
v 0.232708 1.163221 -0.481822
v 0.259061 1.138873 -0.471737
v 0.285415 1.114526 -0.461652
v 0.311769 1.035563 -0.562313
v 0.311769 1.049217 -0.534627
v 0.311769 1.062871 -0.506940
v 0.311769 1.076524 -0.479253
v 0.321415 1.056918 -0.437790
v 0.331061 1.023659 -0.424013
v 0.340707 0.990399 -0.410237
v 0.350354 0.957139 -0.396460
v 0.360000 0.877596 -0.476537
v 0.360000 0.889167 -0.453074
v 0.360000 0.900738 -0.429610
v 0.360000 0.912309 -0.406147
v 0.350354 0.890620 -0.368907
v 0.340707 0.857360 -0.355130
v 0.331061 0.824101 -0.341354
v 0.321415 0.790841 -0.327577
v 0.311769 0.719629 -0.390760
v 0.311769 0.729117 -0.371520
v 0.311769 0.738605 -0.352280
v 0.311769 0.748093 -0.333040
v 0.285415 0.733233 -0.303715
v 0.259061 0.708886 -0.293630
v 0.232708 0.684538 -0.283545
v 0.206354 0.660190 -0.273460
v 0.180000 0.603989 -0.327967
v 0.180000 0.611952 -0.311819
v 0.180000 0.619916 -0.295671
v 0.180000 0.627879 -0.279523
v 0.144000 0.626931 -0.259683
v 0.108000 0.618019 -0.255992
v 0.072000 0.609107 -0.252300
v 0.036000 0.600195 -0.248609
v -0.000000 0.561662 -0.304984
v -0.000000 0.569067 -0.289967
v -0.000000 0.576472 -0.274951
v -0.000000 0.583878 -0.259934
v -0.036000 0.600195 -0.248609
v -0.072000 0.609107 -0.252300
v -0.108000 0.618019 -0.255992
v -0.144000 0.626931 -0.259683
v -0.180000 0.603989 -0.327967
v -0.180000 0.611952 -0.311819
v -0.180000 0.619916 -0.295671
v -0.180000 0.627879 -0.279523
v -0.206354 0.660190 -0.273460
v -0.232708 0.684538 -0.283545
v -0.259061 0.708886 -0.293630
v -0.285415 0.733233 -0.303715
v -0.311769 0.719629 -0.390760
v -0.311769 0.729117 -0.371520
v -0.311769 0.738605 -0.352280
v -0.311769 0.748093 -0.333040
v -0.321415 0.790841 -0.327577
v -0.331061 0.824100 -0.341354
v -0.340708 0.857360 -0.355130
v -0.350354 0.890620 -0.368907
v -0.360000 0.877596 -0.476537
v -0.360000 0.889167 -0.453074
v -0.360000 0.900738 -0.429610
v -0.360000 0.912309 -0.406147
v -0.350354 0.957139 -0.396460
v -0.340708 0.990399 -0.410237
v -0.331061 1.023658 -0.424013
v -0.321415 1.056918 -0.437790
v -0.311769 1.035563 -0.562313
v -0.311769 1.049217 -0.534627
v -0.311769 1.062871 -0.506940
v -0.311769 1.076524 -0.479253
v -0.285415 1.114526 -0.461652
v -0.259061 1.138873 -0.471737
v -0.232708 1.163221 -0.481822
v -0.206354 1.187569 -0.491907
v -0.180000 1.151203 -0.625106
v -0.180000 1.166382 -0.594328
v -0.180000 1.181560 -0.563549
v -0.180000 1.196738 -0.532771
v -0.036000 1.247564 -0.516758
v -0.072000 1.238652 -0.513067
v -0.108000 1.229740 -0.509375
v -0.144000 1.220828 -0.505684
v -0.000000 1.267913 -0.486758
v -0.000000 1.279349 -0.453067
v -0.000000 1.290786 -0.419376
v -0.000000 1.302222 -0.385685
v 0.036000 1.304342 -0.349497
v 0.072000 1.295024 -0.347000
v 0.108000 1.285707 -0.344504
v 0.144000 1.276389 -0.342007
v 0.180000 1.222947 -0.469496
v 0.180000 1.233979 -0.437000
v 0.180000 1.245010 -0.404503
v 0.180000 1.256041 -0.372007
v 0.206354 1.241616 -0.332690
v 0.232708 1.216160 -0.325869
v 0.259061 1.190704 -0.319048
v 0.285415 1.165248 -0.312227
v 0.311769 1.100101 -0.422334
v 0.311769 1.110024 -0.393102
v 0.311769 1.119947 -0.363870
v 0.311769 1.129869 -0.334638
v 0.321415 1.105019 -0.296089
v 0.331061 1.070246 -0.286771
v 0.340707 1.035472 -0.277454
v 0.350354 1.000699 -0.268136
v 0.360000 0.932289 -0.357911
v 0.360000 0.940698 -0.333138
v 0.360000 0.949107 -0.308365
v 0.360000 0.957517 -0.283592
v 0.350354 0.931153 -0.249501
v 0.340707 0.896379 -0.240184
v 0.331061 0.861606 -0.230866
v 0.321415 0.826833 -0.221549
v 0.311769 0.764477 -0.293487
v 0.311769 0.771372 -0.273173
v 0.311769 0.778268 -0.252859
v 0.311769 0.785164 -0.232545
v 0.285415 0.766603 -0.205411
v 0.259061 0.741148 -0.198590
v 0.232708 0.715692 -0.191769
v 0.206354 0.690236 -0.184948
v 0.180000 0.641630 -0.246325
v 0.180000 0.647418 -0.229276
v 0.180000 0.653205 -0.212226
v 0.180000 0.658993 -0.195177
v 0.144000 0.655463 -0.175631
v 0.108000 0.646145 -0.173134
v 0.072000 0.636828 -0.170637
v 0.036000 0.627510 -0.168141
v -0.000000 0.596665 -0.229063
v -0.000000 0.602047 -0.213208
v -0.000000 0.607429 -0.197353
v -0.000000 0.612811 -0.181499
v -0.036000 0.627510 -0.168141
v -0.072000 0.636828 -0.170637
v -0.108000 0.646145 -0.173134
v -0.144000 0.655463 -0.175631
v -0.180000 0.641630 -0.246325
v -0.180000 0.647418 -0.229276
v -0.180000 0.653205 -0.212226
v -0.180000 0.658993 -0.195177
v -0.206354 0.690236 -0.184948
v -0.232708 0.715692 -0.191769
v -0.259061 0.741148 -0.198590
v -0.285415 0.766603 -0.205411
v -0.311769 0.764477 -0.293487
v -0.311769 0.771372 -0.273173
v -0.311769 0.778268 -0.252859
v -0.311769 0.785164 -0.232545
v -0.321415 0.826833 -0.221549
v -0.331061 0.861606 -0.230866
v -0.340708 0.896379 -0.240184
v -0.350354 0.931153 -0.249501
v -0.360000 0.932289 -0.357911
v -0.360000 0.940698 -0.333138
v -0.360000 0.949107 -0.308365
v -0.360000 0.957517 -0.283592
v -0.350354 1.000699 -0.268136
v -0.340708 1.035473 -0.277454
v -0.331061 1.070246 -0.286771
v -0.321415 1.105019 -0.296089
v -0.311769 1.100101 -0.422334
v -0.311769 1.110024 -0.393102
v -0.311769 1.119947 -0.363870
v -0.311769 1.129869 -0.334638
v -0.285415 1.165248 -0.312227
v -0.259061 1.190704 -0.319048
v -0.232708 1.216160 -0.325869
v -0.206354 1.241616 -0.332690
v -0.180000 1.222947 -0.469496
v -0.180000 1.233979 -0.437000
v -0.180000 1.245010 -0.404503
v -0.180000 1.256041 -0.372007
v -0.036000 1.304342 -0.349497
v -0.072000 1.295024 -0.347000
v -0.108000 1.285707 -0.344504
v -0.144000 1.276389 -0.342007
v -0.000000 1.320600 -0.317098
v -0.000000 1.327541 -0.282203
v -0.000000 1.334483 -0.247307
v -0.000000 1.341424 -0.212411
v 0.036000 1.338801 -0.176257
v 0.072000 1.329237 -0.174998
v 0.108000 1.319674 -0.173739
v 0.144000 1.310110 -0.172479
v 0.180000 1.273767 -0.305853
v 0.180000 1.280462 -0.272195
v 0.180000 1.287157 -0.238536
v 0.180000 1.293852 -0.204878
v 0.206354 1.274418 -0.167781
v 0.232708 1.248290 -0.164341
v 0.259061 1.222162 -0.160901
v 0.285415 1.196033 -0.157461
v 0.311769 1.145815 -0.275129
v 0.311769 1.151837 -0.244852
v 0.311769 1.157860 -0.214575
v 0.311769 1.163882 -0.184298
v 0.321415 1.134213 -0.149322
v 0.331061 1.098521 -0.144623
v 0.340707 1.062829 -0.139924
v 0.350354 1.027137 -0.135225
v 0.360000 0.971030 -0.233160
v 0.360000 0.976133 -0.207502
v 0.360000 0.981237 -0.181843
v 0.360000 0.986341 -0.156185
v 0.350354 0.955753 -0.125827
v 0.340707 0.920061 -0.121128
v 0.331061 0.884369 -0.116429
v 0.321415 0.848677 -0.111731
v 0.311769 0.796244 -0.191192
v 0.311769 0.800429 -0.170152
v 0.311769 0.804615 -0.149112
v 0.311769 0.808800 -0.128072
v 0.285415 0.786856 -0.103592
v 0.259061 0.760728 -0.100152
v 0.232708 0.734600 -0.096712
v 0.206354 0.708471 -0.093272
v 0.180000 0.668293 -0.160468
v 0.180000 0.671805 -0.142809
v 0.180000 0.675318 -0.125150
v 0.180000 0.678830 -0.107491
v 0.144000 0.672779 -0.088573
v 0.108000 0.663216 -0.087314
v 0.072000 0.653652 -0.086055
v 0.036000 0.644089 -0.084796
v -0.000000 0.621459 -0.149223
v -0.000000 0.624726 -0.132801
v -0.000000 0.627992 -0.116380
v -0.000000 0.631258 -0.099958
v -0.036000 0.644088 -0.084796
v -0.072000 0.653652 -0.086055
v -0.108000 0.663216 -0.087314
v -0.144000 0.672779 -0.088573
v -0.180000 0.668293 -0.160468
v -0.180000 0.671805 -0.142809
v -0.180000 0.675318 -0.125150
v -0.180000 0.678830 -0.107491
v -0.206354 0.708471 -0.093272
v -0.232708 0.734600 -0.096712
v -0.259061 0.760728 -0.100152
v -0.285415 0.786856 -0.103592
v -0.311769 0.796244 -0.191192
v -0.311769 0.800429 -0.170152
v -0.311769 0.804615 -0.149112
v -0.311769 0.808800 -0.128072
v -0.321415 0.848677 -0.111731
v -0.331061 0.884369 -0.116429
v -0.340708 0.920061 -0.121128
v -0.350354 0.955753 -0.125827
v -0.360000 0.971030 -0.233160
v -0.360000 0.976133 -0.207502
v -0.360000 0.981237 -0.181843
v -0.360000 0.986341 -0.156185
v -0.350354 1.027137 -0.135225
v -0.340708 1.062829 -0.139924
v -0.331061 1.098521 -0.144623
v -0.321415 1.134213 -0.149322
v -0.311769 1.145815 -0.275129
v -0.311769 1.151837 -0.244852
v -0.311769 1.157860 -0.214575
v -0.311769 1.163882 -0.184298
v -0.285415 1.196033 -0.157461
v -0.259061 1.222162 -0.160901
v -0.232708 1.248290 -0.164341
v -0.206354 1.274418 -0.167781
v -0.180000 1.273767 -0.305853
v -0.180000 1.280462 -0.272195
v -0.180000 1.287157 -0.238536
v -0.180000 1.293852 -0.204878
v -0.036000 1.338801 -0.176257
v -0.072000 1.329237 -0.174998
v -0.108000 1.319674 -0.173739
v -0.144000 1.310110 -0.172479
v -0.000000 1.350692 -0.142013
v -0.000000 1.353019 -0.106510
v -0.000000 1.355346 -0.071006
v -0.000000 1.357673 -0.035503
v 0.036000 1.350354 -0.000000
v 0.072000 1.340708 -0.000000
v 0.108000 1.331061 -0.000000
v 0.144000 1.321415 -0.000000
v 0.180000 1.302791 -0.136976
v 0.180000 1.305036 -0.102732
v 0.180000 1.307280 -0.068488
v 0.180000 1.309525 -0.034244
v 0.206354 1.285415 -0.000000
v 0.232708 1.259061 -0.000000
v 0.259061 1.232708 -0.000000
v 0.285415 1.206354 -0.000000
v 0.311769 1.171924 -0.123217
v 0.311769 1.173943 -0.092413
v 0.311769 1.175962 -0.061608
v 0.311769 1.177981 -0.030804
v 0.321415 1.144000 -0.000000
v 0.331061 1.108000 -0.000000
v 0.340707 1.072000 -0.000000
v 0.350354 1.036000 -0.000000
v 0.360000 0.993156 -0.104421
v 0.360000 0.994867 -0.078316
v 0.360000 0.996578 -0.052211
v 0.360000 0.998289 -0.026105
v 0.350354 0.964000 -0.000000
v 0.340707 0.928000 -0.000000
v 0.331061 0.892000 -0.000000
v 0.321415 0.856000 -0.000000
v 0.311769 0.814388 -0.085625
v 0.311769 0.815791 -0.064219
v 0.311769 0.817194 -0.042813
v 0.311769 0.818597 -0.021406
v 0.285415 0.793646 -0.000000
v 0.259061 0.767292 -0.000000
v 0.232708 0.740939 -0.000000
v 0.206354 0.714585 -0.000000
v 0.180000 0.683521 -0.071866
v 0.180000 0.684698 -0.053899
v 0.180000 0.685876 -0.035933
v 0.180000 0.687053 -0.017966
v 0.144000 0.678585 -0.000000
v 0.108000 0.668939 -0.000000
v 0.072000 0.659292 -0.000000
v 0.036000 0.649646 -0.000000
v -0.000000 0.635620 -0.066829
v -0.000000 0.636715 -0.050122
v -0.000000 0.637810 -0.033415
v -0.000000 0.638905 -0.016707
v -0.036000 0.649646 -0.000000
v -0.072000 0.659292 -0.000000
v -0.108000 0.668939 -0.000000
v -0.144000 0.678585 -0.000000
v -0.180000 0.683521 -0.071866
v -0.180000 0.684698 -0.053899
v -0.180000 0.685876 -0.035933
v -0.180000 0.687053 -0.017966
v -0.206354 0.714585 -0.000000
v -0.232708 0.740939 -0.000000
v -0.259061 0.767292 -0.000000
v -0.285415 0.793646 -0.000000
v -0.311769 0.814388 -0.085625
v -0.311769 0.815791 -0.064219
v -0.311769 0.817194 -0.042813
v -0.311769 0.818597 -0.021406
v -0.321415 0.856000 -0.000000
v -0.331061 0.892000 -0.000000
v -0.340708 0.928000 -0.000000
v -0.350354 0.964000 -0.000000
v -0.360000 0.993156 -0.104421
v -0.360000 0.994867 -0.078316
v -0.360000 0.996578 -0.052211
v -0.360000 0.998289 -0.026105
v -0.350354 1.036000 -0.000000
v -0.340708 1.072000 -0.000000
v -0.331061 1.108000 -0.000000
v -0.321415 1.144000 -0.000000
v -0.311769 1.171924 -0.123217
v -0.311769 1.173943 -0.092413
v -0.311769 1.175962 -0.061608
v -0.311769 1.177981 -0.030804
v -0.285415 1.206354 -0.000000
v -0.259061 1.232708 -0.000000
v -0.232708 1.259061 -0.000000
v -0.206354 1.285415 -0.000000
v -0.180000 1.302791 -0.136976
v -0.180000 1.305036 -0.102732
v -0.180000 1.307280 -0.068488
v -0.180000 1.309525 -0.034244
v -0.036000 1.350354 -0.000000
v -0.072000 1.340708 -0.000000
v -0.108000 1.331061 -0.000000
v -0.144000 1.321415 -0.000000
v -0.144000 1.312371 -0.137984
v -0.108000 1.321951 -0.138991
v -0.072000 1.331532 -0.139998
v -0.036000 1.341112 -0.141005
v -0.144000 1.314632 -0.103488
v -0.108000 1.324229 -0.104243
v -0.072000 1.333825 -0.104999
v -0.036000 1.343422 -0.105754
v -0.144000 1.316893 -0.068992
v -0.108000 1.326506 -0.069495
v -0.072000 1.336120 -0.069999
v -0.036000 1.345733 -0.070503
v -0.144000 1.319154 -0.034496
v -0.108000 1.328784 -0.034748
v -0.072000 1.338414 -0.035000
v -0.036000 1.348043 -0.035251
v -0.285415 1.198097 -0.125969
v -0.259061 1.224271 -0.128721
v -0.232708 1.250444 -0.131473
v -0.206354 1.276618 -0.134224
v -0.285415 1.200161 -0.094477
v -0.259061 1.226380 -0.096541
v -0.232708 1.252599 -0.098604
v -0.206354 1.278817 -0.100668
v -0.285415 1.202226 -0.062984
v -0.259061 1.228489 -0.064360
v -0.232708 1.254753 -0.065736
v -0.206354 1.281016 -0.067112
v -0.285415 1.204290 -0.031492
v -0.259061 1.230598 -0.032180
v -0.232708 1.256907 -0.032868
v -0.206354 1.283216 -0.033556
v -0.350354 1.028909 -0.108180
v -0.340708 1.064663 -0.111939
v -0.331061 1.100417 -0.115699
v -0.321415 1.136170 -0.119458
v -0.350354 1.030682 -0.081135
v -0.340708 1.066497 -0.083955
v -0.331061 1.102313 -0.086774
v -0.321415 1.138128 -0.089593
v -0.350354 1.032455 -0.054090
v -0.340708 1.068331 -0.055970
v -0.331061 1.104208 -0.057849
v -0.321415 1.140085 -0.059729
v -0.350354 1.034227 -0.027045
v -0.340708 1.070166 -0.027985
v -0.331061 1.106104 -0.028925
v -0.321415 1.142043 -0.029865
v -0.321415 0.850141 -0.089384
v -0.331061 0.885895 -0.093144
v -0.340708 0.921649 -0.096903
v -0.350354 0.957402 -0.100662
v -0.321415 0.851606 -0.067038
v -0.331061 0.887421 -0.069858
v -0.340708 0.923236 -0.072677
v -0.350354 0.959052 -0.075496
v -0.321415 0.853071 -0.044692
v -0.331061 0.888948 -0.046572
v -0.340708 0.924824 -0.048451
v -0.350354 0.960701 -0.050331
v -0.321415 0.854535 -0.022346
v -0.331061 0.890474 -0.023286
v -0.340708 0.926412 -0.024226
v -0.350354 0.962351 -0.025166
v -0.206354 0.709694 -0.074618
v -0.232708 0.735868 -0.077370
v -0.259061 0.762041 -0.080121
v -0.285415 0.788214 -0.082873
v -0.206354 0.710917 -0.055963
v -0.232708 0.737135 -0.058027
v -0.259061 0.763354 -0.060091
v -0.285415 0.789572 -0.062155
v -0.206354 0.712139 -0.037309
v -0.232708 0.738403 -0.038685
v -0.259061 0.764667 -0.040061
v -0.285415 0.790930 -0.041437
v -0.206354 0.713362 -0.018654
v -0.232708 0.739671 -0.019342
v -0.259061 0.765979 -0.020030
v -0.285415 0.792288 -0.020718
v -0.036000 0.645200 -0.067837
v -0.072000 0.654780 -0.068844
v -0.108000 0.664360 -0.069851
v -0.144000 0.673940 -0.070859
v -0.036000 0.646312 -0.050878
v -0.072000 0.655908 -0.051633
v -0.108000 0.665505 -0.052388
v -0.144000 0.675102 -0.053144
v -0.036000 0.647423 -0.033918
v -0.072000 0.657036 -0.034422
v -0.108000 0.666649 -0.034926
v -0.144000 0.676263 -0.035429
v -0.036000 0.648535 -0.016959
v -0.072000 0.658164 -0.017211
v -0.108000 0.667794 -0.017463
v -0.144000 0.677424 -0.017715
v 0.144000 0.673940 -0.070859
v 0.108000 0.664360 -0.069851
v 0.072000 0.654780 -0.068844
v 0.036000 0.645200 -0.067837
v 0.144000 0.675102 -0.053144
v 0.108000 0.665505 -0.052388
v 0.072000 0.655908 -0.051633
v 0.036000 0.646312 -0.050878
v 0.144000 0.676263 -0.035429
v 0.108000 0.666649 -0.034926
v 0.072000 0.657036 -0.034422
v 0.036000 0.647423 -0.033918
v 0.144000 0.677424 -0.017715
v 0.108000 0.667794 -0.017463
v 0.072000 0.658164 -0.017211
v 0.036000 0.648535 -0.016959
v 0.285415 0.788214 -0.082873
v 0.259061 0.762041 -0.080122
v 0.232708 0.735868 -0.077370
v 0.206354 0.709694 -0.074618
v 0.285415 0.789572 -0.062155
v 0.259061 0.763354 -0.060091
v 0.232708 0.737135 -0.058027
v 0.206354 0.710917 -0.055963
v 0.285415 0.790930 -0.041437
v 0.259061 0.764667 -0.040061
v 0.232708 0.738403 -0.038685
v 0.206354 0.712139 -0.037309
v 0.285415 0.792288 -0.020718
v 0.259061 0.765980 -0.020030
v 0.232708 0.739671 -0.019342
v 0.206354 0.713362 -0.018654
v 0.350354 0.957402 -0.100662
v 0.340707 0.921649 -0.096903
v 0.331061 0.885895 -0.093144
v 0.321415 0.850141 -0.089384
v 0.350354 0.959052 -0.075496
v 0.340707 0.923236 -0.072677
v 0.331061 0.887421 -0.069858
v 0.321415 0.851606 -0.067038
v 0.350354 0.960701 -0.050331
v 0.340707 0.924824 -0.048451
v 0.331061 0.888947 -0.046572
v 0.321415 0.853071 -0.044692
v 0.350354 0.962351 -0.025166
v 0.340707 0.926412 -0.024226
v 0.331061 0.890474 -0.023286
v 0.321415 0.854535 -0.022346
v 0.321415 1.136170 -0.119458
v 0.331061 1.100417 -0.115699
v 0.340707 1.064663 -0.111939
v 0.350354 1.028909 -0.108180
v 0.321415 1.138128 -0.089593
v 0.331061 1.102312 -0.086774
v 0.340707 1.066497 -0.083955
v 0.350354 1.030682 -0.081135
v 0.321415 1.140085 -0.059729
v 0.331061 1.104208 -0.057849
v 0.340707 1.068331 -0.055970
v 0.350354 1.032455 -0.054090
v 0.321415 1.142043 -0.029865
v 0.331061 1.106104 -0.028925
v 0.340707 1.070166 -0.027985
v 0.350354 1.034227 -0.027045
v 0.206354 1.276618 -0.134224
v 0.232708 1.250444 -0.131473
v 0.259061 1.224271 -0.128721
v 0.285415 1.198097 -0.125969
v 0.206354 1.278817 -0.100668
v 0.232708 1.252599 -0.098604
v 0.259061 1.226380 -0.096541
v 0.285415 1.200161 -0.094477
v 0.206354 1.281016 -0.067112
v 0.232708 1.254753 -0.065736
v 0.259061 1.228489 -0.064360
v 0.285415 1.202226 -0.062984
v 0.206354 1.283216 -0.033556
v 0.232708 1.256907 -0.032868
v 0.259061 1.230598 -0.032180
v 0.285415 1.204290 -0.031492
v 0.036000 1.341112 -0.141005
v 0.072000 1.331532 -0.139998
v 0.108000 1.321951 -0.138991
v 0.144000 1.312371 -0.137984
v 0.036000 1.343422 -0.105754
v 0.072000 1.333826 -0.104999
v 0.108000 1.324229 -0.104243
v 0.144000 1.314632 -0.103488
v 0.036000 1.345733 -0.070503
v 0.072000 1.336120 -0.069999
v 0.108000 1.326506 -0.069495
v 0.144000 1.316893 -0.068992
v 0.036000 1.348043 -0.035251
v 0.072000 1.338413 -0.035000
v 0.108000 1.328784 -0.034748
v 0.144000 1.319154 -0.034496
v -0.144000 1.283133 -0.308102
v -0.108000 1.292500 -0.310351
v -0.072000 1.301867 -0.312600
v -0.036000 1.311234 -0.314849
v -0.144000 1.289878 -0.274196
v -0.108000 1.299294 -0.276198
v -0.072000 1.308710 -0.278199
v -0.036000 1.318125 -0.280201
v -0.144000 1.296622 -0.240291
v -0.108000 1.306087 -0.242045
v -0.072000 1.315552 -0.243799
v -0.036000 1.325017 -0.245553
v -0.144000 1.303366 -0.206385
v -0.108000 1.312881 -0.207892
v -0.072000 1.322395 -0.209398
v -0.036000 1.331909 -0.210905
v -0.285415 1.171405 -0.281274
v -0.259061 1.196995 -0.287419
v -0.232708 1.222586 -0.293563
v -0.206354 1.248176 -0.299708
v -0.285415 1.177562 -0.250321
v -0.259061 1.203287 -0.255789
v -0.232708 1.229012 -0.261258
v -0.206354 1.254737 -0.266726
v -0.285415 1.183719 -0.219367
v -0.259061 1.209579 -0.224160
v -0.232708 1.235438 -0.228952
v -0.206354 1.261297 -0.233744
v -0.285415 1.189876 -0.188414
v -0.259061 1.215870 -0.192530
v -0.232708 1.241864 -0.196646
v -0.206354 1.267858 -0.200762
v -0.350354 1.005987 -0.241554
v -0.340708 1.040944 -0.249948
v -0.331061 1.075901 -0.258342
v -0.321415 1.110858 -0.266735
v -0.350354 1.011274 -0.214972
v -0.340708 1.046415 -0.222442
v -0.331061 1.081556 -0.229912
v -0.321415 1.116697 -0.237382
v -0.350354 1.016562 -0.188390
v -0.340708 1.051886 -0.194936
v -0.331061 1.087211 -0.201482
v -0.321415 1.122535 -0.208029
v -0.350354 1.021849 -0.161808
v -0.340708 1.057358 -0.167430
v -0.331061 1.092866 -0.173053
v -0.321415 1.128374 -0.178675
v -0.321415 0.831201 -0.199585
v -0.331061 0.866158 -0.207979
v -0.340708 0.901116 -0.216373
v -0.350354 0.936073 -0.224767
v -0.321415 0.835570 -0.177622
v -0.331061 0.870711 -0.185092
v -0.340708 0.905852 -0.192562
v -0.350354 0.940993 -0.200032
v -0.321415 0.839939 -0.155658
v -0.331061 0.875264 -0.162204
v -0.340708 0.910588 -0.168751
v -0.350354 0.945913 -0.175297
v -0.321415 0.844308 -0.133694
v -0.331061 0.879816 -0.139317
v -0.340708 0.915325 -0.144940
v -0.350354 0.950833 -0.150562
v -0.206354 0.693883 -0.166613
v -0.232708 0.719473 -0.172758
v -0.259061 0.745064 -0.178902
v -0.285415 0.770654 -0.185047
v -0.206354 0.697530 -0.148278
v -0.232708 0.723255 -0.153746
v -0.259061 0.748980 -0.159215
v -0.285415 0.774705 -0.164683
v -0.206354 0.701177 -0.129943
v -0.232708 0.727037 -0.134735
v -0.259061 0.752896 -0.139527
v -0.285415 0.778755 -0.144319
v -0.206354 0.704824 -0.111607
v -0.232708 0.730818 -0.115723
v -0.259061 0.756812 -0.119839
v -0.285415 0.782806 -0.123956
v -0.036000 0.630826 -0.151472
v -0.072000 0.640193 -0.153721
v -0.108000 0.649559 -0.155970
v -0.144000 0.658926 -0.158219
v -0.036000 0.634142 -0.134803
v -0.072000 0.643557 -0.136804
v -0.108000 0.652973 -0.138806
v -0.144000 0.662389 -0.140808
v -0.036000 0.637457 -0.118134
v -0.072000 0.646922 -0.119888
v -0.108000 0.656387 -0.121642
v -0.144000 0.665853 -0.123396
v -0.036000 0.640773 -0.101465
v -0.072000 0.650287 -0.102971
v -0.108000 0.659802 -0.104478
v -0.144000 0.669316 -0.105985
v 0.144000 0.658926 -0.158219
v 0.108000 0.649559 -0.155970
v 0.072000 0.640193 -0.153721
v 0.036000 0.630826 -0.151472
v 0.144000 0.662389 -0.140808
v 0.108000 0.652973 -0.138806
v 0.072000 0.643557 -0.136804
v 0.036000 0.634142 -0.134803
v 0.144000 0.665853 -0.123396
v 0.108000 0.656388 -0.121642
v 0.072000 0.646922 -0.119888
v 0.036000 0.637457 -0.118134
v 0.144000 0.669316 -0.105985
v 0.108000 0.659802 -0.104478
v 0.072000 0.650287 -0.102971
v 0.036000 0.640773 -0.101465
v 0.285415 0.770654 -0.185047
v 0.259061 0.745064 -0.178902
v 0.232708 0.719473 -0.172758
v 0.206354 0.693883 -0.166613
v 0.285415 0.774705 -0.164683
v 0.259061 0.748980 -0.159215
v 0.232708 0.723255 -0.153746
v 0.206354 0.697530 -0.148278
v 0.285415 0.778755 -0.144319
v 0.259061 0.752896 -0.139527
v 0.232708 0.727037 -0.134735
v 0.206354 0.701177 -0.129943
v 0.285415 0.782806 -0.123956
v 0.259061 0.756812 -0.119839
v 0.232708 0.730818 -0.115723
v 0.206354 0.704824 -0.111607
v 0.350354 0.936073 -0.224767
v 0.340707 0.901116 -0.216373
v 0.331061 0.866158 -0.207979
v 0.321415 0.831201 -0.199585
v 0.350354 0.940993 -0.200032
v 0.340707 0.905852 -0.192562
v 0.331061 0.870711 -0.185092
v 0.321415 0.835570 -0.177622
v 0.350354 0.945913 -0.175297
v 0.340707 0.910588 -0.168751
v 0.331061 0.875264 -0.162204
v 0.321415 0.839939 -0.155658
v 0.350354 0.950833 -0.150562
v 0.340707 0.915324 -0.144940
v 0.331061 0.879816 -0.139317
v 0.321415 0.844308 -0.133694
v 0.321415 1.110858 -0.266736
v 0.331061 1.075901 -0.258342
v 0.340707 1.040944 -0.249948
v 0.350354 1.005987 -0.241554
v 0.321415 1.116697 -0.237382
v 0.331061 1.081556 -0.229912
v 0.340707 1.046415 -0.222442
v 0.350354 1.011274 -0.214972
v 0.321415 1.122535 -0.208029
v 0.331061 1.087211 -0.201482
v 0.340707 1.051886 -0.194936
v 0.350354 1.016562 -0.188390
v 0.321415 1.128374 -0.178675
v 0.331061 1.092866 -0.173053
v 0.340707 1.057357 -0.167430
v 0.350354 1.021849 -0.161808
v 0.206354 1.248176 -0.299708
v 0.232708 1.222586 -0.293563
v 0.259061 1.196996 -0.287419
v 0.285415 1.171405 -0.281274
v 0.206354 1.254737 -0.266726
v 0.232708 1.229012 -0.261258
v 0.259061 1.203287 -0.255789
v 0.285415 1.177562 -0.250321
v 0.206354 1.261297 -0.233744
v 0.232708 1.235438 -0.228952
v 0.259061 1.209579 -0.224160
v 0.285415 1.183719 -0.219367
v 0.206354 1.267858 -0.200762
v 0.232708 1.241864 -0.196646
v 0.259061 1.215870 -0.192530
v 0.285415 1.189876 -0.188414
v 0.036000 1.311234 -0.314849
v 0.072000 1.301867 -0.312600
v 0.108000 1.292500 -0.310351
v 0.144000 1.283133 -0.308102
v 0.036000 1.318125 -0.280201
v 0.072000 1.308709 -0.278199
v 0.108000 1.299294 -0.276198
v 0.144000 1.289878 -0.274196
v 0.036000 1.325017 -0.245553
v 0.072000 1.315552 -0.243799
v 0.108000 1.306087 -0.242045
v 0.144000 1.296622 -0.240291
v 0.036000 1.331909 -0.210905
v 0.072000 1.322395 -0.209398
v 0.108000 1.312880 -0.207892
v 0.144000 1.303366 -0.206385
v -0.144000 1.231941 -0.472948
v -0.108000 1.240934 -0.476401
v -0.072000 1.249927 -0.479853
v -0.036000 1.258920 -0.483306
v -0.144000 1.243053 -0.440213
v -0.108000 1.252127 -0.443427
v -0.072000 1.261201 -0.446640
v -0.036000 1.270275 -0.449854
v -0.144000 1.254165 -0.407478
v -0.108000 1.263320 -0.410452
v -0.072000 1.272475 -0.413427
v -0.036000 1.281631 -0.416402
v -0.144000 1.265277 -0.374743
v -0.108000 1.274513 -0.377478
v -0.072000 1.283750 -0.380214
v -0.036000 1.292986 -0.382949
v -0.285415 1.124670 -0.431767
v -0.259061 1.149240 -0.441199
v -0.232708 1.173809 -0.450631
v -0.206354 1.198378 -0.460064
v -0.285415 1.134815 -0.401882
v -0.259061 1.159606 -0.410661
v -0.232708 1.184397 -0.419441
v -0.206354 1.209188 -0.428220
v -0.285415 1.144959 -0.371997
v -0.259061 1.169972 -0.380124
v -0.232708 1.194984 -0.388250
v -0.206354 1.219997 -0.396377
v -0.285415 1.155104 -0.342112
v -0.259061 1.180338 -0.349586
v -0.232708 1.205572 -0.357060
v -0.206354 1.230806 -0.364533
v -0.350354 0.965851 -0.370795
v -0.340708 0.999414 -0.383680
v -0.331061 1.032976 -0.396565
v -0.321415 1.066538 -0.409450
v -0.350354 0.974563 -0.345131
v -0.340708 1.008428 -0.357124
v -0.331061 1.042293 -0.369117
v -0.321415 1.076159 -0.381109
v -0.350354 0.983275 -0.319466
v -0.340708 1.017443 -0.330567
v -0.331061 1.051611 -0.341668
v -0.321415 1.085779 -0.352769
v -0.350354 0.991987 -0.293801
v -0.340708 1.026458 -0.304010
v -0.331061 1.060928 -0.314220
v -0.321415 1.095399 -0.324429
v -0.321415 0.798039 -0.306371
v -0.331061 0.831602 -0.319256
v -0.340708 0.865164 -0.332141
v -0.350354 0.898726 -0.345026
v -0.321415 0.805238 -0.285166
v -0.331061 0.839103 -0.297159
v -0.340708 0.872968 -0.309152
v -0.350354 0.906833 -0.321145
v -0.321415 0.812436 -0.263960
v -0.331061 0.846604 -0.275061
v -0.340708 0.880772 -0.286162
v -0.350354 0.914939 -0.297264
v -0.321415 0.819634 -0.242755
v -0.331061 0.854105 -0.252964
v -0.340708 0.888575 -0.263173
v -0.350354 0.923046 -0.273383
v -0.206354 0.666199 -0.255757
v -0.232708 0.690769 -0.265190
v -0.259061 0.715338 -0.274622
v -0.285415 0.739908 -0.284054
v -0.206354 0.672209 -0.238055
v -0.232708 0.697000 -0.246835
v -0.259061 0.721790 -0.255614
v -0.285415 0.746581 -0.264393
v -0.206354 0.678218 -0.220353
v -0.232708 0.703230 -0.228479
v -0.259061 0.728243 -0.236606
v -0.285415 0.753255 -0.244733
v -0.206354 0.684227 -0.202650
v -0.232708 0.709461 -0.210124
v -0.259061 0.734695 -0.217598
v -0.285415 0.759929 -0.225072
v -0.036000 0.605658 -0.232515
v -0.072000 0.614651 -0.235968
v -0.108000 0.623644 -0.239420
v -0.144000 0.632637 -0.242873
v -0.036000 0.611121 -0.216422
v -0.072000 0.620195 -0.219635
v -0.108000 0.629269 -0.222849
v -0.144000 0.638343 -0.226062
v -0.036000 0.616584 -0.200328
v -0.072000 0.625739 -0.203303
v -0.108000 0.634895 -0.206277
v -0.144000 0.644050 -0.209252
v -0.036000 0.622047 -0.184234
v -0.072000 0.631283 -0.186970
v -0.108000 0.640520 -0.189706
v -0.144000 0.649756 -0.192441
v 0.144000 0.632637 -0.242873
v 0.108000 0.623644 -0.239420
v 0.072000 0.614651 -0.235968
v 0.036000 0.605658 -0.232515
v 0.144000 0.638343 -0.226062
v 0.108000 0.629269 -0.222849
v 0.072000 0.620195 -0.219635
v 0.036000 0.611121 -0.216422
v 0.144000 0.644050 -0.209252
v 0.108000 0.634894 -0.206277
v 0.072000 0.625739 -0.203303
v 0.036000 0.616584 -0.200328
v 0.144000 0.649756 -0.192441
v 0.108000 0.640520 -0.189706
v 0.072000 0.631283 -0.186970
v 0.036000 0.622047 -0.184234
v 0.285415 0.739907 -0.284054
v 0.259061 0.715338 -0.274622
v 0.232708 0.690769 -0.265190
v 0.206354 0.666199 -0.255757
v 0.285415 0.746581 -0.264393
v 0.259061 0.721790 -0.255614
v 0.232708 0.696999 -0.246835
v 0.206354 0.672209 -0.238055
v 0.285415 0.753255 -0.244733
v 0.259061 0.728243 -0.236606
v 0.232708 0.703230 -0.228479
v 0.206354 0.678218 -0.220353
v 0.285415 0.759929 -0.225072
v 0.259061 0.734695 -0.217598
v 0.232708 0.709461 -0.210124
v 0.206354 0.684227 -0.202650
v 0.350354 0.898726 -0.345026
v 0.340707 0.865164 -0.332141
v 0.331061 0.831602 -0.319256
v 0.321415 0.798039 -0.306371
v 0.350354 0.906833 -0.321145
v 0.340707 0.872968 -0.309152
v 0.331061 0.839103 -0.297159
v 0.321415 0.805238 -0.285166
v 0.350354 0.914939 -0.297264
v 0.340707 0.880772 -0.286162
v 0.331061 0.846604 -0.275061
v 0.321415 0.812436 -0.263960
v 0.350354 0.923046 -0.273383
v 0.340707 0.888575 -0.263173
v 0.331061 0.854105 -0.252964
v 0.321415 0.819634 -0.242755
v 0.321415 1.066538 -0.409450
v 0.331061 1.032976 -0.396565
v 0.340707 0.999414 -0.383680
v 0.350354 0.965851 -0.370795
v 0.321415 1.076159 -0.381109
v 0.331061 1.042294 -0.369117
v 0.340707 1.008428 -0.357124
v 0.350354 0.974563 -0.345131
v 0.321415 1.085779 -0.352769
v 0.331061 1.051611 -0.341668
v 0.340707 1.017443 -0.330567
v 0.350354 0.983275 -0.319466
v 0.321415 1.095399 -0.324429
v 0.331061 1.060928 -0.314220
v 0.340707 1.026458 -0.304010
v 0.350354 0.991987 -0.293801
v 0.206354 1.198378 -0.460064
v 0.232708 1.173809 -0.450631
v 0.259061 1.149239 -0.441199
v 0.285415 1.124670 -0.431767
v 0.206354 1.209188 -0.428220
v 0.232708 1.184397 -0.419441
v 0.259061 1.159606 -0.410661
v 0.285415 1.134815 -0.401882
v 0.206354 1.219997 -0.396377
v 0.232708 1.194984 -0.388250
v 0.259061 1.169972 -0.380124
v 0.285415 1.144959 -0.371997
v 0.206354 1.230806 -0.364533
v 0.232708 1.205572 -0.357060
v 0.259061 1.180338 -0.349586
v 0.285415 1.155104 -0.342112
v 0.036000 1.258920 -0.483306
v 0.072000 1.249927 -0.479853
v 0.108000 1.240934 -0.476401
v 0.144000 1.231941 -0.472948
v 0.036000 1.270275 -0.449854
v 0.072000 1.261201 -0.446640
v 0.108000 1.252127 -0.443427
v 0.144000 1.243053 -0.440213
v 0.036000 1.281631 -0.416401
v 0.072000 1.272475 -0.413427
v 0.108000 1.263320 -0.410452
v 0.144000 1.254165 -0.407478
v 0.036000 1.292986 -0.382949
v 0.072000 1.283750 -0.380214
v 0.108000 1.274513 -0.377478
v 0.144000 1.265277 -0.374743
v -0.144000 1.159669 -0.629703
v -0.108000 1.168134 -0.634300
v -0.072000 1.176600 -0.638897
v -0.036000 1.185065 -0.643493
v -0.144000 1.174959 -0.598698
v -0.108000 1.183536 -0.603069
v -0.072000 1.192113 -0.607439
v -0.036000 1.200690 -0.611809
v -0.144000 1.190249 -0.567693
v -0.108000 1.198937 -0.571838
v -0.072000 1.207626 -0.575982
v -0.036000 1.216315 -0.580126
v -0.144000 1.205539 -0.536689
v -0.108000 1.214339 -0.540606
v -0.072000 1.223139 -0.544524
v -0.036000 1.231939 -0.548442
v -0.285415 1.058691 -0.574872
v -0.259061 1.081819 -0.587431
v -0.232708 1.104947 -0.599989
v -0.206354 1.128075 -0.612548
v -0.285415 1.072650 -0.546567
v -0.259061 1.096083 -0.558507
v -0.232708 1.119516 -0.570447
v -0.206354 1.142949 -0.582388
v -0.285415 1.086609 -0.518262
v -0.259061 1.110346 -0.529584
v -0.232708 1.134084 -0.540906
v -0.206354 1.157822 -0.552227
v -0.285415 1.100567 -0.489957
v -0.259061 1.124610 -0.500660
v -0.232708 1.148653 -0.511364
v -0.206354 1.172695 -0.522067
v -0.350354 0.909190 -0.493692
v -0.340708 0.940783 -0.510848
v -0.331061 0.972376 -0.528003
v -0.321415 1.003970 -0.545158
v -0.350354 0.921177 -0.469384
v -0.340708 0.953187 -0.485695
v -0.331061 0.985197 -0.502005
v -0.321415 1.017207 -0.518316
v -0.350354 0.933164 -0.445076
v -0.340708 0.965591 -0.460542
v -0.331061 0.998017 -0.476008
v -0.321415 1.030444 -0.491474
v -0.350354 0.945152 -0.420768
v -0.340708 0.977995 -0.435389
v -0.331061 1.010838 -0.450011
v -0.321415 1.043681 -0.464632
v -0.321415 0.751222 -0.407916
v -0.331061 0.782816 -0.425071
v -0.340708 0.814409 -0.442226
v -0.350354 0.846003 -0.459382
v -0.321415 0.761127 -0.387831
v -0.331061 0.793137 -0.404142
v -0.340708 0.825147 -0.420452
v -0.350354 0.857157 -0.436763
v -0.321415 0.771032 -0.367746
v -0.331061 0.803458 -0.383212
v -0.340708 0.835885 -0.398678
v -0.350354 0.868311 -0.414144
v -0.321415 0.780936 -0.347662
v -0.331061 0.813779 -0.362283
v -0.340708 0.846622 -0.376904
v -0.350354 0.879466 -0.391526
v -0.206354 0.627117 -0.340526
v -0.232708 0.650245 -0.353085
v -0.259061 0.673373 -0.365643
v -0.285415 0.696501 -0.378202
v -0.206354 0.635385 -0.323759
v -0.232708 0.658818 -0.335700
v -0.259061 0.682251 -0.347640
v -0.285415 0.705684 -0.359580
v -0.206354 0.643654 -0.306993
v -0.232708 0.667391 -0.318315
v -0.259061 0.691129 -0.329637
v -0.285415 0.714867 -0.340959
v -0.206354 0.651922 -0.290226
v -0.232708 0.675965 -0.300930
v -0.259061 0.700007 -0.311633
v -0.285415 0.724050 -0.322337
v -0.036000 0.570127 -0.309580
v -0.072000 0.578593 -0.314177
v -0.108000 0.587058 -0.318774
v -0.144000 0.595523 -0.323371
v -0.036000 0.577644 -0.294338
v -0.072000 0.586221 -0.298708
v -0.108000 0.594798 -0.303078
v -0.144000 0.603375 -0.307449
v -0.036000 0.585161 -0.279095
v -0.072000 0.593850 -0.283239
v -0.108000 0.602538 -0.287383
v -0.144000 0.611227 -0.291527
v -0.036000 0.592678 -0.263852
v -0.072000 0.601478 -0.267770
v -0.108000 0.610278 -0.271687
v -0.144000 0.619079 -0.275605
v 0.144000 0.595523 -0.323371
v 0.108000 0.587058 -0.318774
v 0.072000 0.578592 -0.314177
v 0.036000 0.570127 -0.309580
v 0.144000 0.603375 -0.307449
v 0.108000 0.594798 -0.303078
v 0.072000 0.586221 -0.298708
v 0.036000 0.577644 -0.294338
v 0.144000 0.611227 -0.291527
v 0.108000 0.602538 -0.287383
v 0.072000 0.593850 -0.283239
v 0.036000 0.585161 -0.279095
v 0.144000 0.619079 -0.275605
v 0.108000 0.610278 -0.271687
v 0.072000 0.601478 -0.267770
v 0.036000 0.592678 -0.263852
v 0.285415 0.696501 -0.378202
v 0.259061 0.673373 -0.365643
v 0.232708 0.650245 -0.353085
v 0.206354 0.627117 -0.340526
v 0.285415 0.705684 -0.359580
v 0.259061 0.682251 -0.347640
v 0.232708 0.658818 -0.335700
v 0.206354 0.635385 -0.323759
v 0.285415 0.714867 -0.340959
v 0.259061 0.691129 -0.329637
v 0.232708 0.667391 -0.318315
v 0.206354 0.643654 -0.306993
v 0.285415 0.724050 -0.322337
v 0.259061 0.700007 -0.311633
v 0.232708 0.675965 -0.300930
v 0.206354 0.651922 -0.290226
v 0.350354 0.846003 -0.459382
v 0.340707 0.814409 -0.442226
v 0.331061 0.782816 -0.425071
v 0.321415 0.751222 -0.407916
v 0.350354 0.857157 -0.436763
v 0.340707 0.825147 -0.420452
v 0.331061 0.793137 -0.404142
v 0.321415 0.761127 -0.387831
v 0.350354 0.868311 -0.414144
v 0.340707 0.835885 -0.398678
v 0.331061 0.803458 -0.383212
v 0.321415 0.771032 -0.367746
v 0.350354 0.879466 -0.391526
v 0.340707 0.846622 -0.376904
v 0.331061 0.813779 -0.362283
v 0.321415 0.780936 -0.347662
v 0.321415 1.003970 -0.545158
v 0.331061 0.972376 -0.528003
v 0.340708 0.940783 -0.510848
v 0.350354 0.909190 -0.493692
v 0.321415 1.017207 -0.518316
v 0.331061 0.985197 -0.502005
v 0.340708 0.953187 -0.485695
v 0.350354 0.921177 -0.469384
v 0.321415 1.030444 -0.491474
v 0.331061 0.998017 -0.476008
v 0.340708 0.965591 -0.460542
v 0.350354 0.933164 -0.445076
v 0.321415 1.043681 -0.464632
v 0.331061 1.010838 -0.450011
v 0.340708 0.977995 -0.435389
v 0.350354 0.945152 -0.420768
v 0.206354 1.128075 -0.612548
v 0.232708 1.104947 -0.599989
v 0.259061 1.081819 -0.587431
v 0.285415 1.058691 -0.574872
v 0.206354 1.142949 -0.582388
v 0.232708 1.119516 -0.570447
v 0.259061 1.096083 -0.558507
v 0.285415 1.072650 -0.546567
v 0.206354 1.157822 -0.552227
v 0.232708 1.134084 -0.540906
v 0.259061 1.110346 -0.529584
v 0.285415 1.086608 -0.518262
v 0.206354 1.172695 -0.522067
v 0.232708 1.148653 -0.511364
v 0.259061 1.124610 -0.500660
v 0.285415 1.100567 -0.489957
v 0.036000 1.185065 -0.643493
v 0.072000 1.176600 -0.638897
v 0.108000 1.168134 -0.634300
v 0.144000 1.159669 -0.629703
v 0.036000 1.200690 -0.611809
v 0.072000 1.192113 -0.607439
v 0.108000 1.183536 -0.603069
v 0.144000 1.174959 -0.598698
v 0.036000 1.216315 -0.580126
v 0.072000 1.207626 -0.575982
v 0.108000 1.198937 -0.571838
v 0.144000 1.190248 -0.567693
v 0.036000 1.231939 -0.548442
v 0.072000 1.223139 -0.544524
v 0.108000 1.214339 -0.540606
v 0.144000 1.205539 -0.536689
v -0.144000 1.067555 -0.775683
v -0.108000 1.075348 -0.781345
v -0.072000 1.083141 -0.787008
v -0.036000 1.090934 -0.792670
v -0.144000 1.086761 -0.746939
v -0.108000 1.094694 -0.752392
v -0.072000 1.102628 -0.757844
v -0.036000 1.110561 -0.763297
v -0.144000 1.105967 -0.718195
v -0.108000 1.114040 -0.723438
v -0.072000 1.122114 -0.728681
v -0.036000 1.130187 -0.733924
v -0.144000 1.125173 -0.689452
v -0.108000 1.133387 -0.694484
v -0.072000 1.141600 -0.699517
v -0.036000 1.149814 -0.704550
v -0.285415 0.974598 -0.708141
v -0.259061 0.995889 -0.723611
v -0.232708 1.017180 -0.739081
v -0.206354 1.038471 -0.754550
v -0.285415 0.992132 -0.681900
v -0.259061 1.013806 -0.696797
v -0.232708 1.035480 -0.711693
v -0.206354 1.057154 -0.726590
v -0.285415 1.009666 -0.655659
v -0.259061 1.031723 -0.669982
v -0.232708 1.053779 -0.684306
v -0.206354 1.075836 -0.698629
v -0.285415 1.027199 -0.629418
v -0.259061 1.049639 -0.643168
v -0.232708 1.072079 -0.656918
v -0.206354 1.094519 -0.670668
v -0.350354 0.836972 -0.608142
v -0.340708 0.866056 -0.629274
v -0.331061 0.895140 -0.650406
v -0.321415 0.924224 -0.671538
v -0.350354 0.852029 -0.585606
v -0.340708 0.881637 -0.605955
v -0.331061 0.911244 -0.626305
v -0.321415 0.940851 -0.646654
v -0.350354 0.867087 -0.563071
v -0.340708 0.897217 -0.582637
v -0.331061 0.927348 -0.602203
v -0.321415 0.957478 -0.621769
v -0.350354 0.882145 -0.540536
v -0.340708 0.912798 -0.559319
v -0.331061 0.943452 -0.578102
v -0.321415 0.974105 -0.596885
v -0.321415 0.691552 -0.502480
v -0.331061 0.720636 -0.523612
v -0.340708 0.749720 -0.544745
v -0.350354 0.778804 -0.565877
v -0.321415 0.703993 -0.483860
v -0.331061 0.733600 -0.504209
v -0.340708 0.763208 -0.524558
v -0.350354 0.792815 -0.544908
v -0.321415 0.716435 -0.465240
v -0.331061 0.746565 -0.484806
v -0.340708 0.776696 -0.504372
v -0.350354 0.806826 -0.523939
v -0.321415 0.728876 -0.446620
v -0.331061 0.759530 -0.465403
v -0.340708 0.790183 -0.484186
v -0.350354 0.820837 -0.502969
v -0.206354 0.577304 -0.419468
v -0.232708 0.598595 -0.434938
v -0.259061 0.619886 -0.450408
v -0.285415 0.641177 -0.465878
v -0.206354 0.587690 -0.403924
v -0.232708 0.609364 -0.418821
v -0.259061 0.631038 -0.433717
v -0.285415 0.652712 -0.448614
v -0.206354 0.598076 -0.388380
v -0.232708 0.620133 -0.402704
v -0.259061 0.642190 -0.417027
v -0.285415 0.664247 -0.431350
v -0.206354 0.608462 -0.372836
v -0.232708 0.630902 -0.386587
v -0.259061 0.653342 -0.400337
v -0.285415 0.675782 -0.414087
v -0.036000 0.524841 -0.381348
v -0.072000 0.532634 -0.387011
v -0.108000 0.540427 -0.392673
v -0.144000 0.548220 -0.398335
v -0.036000 0.534283 -0.367217
v -0.072000 0.542217 -0.372670
v -0.108000 0.550150 -0.378122
v -0.144000 0.558083 -0.383575
v -0.036000 0.543726 -0.353086
v -0.072000 0.551799 -0.358329
v -0.108000 0.559873 -0.363571
v -0.144000 0.567946 -0.368814
v -0.036000 0.553168 -0.338955
v -0.072000 0.561382 -0.343987
v -0.108000 0.569595 -0.349020
v -0.144000 0.577809 -0.354053
v 0.144000 0.548220 -0.398335
v 0.108000 0.540427 -0.392673
v 0.072000 0.532634 -0.387011
v 0.036000 0.524841 -0.381348
v 0.144000 0.558083 -0.383575
v 0.108000 0.550150 -0.378122
v 0.072000 0.542217 -0.372670
v 0.036000 0.534284 -0.367217
v 0.144000 0.567946 -0.368814
v 0.108000 0.559873 -0.363571
v 0.072000 0.551799 -0.358329
v 0.036000 0.543726 -0.353086
v 0.144000 0.577809 -0.354053
v 0.108000 0.569595 -0.349020
v 0.072000 0.561382 -0.343987
v 0.036000 0.553168 -0.338955
v 0.285415 0.641177 -0.465878
v 0.259061 0.619886 -0.450408
v 0.232708 0.598595 -0.434938
v 0.206354 0.577304 -0.419468
v 0.285415 0.652712 -0.448614
v 0.259061 0.631038 -0.433717
v 0.232708 0.609364 -0.418821
v 0.206354 0.587690 -0.403924
v 0.285415 0.664247 -0.431350
v 0.259061 0.642190 -0.417027
v 0.232708 0.620133 -0.402704
v 0.206354 0.598076 -0.388380
v 0.285415 0.675783 -0.414087
v 0.259061 0.653342 -0.400337
v 0.232708 0.630902 -0.386587
v 0.206354 0.608462 -0.372836
v 0.350354 0.778804 -0.565877
v 0.340707 0.749720 -0.544744
v 0.331061 0.720636 -0.523612
v 0.321415 0.691552 -0.502480
v 0.350354 0.792815 -0.544908
v 0.340707 0.763208 -0.524558
v 0.331061 0.733601 -0.504209
v 0.321415 0.703993 -0.483860
v 0.350354 0.806826 -0.523939
v 0.340707 0.776696 -0.504372
v 0.331061 0.746565 -0.484806
v 0.321415 0.716435 -0.465240
v 0.350354 0.820837 -0.502969
v 0.340707 0.790184 -0.484186
v 0.331061 0.759530 -0.465403
v 0.321415 0.728876 -0.446620
v 0.321415 0.924223 -0.671538
v 0.331061 0.895140 -0.650406
v 0.340708 0.866056 -0.629274
v 0.350354 0.836972 -0.608142
v 0.321415 0.940851 -0.646654
v 0.331061 0.911244 -0.626305
v 0.340708 0.881637 -0.605955
v 0.350354 0.852029 -0.585606
v 0.321415 0.957478 -0.621769
v 0.331061 0.927348 -0.602203
v 0.340708 0.897217 -0.582637
v 0.350354 0.867087 -0.563071
v 0.321415 0.974106 -0.596885
v 0.331061 0.943452 -0.578102
v 0.340708 0.912798 -0.559319
v 0.350354 0.882145 -0.540536
v 0.206354 1.038471 -0.754551
v 0.232708 1.017180 -0.739081
v 0.259061 0.995889 -0.723611
v 0.285415 0.974598 -0.708141
v 0.206354 1.057154 -0.726590
v 0.232708 1.035480 -0.711693
v 0.259061 1.013806 -0.696796
v 0.285415 0.992132 -0.681900
v 0.206354 1.075837 -0.698629
v 0.232708 1.053780 -0.684306
v 0.259061 1.031723 -0.669982
v 0.285415 1.009666 -0.655659
v 0.206354 1.094519 -0.670669
v 0.232708 1.072079 -0.656918
v 0.259061 1.049639 -0.643168
v 0.285415 1.027199 -0.629418
v 0.036000 1.090934 -0.792670
v 0.072000 1.083141 -0.787008
v 0.108000 1.075348 -0.781345
v 0.144000 1.067555 -0.775683
v 0.036000 1.110561 -0.763297
v 0.072000 1.102628 -0.757844
v 0.108000 1.094694 -0.752392
v 0.144000 1.086761 -0.746939
v 0.036000 1.130187 -0.733924
v 0.072000 1.122114 -0.728681
v 0.108000 1.114040 -0.723438
v 0.144000 1.105967 -0.718195
v 0.036000 1.149814 -0.704550
v 0.072000 1.141600 -0.699517
v 0.108000 1.133386 -0.694485
v 0.144000 1.125173 -0.689452
v -0.144000 0.957175 -0.908390
v -0.108000 0.964163 -0.915022
v -0.072000 0.971150 -0.921653
v -0.036000 0.978137 -0.928284
v -0.144000 0.979969 -0.882399
v -0.108000 0.987122 -0.888841
v -0.072000 0.994276 -0.895282
v -0.036000 1.001430 -0.901724
v -0.144000 1.002762 -0.856408
v -0.108000 1.010082 -0.862660
v -0.072000 1.017402 -0.868912
v -0.036000 1.024722 -0.875164
v -0.144000 1.025556 -0.830418
v -0.108000 1.033042 -0.836480
v -0.072000 1.040529 -0.842542
v -0.036000 1.048015 -0.848603
v -0.285415 0.873830 -0.829293
v -0.259061 0.892919 -0.847409
v -0.232708 0.912009 -0.865526
v -0.206354 0.931098 -0.883643
v -0.285415 0.894639 -0.805565
v -0.259061 0.914183 -0.823163
v -0.232708 0.933727 -0.840762
v -0.206354 0.953271 -0.858360
v -0.285415 0.915447 -0.781837
v -0.259061 0.935446 -0.798917
v -0.232708 0.955445 -0.815997
v -0.206354 0.975443 -0.833077
v -0.285415 0.936256 -0.758109
v -0.259061 0.956709 -0.774671
v -0.232708 0.977163 -0.791233
v -0.206354 0.997616 -0.807794
v -0.350354 0.750433 -0.712185
v -0.340708 0.776510 -0.736933
v -0.331061 0.802587 -0.761681
v -0.321415 0.828663 -0.786429
v -0.350354 0.768303 -0.691808
v -0.340708 0.795001 -0.715848
v -0.331061 0.821699 -0.739888
v -0.321415 0.848397 -0.763927
v -0.350354 0.786174 -0.671431
v -0.340708 0.813492 -0.694763
v -0.331061 0.840811 -0.718094
v -0.321415 0.868130 -0.741426
v -0.350354 0.804044 -0.651054
v -0.340708 0.831984 -0.673677
v -0.331061 0.859923 -0.696301
v -0.321415 0.887863 -0.718924
v -0.321415 0.620049 -0.588447
v -0.331061 0.646126 -0.613194
v -0.340708 0.672203 -0.637942
v -0.350354 0.698279 -0.662690
v -0.321415 0.634814 -0.571610
v -0.331061 0.661512 -0.595649
v -0.340708 0.688210 -0.619689
v -0.350354 0.714908 -0.643729
v -0.321415 0.649580 -0.554773
v -0.331061 0.676899 -0.578105
v -0.340708 0.704217 -0.601436
v -0.350354 0.731536 -0.624768
v -0.321415 0.664345 -0.537937
v -0.331061 0.692285 -0.560560
v -0.340708 0.720225 -0.583183
v -0.350354 0.748164 -0.605807
v -0.206354 0.517614 -0.491232
v -0.232708 0.536703 -0.509349
v -0.259061 0.555793 -0.527466
v -0.285415 0.574883 -0.545582
v -0.206354 0.529940 -0.477177
v -0.232708 0.549484 -0.494775
v -0.259061 0.569028 -0.512374
v -0.285415 0.588572 -0.529972
v -0.206354 0.542266 -0.463122
v -0.232708 0.562265 -0.480202
v -0.259061 0.582264 -0.497282
v -0.285415 0.602262 -0.514362
v -0.206354 0.554592 -0.449067
v -0.232708 0.575045 -0.465628
v -0.259061 0.595499 -0.482190
v -0.285415 0.615952 -0.498751
v -0.036000 0.470575 -0.446591
v -0.072000 0.477563 -0.453222
v -0.108000 0.484550 -0.459854
v -0.144000 0.491537 -0.466485
v -0.036000 0.481781 -0.433813
v -0.072000 0.488935 -0.440255
v -0.108000 0.496089 -0.446696
v -0.144000 0.503242 -0.453138
v -0.036000 0.492987 -0.421035
v -0.072000 0.500307 -0.427287
v -0.108000 0.507627 -0.433539
v -0.144000 0.514947 -0.439790
v -0.036000 0.504193 -0.408258
v -0.072000 0.511680 -0.414319
v -0.108000 0.519166 -0.420381
v -0.144000 0.526652 -0.426443
v 0.144000 0.491537 -0.466485
v 0.108000 0.484550 -0.459854
v 0.072000 0.477563 -0.453222
v 0.036000 0.470575 -0.446591
v 0.144000 0.503242 -0.453138
v 0.108000 0.496089 -0.446696
v 0.072000 0.488935 -0.440255
v 0.036000 0.481781 -0.433813
v 0.144000 0.514947 -0.439790
v 0.108000 0.507627 -0.433539
v 0.072000 0.500307 -0.427287
v 0.036000 0.492987 -0.421035
v 0.144000 0.526652 -0.426443
v 0.108000 0.519166 -0.420381
v 0.072000 0.511680 -0.414319
v 0.036000 0.504193 -0.408257
v 0.285415 0.574883 -0.545582
v 0.259061 0.555793 -0.527466
v 0.232708 0.536703 -0.509349
v 0.206354 0.517614 -0.491232
v 0.285415 0.588572 -0.529972
v 0.259061 0.569028 -0.512374
v 0.232708 0.549484 -0.494775
v 0.206354 0.529940 -0.477177
v 0.285415 0.602262 -0.514362
v 0.259061 0.582264 -0.497282
v 0.232708 0.562265 -0.480202
v 0.206354 0.542266 -0.463122
v 0.285415 0.615952 -0.498751
v 0.259061 0.595499 -0.482190
v 0.232708 0.575045 -0.465628
v 0.206354 0.554592 -0.449067
v 0.350354 0.698279 -0.662690
v 0.340707 0.672203 -0.637942
v 0.331061 0.646126 -0.613194
v 0.321415 0.620049 -0.588447
v 0.350354 0.714908 -0.643729
v 0.340707 0.688210 -0.619689
v 0.331061 0.661512 -0.595650
v 0.321415 0.634814 -0.571610
v 0.350354 0.731536 -0.624768
v 0.340707 0.704217 -0.601436
v 0.331061 0.676898 -0.578105
v 0.321415 0.649580 -0.554773
v 0.350354 0.748164 -0.605807
v 0.340707 0.720225 -0.583184
v 0.331061 0.692285 -0.560560
v 0.321415 0.664345 -0.537937
v 0.321415 0.828664 -0.786429
v 0.331061 0.802587 -0.761681
v 0.340708 0.776510 -0.736933
v 0.350354 0.750433 -0.712185
v 0.321415 0.848397 -0.763927
v 0.331061 0.821699 -0.739887
v 0.340708 0.795001 -0.715848
v 0.350354 0.768303 -0.691808
v 0.321415 0.868130 -0.741426
v 0.331061 0.840811 -0.718094
v 0.340708 0.813492 -0.694763
v 0.350354 0.786174 -0.671431
v 0.321415 0.887863 -0.718924
v 0.331061 0.859923 -0.696301
v 0.340708 0.831984 -0.673678
v 0.350354 0.804044 -0.651054
v 0.206354 0.931099 -0.883643
v 0.232708 0.912009 -0.865526
v 0.259061 0.892919 -0.847409
v 0.285415 0.873830 -0.829293
v 0.206354 0.953271 -0.858360
v 0.232708 0.933727 -0.840762
v 0.259061 0.914183 -0.823163
v 0.285415 0.894639 -0.805565
v 0.206354 0.975443 -0.833077
v 0.232708 0.955445 -0.815997
v 0.259061 0.935446 -0.798917
v 0.285415 0.915447 -0.781837
v 0.206354 0.997616 -0.807794
v 0.232708 0.977163 -0.791233
v 0.259061 0.956709 -0.774671
v 0.285415 0.936256 -0.758109
v 0.036000 0.978137 -0.928284
v 0.072000 0.971150 -0.921653
v 0.108000 0.964163 -0.915022
v 0.144000 0.957175 -0.908390
v 0.036000 1.001430 -0.901724
v 0.072000 0.994276 -0.895282
v 0.108000 0.987122 -0.888841
v 0.144000 0.979969 -0.882399
v 0.036000 1.024722 -0.875164
v 0.072000 1.017402 -0.868912
v 0.108000 1.010082 -0.862660
v 0.144000 1.002762 -0.856408
v 0.036000 1.048015 -0.848603
v 0.072000 1.040529 -0.842541
v 0.108000 1.033042 -0.836479
v 0.144000 1.025556 -0.830418
v -0.144000 0.830418 -1.025556
v -0.108000 0.836480 -1.033042
v -0.072000 0.842542 -1.040529
v -0.036000 0.848603 -1.048015
v -0.144000 0.856409 -1.002762
v -0.108000 0.862660 -1.010082
v -0.072000 0.868912 -1.017402
v -0.036000 0.875164 -1.024722
v -0.144000 0.882400 -0.979968
v -0.108000 0.888841 -0.987122
v -0.072000 0.895283 -0.994276
v -0.036000 0.901724 -1.001430
v -0.144000 0.908391 -0.957175
v -0.108000 0.915022 -0.964162
v -0.072000 0.921653 -0.971150
v -0.036000 0.928284 -0.978137
v -0.285415 0.758110 -0.936256
v -0.259061 0.774671 -0.956709
v -0.232708 0.791233 -0.977163
v -0.206354 0.807794 -0.997616
v -0.285415 0.781837 -0.915447
v -0.259061 0.798917 -0.935446
v -0.232708 0.815997 -0.955445
v -0.206354 0.833077 -0.975443
v -0.285415 0.805565 -0.894638
v -0.259061 0.823164 -0.914182
v -0.232708 0.840762 -0.933727
v -0.206354 0.858360 -0.953271
v -0.285415 0.829293 -0.873830
v -0.259061 0.847410 -0.892919
v -0.232708 0.865526 -0.912009
v -0.206354 0.883643 -0.931098
v -0.350354 0.651054 -0.804044
v -0.340708 0.673678 -0.831983
v -0.331061 0.696301 -0.859923
v -0.321415 0.718925 -0.887863
v -0.350354 0.671431 -0.786173
v -0.340708 0.694763 -0.813492
v -0.331061 0.718094 -0.840811
v -0.321415 0.741426 -0.868130
v -0.350354 0.691808 -0.768303
v -0.340708 0.715848 -0.795001
v -0.331061 0.739888 -0.821699
v -0.321415 0.763927 -0.848396
v -0.350354 0.712186 -0.750433
v -0.340708 0.736933 -0.776510
v -0.331061 0.761681 -0.802586
v -0.321415 0.786429 -0.828663
v -0.321415 0.537937 -0.664345
v -0.331061 0.560560 -0.692285
v -0.340708 0.583184 -0.720224
v -0.350354 0.605807 -0.748164
v -0.321415 0.554773 -0.649580
v -0.331061 0.578105 -0.676898
v -0.340708 0.601436 -0.704217
v -0.350354 0.624768 -0.731536
v -0.321415 0.571610 -0.634814
v -0.331061 0.595650 -0.661512
v -0.340708 0.619689 -0.688210
v -0.350354 0.643729 -0.714908
v -0.321415 0.588447 -0.620049
v -0.331061 0.613195 -0.646125
v -0.340708 0.637942 -0.672202
v -0.350354 0.662690 -0.698279
v -0.206354 0.449067 -0.554592
v -0.232708 0.465628 -0.575045
v -0.259061 0.482190 -0.595499
v -0.285415 0.498751 -0.615952
v -0.206354 0.463122 -0.542266
v -0.232708 0.480202 -0.562265
v -0.259061 0.497282 -0.582263
v -0.285415 0.514362 -0.602262
v -0.206354 0.477177 -0.529940
v -0.232708 0.494776 -0.549484
v -0.259061 0.512374 -0.569028
v -0.285415 0.529972 -0.588572
v -0.206354 0.491233 -0.517614
v -0.232708 0.509349 -0.536703
v -0.259061 0.527466 -0.555793
v -0.285415 0.545582 -0.574882
v -0.036000 0.408258 -0.504193
v -0.072000 0.414319 -0.511680
v -0.108000 0.420381 -0.519166
v -0.144000 0.426443 -0.526652
v -0.036000 0.421036 -0.492987
v -0.072000 0.427287 -0.500307
v -0.108000 0.433539 -0.507627
v -0.144000 0.439791 -0.514947
v -0.036000 0.433813 -0.481781
v -0.072000 0.440255 -0.488935
v -0.108000 0.446696 -0.496088
v -0.144000 0.453138 -0.503242
v -0.036000 0.446591 -0.470575
v -0.072000 0.453223 -0.477562
v -0.108000 0.459854 -0.484550
v -0.144000 0.466485 -0.491537
v 0.144000 0.426443 -0.526652
v 0.108000 0.420381 -0.519166
v 0.072000 0.414320 -0.511680
v 0.036000 0.408258 -0.504193
v 0.144000 0.439791 -0.514947
v 0.108000 0.433539 -0.507627
v 0.072000 0.427287 -0.500307
v 0.036000 0.421036 -0.492987
v 0.144000 0.453138 -0.503242
v 0.108000 0.446696 -0.496088
v 0.072000 0.440255 -0.488935
v 0.036000 0.433813 -0.481781
v 0.144000 0.466485 -0.491537
v 0.108000 0.459854 -0.484550
v 0.072000 0.453223 -0.477562
v 0.036000 0.446591 -0.470575
v 0.285415 0.498752 -0.615952
v 0.259061 0.482190 -0.595499
v 0.232708 0.465628 -0.575045
v 0.206354 0.449067 -0.554592
v 0.285415 0.514362 -0.602262
v 0.259061 0.497282 -0.582263
v 0.232708 0.480202 -0.562265
v 0.206354 0.463122 -0.542266
v 0.285415 0.529972 -0.588572
v 0.259061 0.512374 -0.569028
v 0.232708 0.494776 -0.549484
v 0.206354 0.477177 -0.529940
v 0.285415 0.545582 -0.574882
v 0.259061 0.527466 -0.555793
v 0.232708 0.509349 -0.536703
v 0.206354 0.491233 -0.517614
v 0.350354 0.605807 -0.748164
v 0.340708 0.583184 -0.720224
v 0.331061 0.560560 -0.692285
v 0.321415 0.537937 -0.664345
v 0.350354 0.624768 -0.731536
v 0.340707 0.601436 -0.704217
v 0.331061 0.578105 -0.676898
v 0.321415 0.554773 -0.649580
v 0.350354 0.643729 -0.714907
v 0.340707 0.619689 -0.688210
v 0.331061 0.595650 -0.661512
v 0.321415 0.571610 -0.634814
v 0.350354 0.662690 -0.698279
v 0.340707 0.637942 -0.672202
v 0.331061 0.613195 -0.646125
v 0.321415 0.588447 -0.620049
v 0.321415 0.718925 -0.887863
v 0.331061 0.696301 -0.859923
v 0.340708 0.673678 -0.831983
v 0.350354 0.651054 -0.804044
v 0.321415 0.741426 -0.868130
v 0.331061 0.718094 -0.840811
v 0.340708 0.694763 -0.813492
v 0.350354 0.671431 -0.786173
v 0.321415 0.763927 -0.848396
v 0.331061 0.739888 -0.821699
v 0.340708 0.715848 -0.795001
v 0.350354 0.691808 -0.768303
v 0.321415 0.786429 -0.828663
v 0.331061 0.761681 -0.802586
v 0.340708 0.736933 -0.776510
v 0.350354 0.712186 -0.750433
v 0.206354 0.807794 -0.997616
v 0.232708 0.791233 -0.977163
v 0.259061 0.774671 -0.956709
v 0.285415 0.758110 -0.936256
v 0.206354 0.833077 -0.975443
v 0.232708 0.815997 -0.955445
v 0.259061 0.798917 -0.935446
v 0.285415 0.781837 -0.915447
v 0.206354 0.858360 -0.953271
v 0.232708 0.840762 -0.933727
v 0.259061 0.823164 -0.914182
v 0.285415 0.805565 -0.894638
v 0.206354 0.883643 -0.931098
v 0.232708 0.865526 -0.912009
v 0.259061 0.847410 -0.892919
v 0.285415 0.829293 -0.873830
v 0.036000 0.848603 -1.048015
v 0.072000 0.842542 -1.040528
v 0.108000 0.836480 -1.033042
v 0.144000 0.830418 -1.025556
v 0.036000 0.875164 -1.024722
v 0.072000 0.868912 -1.017402
v 0.108000 0.862660 -1.010082
v 0.144000 0.856409 -1.002762
v 0.036000 0.901724 -1.001430
v 0.072000 0.895283 -0.994276
v 0.108000 0.888841 -0.987122
v 0.144000 0.882400 -0.979968
v 0.036000 0.928284 -0.978137
v 0.072000 0.921653 -0.971150
v 0.108000 0.915022 -0.964162
v 0.144000 0.908391 -0.957175
v -0.144000 0.689451 -1.125173
v -0.108000 0.694484 -1.133387
v -0.072000 0.699517 -1.141600
v -0.036000 0.704550 -1.149814
v -0.144000 0.718195 -1.105967
v -0.108000 0.723438 -1.114041
v -0.072000 0.728681 -1.122114
v -0.036000 0.733923 -1.130188
v -0.144000 0.746939 -1.086761
v -0.108000 0.752391 -1.094694
v -0.072000 0.757844 -1.102628
v -0.036000 0.763297 -1.110561
v -0.144000 0.775683 -1.067555
v -0.108000 0.781345 -1.075348
v -0.072000 0.787008 -1.083141
v -0.036000 0.792670 -1.090934
v -0.285415 0.629418 -1.027200
v -0.259061 0.643168 -1.049639
v -0.232708 0.656918 -1.072080
v -0.206354 0.670668 -1.094520
v -0.285415 0.655659 -1.009666
v -0.259061 0.669982 -1.031723
v -0.232708 0.684305 -1.053780
v -0.206354 0.698629 -1.075837
v -0.285415 0.681900 -0.992132
v -0.259061 0.696796 -1.013806
v -0.232708 0.711693 -1.035480
v -0.206354 0.726590 -1.057154
v -0.285415 0.708141 -0.974598
v -0.259061 0.723611 -0.995889
v -0.232708 0.739080 -1.017180
v -0.206354 0.754550 -1.038471
v -0.350354 0.540535 -0.882145
v -0.340708 0.559318 -0.912798
v -0.331061 0.578101 -0.943452
v -0.321415 0.596884 -0.974106
v -0.350354 0.563071 -0.867087
v -0.340708 0.582637 -0.897218
v -0.331061 0.602203 -0.927348
v -0.321415 0.621769 -0.957478
v -0.350354 0.585606 -0.852029
v -0.340708 0.605955 -0.881637
v -0.331061 0.626305 -0.911244
v -0.321415 0.646654 -0.940851
v -0.350354 0.608141 -0.836972
v -0.340708 0.629274 -0.866056
v -0.331061 0.650406 -0.895140
v -0.321415 0.671538 -0.924224
v -0.321415 0.446620 -0.728876
v -0.331061 0.465403 -0.759530
v -0.340708 0.484186 -0.790184
v -0.350354 0.502969 -0.820837
v -0.321415 0.465240 -0.716435
v -0.331061 0.484806 -0.746565
v -0.340708 0.504372 -0.776696
v -0.350354 0.523938 -0.806826
v -0.321415 0.483860 -0.703993
v -0.331061 0.504209 -0.733601
v -0.340708 0.524558 -0.763208
v -0.350354 0.544908 -0.792815
v -0.321415 0.502480 -0.691552
v -0.331061 0.523612 -0.720636
v -0.340708 0.544744 -0.749720
v -0.350354 0.565877 -0.778804
v -0.206354 0.372836 -0.608463
v -0.232708 0.386586 -0.630903
v -0.259061 0.400336 -0.653343
v -0.285415 0.414087 -0.675783
v -0.206354 0.388380 -0.598076
v -0.232708 0.402703 -0.620133
v -0.259061 0.417027 -0.642190
v -0.285415 0.431350 -0.664247
v -0.206354 0.403924 -0.587690
v -0.232708 0.418821 -0.609364
v -0.259061 0.433717 -0.631038
v -0.285415 0.448614 -0.652712
v -0.206354 0.419468 -0.577304
v -0.232708 0.434938 -0.598595
v -0.259061 0.450408 -0.619886
v -0.285415 0.465878 -0.641177
v -0.036000 0.338954 -0.553168
v -0.072000 0.343987 -0.561382
v -0.108000 0.349020 -0.569595
v -0.144000 0.354053 -0.577809
v -0.036000 0.353086 -0.543726
v -0.072000 0.358328 -0.551799
v -0.108000 0.363571 -0.559873
v -0.144000 0.368814 -0.567946
v -0.036000 0.367217 -0.534284
v -0.072000 0.372670 -0.542217
v -0.108000 0.378122 -0.550150
v -0.144000 0.383575 -0.558083
v -0.036000 0.381348 -0.524841
v -0.072000 0.387011 -0.532634
v -0.108000 0.392673 -0.540427
v -0.144000 0.398335 -0.548220
v 0.144000 0.354053 -0.577809
v 0.108000 0.349020 -0.569595
v 0.072000 0.343987 -0.561382
v 0.036000 0.338954 -0.553168
v 0.144000 0.368814 -0.567946
v 0.108000 0.363571 -0.559873
v 0.072000 0.358328 -0.551799
v 0.036000 0.353086 -0.543726
v 0.144000 0.383575 -0.558083
v 0.108000 0.378122 -0.550150
v 0.072000 0.372670 -0.542217
v 0.036000 0.367217 -0.534284
v 0.144000 0.398335 -0.548220
v 0.108000 0.392673 -0.540427
v 0.072000 0.387011 -0.532634
v 0.036000 0.381348 -0.524841
v 0.285415 0.414087 -0.675783
v 0.259061 0.400337 -0.653343
v 0.232708 0.386586 -0.630903
v 0.206354 0.372836 -0.608463
v 0.285415 0.431350 -0.664247
v 0.259061 0.417027 -0.642190
v 0.232708 0.402703 -0.620133
v 0.206354 0.388380 -0.598076
v 0.285415 0.448614 -0.652712
v 0.259061 0.433717 -0.631038
v 0.232708 0.418821 -0.609364
v 0.206354 0.403924 -0.587690
v 0.285415 0.465878 -0.641177
v 0.259061 0.450408 -0.619886
v 0.232708 0.434938 -0.598595
v 0.206354 0.419468 -0.577304
v 0.350354 0.502969 -0.820837
v 0.340708 0.484186 -0.790184
v 0.331061 0.465403 -0.759530
v 0.321415 0.446620 -0.728876
v 0.350354 0.523938 -0.806826
v 0.340708 0.504372 -0.776696
v 0.331061 0.484806 -0.746565
v 0.321415 0.465240 -0.716435
v 0.350354 0.544908 -0.792815
v 0.340708 0.524558 -0.763208
v 0.331061 0.504209 -0.733601
v 0.321415 0.483860 -0.703993
v 0.350354 0.565877 -0.778804
v 0.340708 0.544744 -0.749720
v 0.331061 0.523612 -0.720636
v 0.321415 0.502480 -0.691552
v 0.321415 0.596884 -0.974106
v 0.331061 0.578101 -0.943452
v 0.340708 0.559318 -0.912798
v 0.350354 0.540535 -0.882145
v 0.321415 0.621769 -0.957478
v 0.331061 0.602203 -0.927348
v 0.340708 0.582637 -0.897217
v 0.350354 0.563071 -0.867087
v 0.321415 0.646654 -0.940851
v 0.331061 0.626305 -0.911244
v 0.340708 0.605955 -0.881637
v 0.350354 0.585606 -0.852029
v 0.321415 0.671538 -0.924224
v 0.331061 0.650406 -0.895140
v 0.340708 0.629274 -0.866056
v 0.350354 0.608141 -0.836972
v 0.206354 0.670668 -1.094519
v 0.232708 0.656918 -1.072079
v 0.259061 0.643168 -1.049639
v 0.285415 0.629418 -1.027200
v 0.206354 0.698629 -1.075837
v 0.232708 0.684305 -1.053780
v 0.259061 0.669982 -1.031723
v 0.285415 0.655659 -1.009666
v 0.206354 0.726590 -1.057154
v 0.232708 0.711693 -1.035480
v 0.259061 0.696796 -1.013806
v 0.285415 0.681900 -0.992132
v 0.206354 0.754550 -1.038471
v 0.232708 0.739081 -1.017180
v 0.259061 0.723611 -0.995889
v 0.285415 0.708141 -0.974598
v 0.036000 0.704550 -1.149814
v 0.072000 0.699517 -1.141600
v 0.108000 0.694484 -1.133387
v 0.144000 0.689451 -1.125173
v 0.036000 0.733923 -1.130188
v 0.072000 0.728681 -1.122114
v 0.108000 0.723438 -1.114041
v 0.144000 0.718195 -1.105967
v 0.036000 0.763297 -1.110561
v 0.072000 0.757844 -1.102628
v 0.108000 0.752392 -1.094694
v 0.144000 0.746939 -1.086761
v 0.036000 0.792670 -1.090934
v 0.072000 0.787008 -1.083141
v 0.108000 0.781345 -1.075348
v 0.144000 0.775683 -1.067555
v -0.144000 0.536689 -1.205539
v -0.108000 0.540606 -1.214339
v -0.072000 0.544524 -1.223139
v -0.036000 0.548442 -1.231939
v -0.144000 0.567693 -1.190249
v -0.108000 0.571837 -1.198937
v -0.072000 0.575981 -1.207626
v -0.036000 0.580126 -1.216315
v -0.144000 0.598698 -1.174959
v -0.108000 0.603068 -1.183536
v -0.072000 0.607439 -1.192113
v -0.036000 0.611809 -1.200690
v -0.144000 0.629703 -1.159669
v -0.108000 0.634300 -1.168134
v -0.072000 0.638896 -1.176600
v -0.036000 0.643493 -1.185065
v -0.285415 0.489957 -1.100567
v -0.259061 0.500660 -1.124610
v -0.232708 0.511364 -1.148653
v -0.206354 0.522067 -1.172695
v -0.285415 0.518262 -1.086609
v -0.259061 0.529584 -1.110347
v -0.232708 0.540905 -1.134084
v -0.206354 0.552227 -1.157822
v -0.285415 0.546567 -1.072650
v -0.259061 0.558507 -1.096083
v -0.232708 0.570447 -1.119516
v -0.206354 0.582387 -1.142949
v -0.285415 0.574872 -1.058692
v -0.259061 0.587430 -1.081820
v -0.232708 0.599989 -1.104948
v -0.206354 0.612547 -1.128076
v -0.350354 0.420768 -0.945152
v -0.340708 0.435389 -0.977995
v -0.331061 0.450011 -1.010838
v -0.321415 0.464632 -1.043681
v -0.350354 0.445076 -0.933164
v -0.340708 0.460542 -0.965591
v -0.331061 0.476008 -0.998018
v -0.321415 0.491474 -1.030444
v -0.350354 0.469384 -0.921177
v -0.340708 0.485695 -0.953187
v -0.331061 0.502005 -0.985197
v -0.321415 0.518316 -1.017207
v -0.350354 0.493692 -0.909190
v -0.340708 0.510847 -0.940783
v -0.331061 0.528003 -0.972377
v -0.321415 0.545158 -1.003970
v -0.321415 0.347662 -0.780936
v -0.331061 0.362283 -0.813779
v -0.340708 0.376904 -0.846623
v -0.350354 0.391525 -0.879466
v -0.321415 0.367746 -0.771032
v -0.331061 0.383212 -0.803458
v -0.340708 0.398678 -0.835885
v -0.350354 0.414144 -0.868311
v -0.321415 0.387831 -0.761127
v -0.331061 0.404141 -0.793137
v -0.340708 0.420452 -0.825147
v -0.350354 0.436763 -0.857157
v -0.321415 0.407915 -0.751222
v -0.331061 0.425071 -0.782816
v -0.340708 0.442226 -0.814409
v -0.350354 0.459381 -0.846003
v -0.206354 0.290226 -0.651922
v -0.232708 0.300930 -0.675965
v -0.259061 0.311633 -0.700008
v -0.285415 0.322337 -0.724050
v -0.206354 0.306993 -0.643654
v -0.232708 0.318315 -0.667392
v -0.259061 0.329637 -0.691129
v -0.285415 0.340958 -0.714867
v -0.206354 0.323759 -0.635385
v -0.232708 0.335699 -0.658818
v -0.259061 0.347640 -0.682251
v -0.285415 0.359580 -0.705684
v -0.206354 0.340526 -0.627117
v -0.232708 0.353084 -0.650245
v -0.259061 0.365643 -0.673373
v -0.285415 0.378201 -0.696501
v -0.036000 0.263852 -0.592678
v -0.072000 0.267769 -0.601478
v -0.108000 0.271687 -0.610278
v -0.144000 0.275605 -0.619079
v -0.036000 0.279095 -0.585161
v -0.072000 0.283239 -0.593850
v -0.108000 0.287383 -0.602538
v -0.144000 0.291527 -0.611227
v -0.036000 0.294337 -0.577644
v -0.072000 0.298708 -0.586221
v -0.108000 0.303078 -0.594798
v -0.144000 0.307449 -0.603375
v -0.036000 0.309580 -0.570127
v -0.072000 0.314177 -0.578593
v -0.108000 0.318774 -0.587058
v -0.144000 0.323370 -0.595523
v 0.144000 0.275605 -0.619079
v 0.108000 0.271687 -0.610279
v 0.072000 0.267770 -0.601478
v 0.036000 0.263852 -0.592678
v 0.144000 0.291527 -0.611227
v 0.108000 0.287383 -0.602538
v 0.072000 0.283239 -0.593850
v 0.036000 0.279095 -0.585161
v 0.144000 0.307449 -0.603375
v 0.108000 0.303078 -0.594798
v 0.072000 0.298708 -0.586221
v 0.036000 0.294337 -0.577644
v 0.144000 0.323370 -0.595523
v 0.108000 0.318774 -0.587058
v 0.072000 0.314177 -0.578593
v 0.036000 0.309580 -0.570127
v 0.285415 0.322337 -0.724050
v 0.259061 0.311633 -0.700008
v 0.232708 0.300930 -0.675965
v 0.206354 0.290226 -0.651922
v 0.285415 0.340958 -0.714867
v 0.259061 0.329637 -0.691129
v 0.232708 0.318315 -0.667391
v 0.206354 0.306993 -0.643654
v 0.285415 0.359580 -0.705684
v 0.259061 0.347640 -0.682251
v 0.232708 0.335700 -0.658818
v 0.206354 0.323759 -0.635385
v 0.285415 0.378201 -0.696501
v 0.259061 0.365643 -0.673373
v 0.232708 0.353084 -0.650245
v 0.206354 0.340526 -0.627117
v 0.350354 0.391526 -0.879466
v 0.340708 0.376904 -0.846622
v 0.331061 0.362283 -0.813779
v 0.321415 0.347662 -0.780936
v 0.350354 0.414144 -0.868311
v 0.340708 0.398678 -0.835885
v 0.331061 0.383212 -0.803458
v 0.321415 0.367746 -0.771032
v 0.350354 0.436763 -0.857157
v 0.340708 0.420452 -0.825147
v 0.331061 0.404141 -0.793137
v 0.321415 0.387831 -0.761127
v 0.350354 0.459381 -0.846003
v 0.340708 0.442226 -0.814409
v 0.331061 0.425071 -0.782816
v 0.321415 0.407915 -0.751222
v 0.321415 0.464632 -1.043681
v 0.331061 0.450011 -1.010838
v 0.340708 0.435389 -0.977995
v 0.350354 0.420768 -0.945152
v 0.321415 0.491474 -1.030444
v 0.331061 0.476008 -0.998018
v 0.340708 0.460542 -0.965591
v 0.350354 0.445076 -0.933164
v 0.321415 0.518316 -1.017207
v 0.331061 0.502005 -0.985197
v 0.340708 0.485695 -0.953187
v 0.350354 0.469384 -0.921177
v 0.321415 0.545158 -1.003970
v 0.331061 0.528003 -0.972377
v 0.340708 0.510847 -0.940783
v 0.350354 0.493692 -0.909190
v 0.206354 0.522067 -1.172695
v 0.232708 0.511364 -1.148653
v 0.259061 0.500660 -1.124610
v 0.285415 0.489957 -1.100567
v 0.206354 0.552227 -1.157822
v 0.232708 0.540905 -1.134084
v 0.259061 0.529584 -1.110346
v 0.285415 0.518262 -1.086609
v 0.206354 0.582387 -1.142949
v 0.232708 0.570447 -1.119516
v 0.259061 0.558507 -1.096083
v 0.285415 0.546567 -1.072650
v 0.206354 0.612547 -1.128076
v 0.232708 0.599989 -1.104948
v 0.259061 0.587430 -1.081820
v 0.285415 0.574872 -1.058692
v 0.036000 0.548442 -1.231939
v 0.072000 0.544524 -1.223139
v 0.108000 0.540606 -1.214339
v 0.144000 0.536689 -1.205539
v 0.036000 0.580126 -1.216315
v 0.072000 0.575981 -1.207626
v 0.108000 0.571837 -1.198937
v 0.144000 0.567693 -1.190249
v 0.036000 0.611809 -1.200690
v 0.072000 0.607439 -1.192113
v 0.108000 0.603068 -1.183536
v 0.144000 0.598698 -1.174959
v 0.036000 0.643493 -1.185065
v 0.072000 0.638896 -1.176600
v 0.108000 0.634299 -1.168135
v 0.144000 0.629703 -1.159669
v -0.144000 0.374743 -1.265277
v -0.108000 0.377478 -1.274513
v -0.072000 0.380214 -1.283750
v -0.036000 0.382949 -1.292986
v -0.144000 0.407478 -1.254165
v -0.108000 0.410452 -1.263320
v -0.072000 0.413427 -1.272475
v -0.036000 0.416402 -1.281631
v -0.144000 0.440213 -1.243053
v -0.108000 0.443427 -1.252127
v -0.072000 0.446640 -1.261201
v -0.036000 0.449854 -1.270275
v -0.144000 0.472949 -1.231941
v -0.108000 0.476401 -1.240934
v -0.072000 0.479853 -1.249927
v -0.036000 0.483306 -1.258920
v -0.285415 0.342112 -1.155104
v -0.259061 0.349586 -1.180338
v -0.232708 0.357060 -1.205572
v -0.206354 0.364533 -1.230806
v -0.285415 0.371997 -1.144959
v -0.259061 0.380124 -1.169972
v -0.232708 0.388250 -1.194984
v -0.206354 0.396377 -1.219997
v -0.285415 0.401882 -1.134815
v -0.259061 0.410661 -1.159606
v -0.232708 0.419441 -1.184397
v -0.206354 0.428220 -1.209188
v -0.285415 0.431767 -1.124670
v -0.259061 0.441199 -1.149240
v -0.232708 0.450631 -1.173809
v -0.206354 0.460064 -1.198378
v -0.350354 0.293801 -0.991987
v -0.340708 0.304010 -1.026458
v -0.331061 0.314220 -1.060928
v -0.321415 0.324429 -1.095399
v -0.350354 0.319466 -0.983275
v -0.340708 0.330567 -1.017443
v -0.331061 0.341668 -1.051611
v -0.321415 0.352769 -1.085779
v -0.350354 0.345131 -0.974563
v -0.340708 0.357124 -1.008428
v -0.331061 0.369117 -1.042293
v -0.321415 0.381109 -1.076159
v -0.350354 0.370795 -0.965851
v -0.340708 0.383680 -0.999414
v -0.331061 0.396565 -1.032976
v -0.321415 0.409450 -1.066538
v -0.321415 0.242755 -0.819634
v -0.331061 0.252964 -0.854105
v -0.340708 0.263173 -0.888575
v -0.350354 0.273383 -0.923046
v -0.321415 0.263960 -0.812436
v -0.331061 0.275061 -0.846604
v -0.340708 0.286162 -0.880772
v -0.350354 0.297264 -0.914940
v -0.321415 0.285166 -0.805238
v -0.331061 0.297159 -0.839103
v -0.340708 0.309152 -0.872968
v -0.350354 0.321145 -0.906833
v -0.321415 0.306371 -0.798039
v -0.331061 0.319256 -0.831602
v -0.340708 0.332141 -0.865164
v -0.350354 0.345026 -0.898726
v -0.206354 0.202650 -0.684227
v -0.232708 0.210124 -0.709461
v -0.259061 0.217598 -0.734695
v -0.285415 0.225072 -0.759929
v -0.206354 0.220353 -0.678218
v -0.232708 0.228479 -0.703230
v -0.259061 0.236606 -0.728243
v -0.285415 0.244733 -0.753255
v -0.206354 0.238055 -0.672208
v -0.232708 0.246835 -0.696999
v -0.259061 0.255614 -0.721790
v -0.285415 0.264393 -0.746581
v -0.206354 0.255757 -0.666199
v -0.232708 0.265190 -0.690769
v -0.259061 0.274622 -0.715338
v -0.285415 0.284054 -0.739908
v -0.036000 0.184234 -0.622047
v -0.072000 0.186970 -0.631283
v -0.108000 0.189706 -0.640520
v -0.144000 0.192441 -0.649756
v -0.036000 0.200328 -0.616584
v -0.072000 0.203303 -0.625739
v -0.108000 0.206277 -0.634895
v -0.144000 0.209252 -0.644050
v -0.036000 0.216422 -0.611121
v -0.072000 0.219635 -0.620195
v -0.108000 0.222849 -0.629269
v -0.144000 0.226062 -0.638343
v -0.036000 0.232515 -0.605658
v -0.072000 0.235968 -0.614651
v -0.108000 0.239420 -0.623644
v -0.144000 0.242873 -0.632637
v 0.144000 0.192441 -0.649756
v 0.108000 0.189706 -0.640520
v 0.072000 0.186970 -0.631283
v 0.036000 0.184234 -0.622047
v 0.144000 0.209252 -0.644050
v 0.108000 0.206277 -0.634894
v 0.072000 0.203303 -0.625739
v 0.036000 0.200328 -0.616584
v 0.144000 0.226062 -0.638343
v 0.108000 0.222849 -0.629269
v 0.072000 0.219635 -0.620195
v 0.036000 0.216422 -0.611121
v 0.144000 0.242873 -0.632637
v 0.108000 0.239420 -0.623644
v 0.072000 0.235968 -0.614651
v 0.036000 0.232515 -0.605658
v 0.285415 0.225072 -0.759929
v 0.259061 0.217598 -0.734695
v 0.232708 0.210124 -0.709461
v 0.206354 0.202650 -0.684227
v 0.285415 0.244733 -0.753255
v 0.259061 0.236606 -0.728243
v 0.232708 0.228479 -0.703230
v 0.206354 0.220353 -0.678218
v 0.285415 0.264393 -0.746581
v 0.259061 0.255614 -0.721790
v 0.232708 0.246835 -0.696999
v 0.206354 0.238055 -0.672208
v 0.285415 0.284054 -0.739907
v 0.259061 0.274622 -0.715338
v 0.232708 0.265190 -0.690769
v 0.206354 0.255757 -0.666199
v 0.350354 0.273383 -0.923046
v 0.340708 0.263173 -0.888575
v 0.331061 0.252964 -0.854105
v 0.321415 0.242755 -0.819634
v 0.350354 0.297264 -0.914939
v 0.340708 0.286163 -0.880772
v 0.331061 0.275061 -0.846604
v 0.321415 0.263960 -0.812436
v 0.350354 0.321145 -0.906833
v 0.340708 0.309152 -0.872968
v 0.331061 0.297159 -0.839103
v 0.321415 0.285166 -0.805238
v 0.350354 0.345026 -0.898726
v 0.340708 0.332141 -0.865164
v 0.331061 0.319256 -0.831602
v 0.321415 0.306372 -0.798039
v 0.321415 0.324429 -1.095399
v 0.331061 0.314220 -1.060928
v 0.340708 0.304010 -1.026458
v 0.350354 0.293801 -0.991987
v 0.321415 0.352769 -1.085779
v 0.331061 0.341668 -1.051611
v 0.340708 0.330567 -1.017443
v 0.350354 0.319466 -0.983275
v 0.321415 0.381110 -1.076159
v 0.331061 0.369117 -1.042293
v 0.340708 0.357124 -1.008428
v 0.350354 0.345131 -0.974563
v 0.321415 0.409450 -1.066538
v 0.331061 0.396565 -1.032976
v 0.340708 0.383680 -0.999414
v 0.350354 0.370795 -0.965851
v 0.206354 0.364533 -1.230806
v 0.232708 0.357060 -1.205572
v 0.259061 0.349586 -1.180338
v 0.285415 0.342112 -1.155104
v 0.206354 0.396377 -1.219997
v 0.232708 0.388250 -1.194984
v 0.259061 0.380124 -1.169972
v 0.285415 0.371997 -1.144959
v 0.206354 0.428220 -1.209188
v 0.232708 0.419441 -1.184397
v 0.259061 0.410661 -1.159606
v 0.285415 0.401882 -1.134815
v 0.206354 0.460064 -1.198378
v 0.232708 0.450631 -1.173809
v 0.259061 0.441199 -1.149239
v 0.285415 0.431767 -1.124670
v 0.036000 0.382949 -1.292986
v 0.072000 0.380214 -1.283750
v 0.108000 0.377478 -1.274513
v 0.144000 0.374743 -1.265277
v 0.036000 0.416402 -1.281631
v 0.072000 0.413427 -1.272475
v 0.108000 0.410452 -1.263320
v 0.144000 0.407478 -1.254165
v 0.036000 0.449854 -1.270275
v 0.072000 0.446640 -1.261201
v 0.108000 0.443427 -1.252127
v 0.144000 0.440213 -1.243053
v 0.036000 0.483306 -1.258920
v 0.072000 0.479853 -1.249927
v 0.108000 0.476401 -1.240934
v 0.144000 0.472949 -1.231941
v -0.144000 0.206385 -1.303366
v -0.108000 0.207892 -1.312881
v -0.072000 0.209398 -1.322395
v -0.036000 0.210905 -1.331909
v -0.144000 0.240291 -1.296622
v -0.108000 0.242045 -1.306087
v -0.072000 0.243799 -1.315552
v -0.036000 0.245553 -1.325017
v -0.144000 0.274196 -1.289878
v -0.108000 0.276198 -1.299294
v -0.072000 0.278199 -1.308710
v -0.036000 0.280201 -1.318125
v -0.144000 0.308102 -1.283133
v -0.108000 0.310351 -1.292500
v -0.072000 0.312600 -1.301867
v -0.036000 0.314849 -1.311234
v -0.285415 0.188414 -1.189876
v -0.259061 0.192530 -1.215870
v -0.232708 0.196646 -1.241864
v -0.206354 0.200762 -1.267858
v -0.285415 0.219367 -1.183719
v -0.259061 0.224160 -1.209579
v -0.232708 0.228952 -1.235438
v -0.206354 0.233744 -1.261297
v -0.285415 0.250321 -1.177562
v -0.259061 0.255789 -1.203287
v -0.232708 0.261258 -1.229012
v -0.206354 0.266726 -1.254737
v -0.285415 0.281274 -1.171405
v -0.259061 0.287419 -1.196995
v -0.232708 0.293563 -1.222586
v -0.206354 0.299708 -1.248176
v -0.350354 0.161807 -1.021849
v -0.340708 0.167430 -1.057358
v -0.331061 0.173053 -1.092866
v -0.321415 0.178675 -1.128374
v -0.350354 0.188390 -1.016562
v -0.340708 0.194936 -1.051886
v -0.331061 0.201482 -1.087211
v -0.321415 0.208029 -1.122535
v -0.350354 0.214972 -1.011274
v -0.340708 0.222442 -1.046415
v -0.331061 0.229912 -1.081556
v -0.321415 0.237382 -1.116697
v -0.350354 0.241554 -1.005987
v -0.340708 0.249948 -1.040944
v -0.331061 0.258342 -1.075901
v -0.321415 0.266735 -1.110858
v -0.321415 0.133694 -0.844308
v -0.331061 0.139317 -0.879816
v -0.340708 0.144940 -0.915325
v -0.350354 0.150562 -0.950833
v -0.321415 0.155658 -0.839939
v -0.331061 0.162204 -0.875264
v -0.340708 0.168751 -0.910588
v -0.350354 0.175297 -0.945913
v -0.321415 0.177622 -0.835570
v -0.331061 0.185092 -0.870711
v -0.340708 0.192562 -0.905852
v -0.350354 0.200032 -0.940993
v -0.321415 0.199585 -0.831201
v -0.331061 0.207979 -0.866158
v -0.340708 0.216373 -0.901116
v -0.350354 0.224767 -0.936073
v -0.206354 0.111607 -0.704824
v -0.232708 0.115723 -0.730818
v -0.259061 0.119839 -0.756812
v -0.285415 0.123955 -0.782806
v -0.206354 0.129942 -0.701177
v -0.232708 0.134735 -0.727037
v -0.259061 0.139527 -0.752896
v -0.285415 0.144319 -0.778755
v -0.206354 0.148278 -0.697530
v -0.232708 0.153746 -0.723255
v -0.259061 0.159215 -0.748980
v -0.285415 0.164683 -0.774705
v -0.206354 0.166613 -0.693883
v -0.232708 0.172758 -0.719473
v -0.259061 0.178902 -0.745064
v -0.285415 0.185047 -0.770654
v -0.036000 0.101465 -0.640773
v -0.072000 0.102971 -0.650287
v -0.108000 0.104478 -0.659802
v -0.144000 0.105985 -0.669316
v -0.036000 0.118134 -0.637457
v -0.072000 0.119888 -0.646922
v -0.108000 0.121642 -0.656388
v -0.144000 0.123396 -0.665853
v -0.036000 0.134803 -0.634141
v -0.072000 0.136804 -0.643557
v -0.108000 0.138806 -0.652973
v -0.144000 0.140808 -0.662389
v -0.036000 0.151472 -0.630826
v -0.072000 0.153721 -0.640193
v -0.108000 0.155970 -0.649559
v -0.144000 0.158219 -0.658926
v 0.144000 0.105985 -0.669316
v 0.108000 0.104478 -0.659802
v 0.072000 0.102972 -0.650287
v 0.036000 0.101465 -0.640773
v 0.144000 0.123396 -0.665853
v 0.108000 0.121642 -0.656387
v 0.072000 0.119888 -0.646922
v 0.036000 0.118134 -0.637457
v 0.144000 0.140808 -0.662389
v 0.108000 0.138806 -0.652973
v 0.072000 0.136804 -0.643557
v 0.036000 0.134803 -0.634141
v 0.144000 0.158219 -0.658926
v 0.108000 0.155970 -0.649559
v 0.072000 0.153721 -0.640193
v 0.036000 0.151472 -0.630826
v 0.285415 0.123956 -0.782806
v 0.259061 0.119839 -0.756812
v 0.232708 0.115723 -0.730818
v 0.206354 0.111607 -0.704824
v 0.285415 0.144319 -0.778755
v 0.259061 0.139527 -0.752896
v 0.232708 0.134735 -0.727037
v 0.206354 0.129943 -0.701177
v 0.285415 0.164683 -0.774705
v 0.259061 0.159215 -0.748980
v 0.232708 0.153746 -0.723255
v 0.206354 0.148278 -0.697530
v 0.285415 0.185047 -0.770654
v 0.259061 0.178902 -0.745064
v 0.232708 0.172758 -0.719473
v 0.206354 0.166613 -0.693883
v 0.350354 0.150562 -0.950833
v 0.340708 0.144940 -0.915325
v 0.331061 0.139317 -0.879816
v 0.321415 0.133694 -0.844308
v 0.350354 0.175297 -0.945913
v 0.340708 0.168751 -0.910588
v 0.331061 0.162204 -0.875264
v 0.321415 0.155658 -0.839939
v 0.350354 0.200032 -0.940993
v 0.340708 0.192562 -0.905852
v 0.331061 0.185092 -0.870711
v 0.321415 0.177622 -0.835570
v 0.350354 0.224767 -0.936073
v 0.340708 0.216373 -0.901116
v 0.331061 0.207979 -0.866158
v 0.321415 0.199585 -0.831201
v 0.321415 0.178676 -1.128374
v 0.331061 0.173053 -1.092866
v 0.340708 0.167430 -1.057358
v 0.350354 0.161808 -1.021849
v 0.321415 0.208029 -1.122535
v 0.331061 0.201482 -1.087211
v 0.340708 0.194936 -1.051886
v 0.350354 0.188390 -1.016562
v 0.321415 0.237382 -1.116697
v 0.331061 0.229912 -1.081556
v 0.340708 0.222442 -1.046415
v 0.350354 0.214972 -1.011274
v 0.321415 0.266736 -1.110858
v 0.331061 0.258342 -1.075901
v 0.340708 0.249948 -1.040944
v 0.350354 0.241554 -1.005987
v 0.206354 0.200762 -1.267858
v 0.232708 0.196646 -1.241864
v 0.259061 0.192530 -1.215870
v 0.285415 0.188414 -1.189876
v 0.206354 0.233744 -1.261297
v 0.232708 0.228952 -1.235438
v 0.259061 0.224160 -1.209579
v 0.285415 0.219367 -1.183719
v 0.206354 0.266726 -1.254737
v 0.232708 0.261258 -1.229012
v 0.259061 0.255789 -1.203287
v 0.285415 0.250321 -1.177562
v 0.206354 0.299708 -1.248176
v 0.232708 0.293563 -1.222586
v 0.259061 0.287419 -1.196996
v 0.285415 0.281274 -1.171405
v 0.036000 0.210905 -1.331909
v 0.072000 0.209398 -1.322395
v 0.108000 0.207892 -1.312880
v 0.144000 0.206385 -1.303366
v 0.036000 0.245553 -1.325017
v 0.072000 0.243799 -1.315552
v 0.108000 0.242045 -1.306087
v 0.144000 0.240291 -1.296622
v 0.036000 0.280201 -1.318125
v 0.072000 0.278199 -1.308709
v 0.108000 0.276198 -1.299293
v 0.144000 0.274196 -1.289877
v 0.036000 0.314849 -1.311234
v 0.072000 0.312600 -1.301867
v 0.108000 0.310351 -1.292500
v 0.144000 0.308102 -1.283133
v -0.144000 0.034496 -1.319154
v -0.108000 0.034748 -1.328784
v -0.072000 0.034999 -1.338414
v -0.036000 0.035251 -1.348043
v -0.144000 0.068992 -1.316893
v -0.108000 0.069495 -1.326506
v -0.072000 0.069999 -1.336120
v -0.036000 0.070503 -1.345733
v -0.144000 0.103488 -1.314632
v -0.108000 0.104243 -1.324229
v -0.072000 0.104999 -1.333826
v -0.036000 0.105754 -1.343422
v -0.144000 0.137984 -1.312371
v -0.108000 0.138991 -1.321951
v -0.072000 0.139998 -1.331532
v -0.036000 0.141005 -1.341112
v -0.285415 0.031492 -1.204290
v -0.259061 0.032180 -1.230598
v -0.232708 0.032868 -1.256907
v -0.206354 0.033556 -1.283216
v -0.285415 0.062984 -1.202225
v -0.259061 0.064360 -1.228489
v -0.232708 0.065736 -1.254753
v -0.206354 0.067112 -1.281016
v -0.285415 0.094477 -1.200161
v -0.259061 0.096540 -1.226380
v -0.232708 0.098604 -1.252598
v -0.206354 0.100668 -1.278817
v -0.285415 0.125969 -1.198097
v -0.259061 0.128721 -1.224271
v -0.232708 0.131472 -1.250444
v -0.206354 0.134224 -1.276618
v -0.350354 0.027045 -1.034227
v -0.340708 0.027985 -1.070166
v -0.331061 0.028925 -1.106104
v -0.321415 0.029864 -1.142043
v -0.350354 0.054090 -1.032455
v -0.340708 0.055970 -1.068331
v -0.331061 0.057849 -1.104208
v -0.321415 0.059729 -1.140085
v -0.350354 0.081135 -1.030682
v -0.340708 0.083954 -1.066497
v -0.331061 0.086774 -1.102312
v -0.321415 0.089593 -1.138128
v -0.350354 0.108180 -1.028909
v -0.340708 0.111939 -1.064663
v -0.331061 0.115699 -1.100417
v -0.321415 0.119458 -1.136170
v -0.321415 0.022346 -0.854535
v -0.331061 0.023286 -0.890474
v -0.340708 0.024226 -0.926412
v -0.350354 0.025165 -0.962351
v -0.321415 0.044692 -0.853071
v -0.331061 0.046572 -0.888948
v -0.340708 0.048451 -0.924824
v -0.350354 0.050331 -0.960701
v -0.321415 0.067038 -0.851606
v -0.331061 0.069858 -0.887421
v -0.340708 0.072677 -0.923236
v -0.350354 0.075496 -0.959052
v -0.321415 0.089384 -0.850142
v -0.331061 0.093144 -0.885895
v -0.340708 0.096903 -0.921649
v -0.350354 0.100662 -0.957402
v -0.206354 0.018654 -0.713362
v -0.232708 0.019342 -0.739671
v -0.259061 0.020030 -0.765980
v -0.285415 0.020718 -0.792288
v -0.206354 0.037309 -0.712139
v -0.232708 0.038685 -0.738403
v -0.259061 0.040061 -0.764667
v -0.285415 0.041437 -0.790930
v -0.206354 0.055963 -0.710917
v -0.232708 0.058027 -0.737135
v -0.259061 0.060091 -0.763354
v -0.285415 0.062155 -0.789572
v -0.206354 0.074618 -0.709694
v -0.232708 0.077370 -0.735868
v -0.259061 0.080121 -0.762041
v -0.285415 0.082873 -0.788214
v -0.036000 0.016959 -0.648535
v -0.072000 0.017211 -0.658164
v -0.108000 0.017463 -0.667794
v -0.144000 0.017715 -0.677424
v -0.036000 0.033918 -0.647423
v -0.072000 0.034422 -0.657036
v -0.108000 0.034926 -0.666649
v -0.144000 0.035429 -0.676263
v -0.036000 0.050878 -0.646312
v -0.072000 0.051633 -0.655908
v -0.108000 0.052388 -0.665505
v -0.144000 0.053144 -0.675102
v -0.036000 0.067837 -0.645200
v -0.072000 0.068844 -0.654780
v -0.108000 0.069851 -0.664360
v -0.144000 0.070859 -0.673940
v 0.144000 0.017715 -0.677424
v 0.108000 0.017463 -0.667794
v 0.072000 0.017211 -0.658164
v 0.036000 0.016959 -0.648535
v 0.144000 0.035429 -0.676263
v 0.108000 0.034926 -0.666649
v 0.072000 0.034422 -0.657036
v 0.036000 0.033918 -0.647423
v 0.144000 0.053144 -0.675102
v 0.108000 0.052388 -0.665505
v 0.072000 0.051633 -0.655908
v 0.036000 0.050878 -0.646312
v 0.144000 0.070859 -0.673940
v 0.108000 0.069851 -0.664360
v 0.072000 0.068844 -0.654780
v 0.036000 0.067837 -0.645200
v 0.285415 0.020718 -0.792288
v 0.259061 0.020030 -0.765980
v 0.232708 0.019342 -0.739671
v 0.206354 0.018654 -0.713362
v 0.285415 0.041437 -0.790930
v 0.259061 0.040061 -0.764667
v 0.232708 0.038685 -0.738403
v 0.206354 0.037309 -0.712139
v 0.285415 0.062155 -0.789572
v 0.259061 0.060091 -0.763354
v 0.232708 0.058027 -0.737135
v 0.206354 0.055963 -0.710917
v 0.285415 0.082873 -0.788214
v 0.259061 0.080122 -0.762041
v 0.232708 0.077370 -0.735868
v 0.206354 0.074618 -0.709694
v 0.350354 0.025165 -0.962351
v 0.340708 0.024226 -0.926412
v 0.331061 0.023286 -0.890474
v 0.321415 0.022346 -0.854535
v 0.350354 0.050331 -0.960701
v 0.340708 0.048451 -0.924824
v 0.331061 0.046572 -0.888948
v 0.321415 0.044692 -0.853071
v 0.350354 0.075496 -0.959052
v 0.340708 0.072677 -0.923237
v 0.331061 0.069858 -0.887421
v 0.321415 0.067038 -0.851606
v 0.350354 0.100662 -0.957402
v 0.340708 0.096903 -0.921649
v 0.331061 0.093144 -0.885895
v 0.321415 0.089384 -0.850142
v 0.321415 0.029864 -1.142043
v 0.331061 0.028925 -1.106104
v 0.340708 0.027985 -1.070166
v 0.350354 0.027045 -1.034227
v 0.321415 0.059729 -1.140085
v 0.331061 0.057849 -1.104208
v 0.340708 0.055970 -1.068332
v 0.350354 0.054090 -1.032455
v 0.321415 0.089593 -1.138128
v 0.331061 0.086774 -1.102312
v 0.340708 0.083955 -1.066497
v 0.350354 0.081135 -1.030682
v 0.321415 0.119458 -1.136170
v 0.331061 0.115699 -1.100417
v 0.340708 0.111939 -1.064663
v 0.350354 0.108180 -1.028909
v 0.206354 0.033556 -1.283216
v 0.232708 0.032868 -1.256907
v 0.259061 0.032180 -1.230598
v 0.285415 0.031492 -1.204290
v 0.206354 0.067112 -1.281016
v 0.232708 0.065736 -1.254753
v 0.259061 0.064360 -1.228489
v 0.285415 0.062984 -1.202225
v 0.206354 0.100668 -1.278817
v 0.232708 0.098604 -1.252599
v 0.259061 0.096540 -1.226380
v 0.285415 0.094477 -1.200161
v 0.206354 0.134224 -1.276618
v 0.232708 0.131473 -1.250444
v 0.259061 0.128721 -1.224271
v 0.285415 0.125969 -1.198097
v 0.036000 0.035251 -1.348043
v 0.072000 0.034999 -1.338413
v 0.108000 0.034748 -1.328784
v 0.144000 0.034496 -1.319154
v 0.036000 0.070503 -1.345733
v 0.072000 0.069999 -1.336120
v 0.108000 0.069495 -1.326506
v 0.144000 0.068992 -1.316893
v 0.036000 0.105754 -1.343422
v 0.072000 0.104999 -1.333826
v 0.108000 0.104243 -1.324229
v 0.144000 0.103488 -1.314632
v 0.036000 0.141005 -1.341112
v 0.072000 0.139998 -1.331532
v 0.108000 0.138991 -1.321951
v 0.144000 0.137984 -1.312371
vn 0.2583 0.0632 -0.9640
vn 0.7063 0.0463 -0.7064
vn 0.9658 0.0170 -0.2588
vn 0.9658 -0.0170 0.2588
vn 0.7063 -0.0463 0.7063
vn 0.2583 -0.0632 0.9640
vn -0.2583 -0.0632 0.9640
vn -0.7063 -0.0463 0.7063
vn -0.9658 -0.0170 0.2588
vn -0.9658 0.0170 -0.2588
vn -0.7063 0.0463 -0.7063
vn -0.2583 0.0632 -0.9640
vn 0.2583 0.1885 -0.9475
vn 0.7063 0.1381 -0.6943
vn 0.9658 0.0506 -0.2544
vn 0.9658 -0.0506 0.2544
vn 0.7063 -0.1381 0.6943
vn 0.2583 -0.1885 0.9475
vn -0.2583 -0.1885 0.9475
vn -0.7063 -0.1381 0.6943
vn -0.9658 -0.0506 0.2544
vn -0.9658 0.0506 -0.2544
vn -0.7063 0.1381 -0.6943
vn -0.2583 0.1885 -0.9475
vn 0.2583 0.3105 -0.9148
vn 0.7063 0.2275 -0.6703
vn 0.9658 0.0834 -0.2456
vn 0.9658 -0.0834 0.2456
vn 0.7063 -0.2275 0.6703
vn 0.2583 -0.3105 0.9148
vn -0.2583 -0.3105 0.9148
vn -0.7063 -0.2275 0.6703
vn -0.9658 -0.0834 0.2456
vn -0.9658 0.0834 -0.2456
vn -0.7064 0.2275 -0.6703
vn -0.2583 0.3105 -0.9148
vn 0.2583 0.4273 -0.8664
vn 0.7064 0.3131 -0.6349
vn 0.9658 0.1147 -0.2326
vn 0.9658 -0.1147 0.2326
vn 0.7063 -0.3131 0.6349
vn 0.2583 -0.4273 0.8664
vn -0.2583 -0.4273 0.8664
vn -0.7063 -0.3131 0.6349
vn -0.9658 -0.1147 0.2326
vn -0.9658 0.1147 -0.2326
vn -0.7063 0.3131 -0.6349
vn -0.2583 0.4273 -0.8664
vn 0.2583 0.5367 -0.8033
vn 0.7063 0.3933 -0.5886
vn 0.9658 0.1441 -0.2156
vn 0.9658 -0.1441 0.2156
vn 0.7063 -0.3933 0.5886
vn 0.2583 -0.5367 0.8033
vn -0.2583 -0.5367 0.8033
vn -0.7063 -0.3933 0.5886
vn -0.9658 -0.1441 0.2156
vn -0.9658 0.1441 -0.2156
vn -0.7063 0.3933 -0.5886
vn -0.2583 0.5367 -0.8033
vn 0.2583 0.6370 -0.7263
vn 0.7063 0.4667 -0.5322
vn 0.9658 0.1710 -0.1950
vn 0.9658 -0.1710 0.1950
vn 0.7063 -0.4667 0.5322
vn 0.2583 -0.6370 0.7263
vn -0.2583 -0.6370 0.7263
vn -0.7063 -0.4667 0.5322
vn -0.9658 -0.1710 0.1950
vn -0.9658 0.1710 -0.1950
vn -0.7064 0.4667 -0.5322
vn -0.2583 0.6370 -0.7263
vn 0.2583 0.7263 -0.6370
vn 0.7063 0.5322 -0.4667
vn 0.9658 0.1950 -0.1710
vn 0.9658 -0.1950 0.1710
vn 0.7064 -0.5322 0.4667
vn 0.2583 -0.7263 0.6370
vn -0.2583 -0.7263 0.6370
vn -0.7063 -0.5322 0.4667
vn -0.9658 -0.1950 0.1710
vn -0.9658 0.1950 -0.1710
vn -0.7063 0.5322 -0.4667
vn -0.2583 0.7263 -0.6370
vn 0.2583 0.8033 -0.5367
vn 0.7064 0.5886 -0.3933
vn 0.9658 0.2156 -0.1441
vn 0.9658 -0.2156 0.1441
vn 0.7063 -0.5886 0.3933
vn 0.2583 -0.8033 0.5367
vn -0.2583 -0.8033 0.5367
vn -0.7063 -0.5886 0.3933
vn -0.9658 -0.2156 0.1441
vn -0.9658 0.2156 -0.1441
vn -0.7063 0.5886 -0.3933
vn -0.2583 0.8033 -0.5367
vn 0.2583 0.8664 -0.4273
vn 0.7063 0.6349 -0.3131
vn 0.9658 0.2326 -0.1147
vn 0.9658 -0.2326 0.1147
vn 0.7063 -0.6349 0.3131
vn 0.2583 -0.8664 0.4273
vn -0.2583 -0.8664 0.4273
vn -0.7063 -0.6349 0.3131
vn -0.9658 -0.2326 0.1147
vn -0.9658 0.2326 -0.1147
vn -0.7064 0.6349 -0.3131
vn -0.2583 0.8664 -0.4273
vn 0.2583 0.9148 -0.3105
vn 0.7063 0.6703 -0.2275
vn 0.9658 0.2456 -0.0834
vn 0.9658 -0.2456 0.0834
vn 0.7063 -0.6703 0.2275
vn 0.2583 -0.9148 0.3105
vn -0.2583 -0.9148 0.3105
vn -0.7063 -0.6703 0.2275
vn -0.9658 -0.2456 0.0834
vn -0.9658 0.2456 -0.0834
vn -0.7063 0.6703 -0.2275
vn -0.2583 0.9148 -0.3105
vn 0.2583 0.9475 -0.1885
vn 0.7063 0.6943 -0.1381
vn 0.9658 0.2544 -0.0506
vn 0.9658 -0.2544 0.0506
vn 0.7063 -0.6943 0.1381
vn 0.2583 -0.9475 0.1885
vn -0.2583 -0.9475 0.1885
vn -0.7063 -0.6943 0.1381
vn -0.9658 -0.2544 0.0506
vn -0.9658 0.2544 -0.0506
vn -0.7063 0.6943 -0.1381
vn -0.2583 0.9475 -0.1885
vn 0.2583 0.9640 -0.0632
vn 0.7063 0.7063 -0.0463
vn 0.9658 0.2588 -0.0170
vn 0.9658 -0.2588 0.0170
vn 0.7063 -0.7063 0.0463
vn 0.2583 -0.9640 0.0632
vn -0.2583 -0.9640 0.0632
vn -0.7063 -0.7063 0.0463
vn -0.9658 -0.2588 0.0170
vn -0.9658 0.2588 -0.0170
vn -0.7063 0.7063 -0.0463
vn -0.2583 0.9640 -0.0632
vn 0.7063 0.7064 -0.0463
vn -0.7064 0.6943 -0.1381
vn 0.7064 -0.6943 0.1381
vn 0.7064 0.6943 -0.1381
vn -0.7064 0.6703 -0.2275
vn 0.7064 -0.6703 0.2275
vn 0.7064 0.6703 -0.2275
vn -0.7063 0.6349 -0.3131
vn -0.7064 -0.6349 0.3131
vn 0.7064 0.6349 -0.3131
vn -0.2583 0.8032 -0.5367
vn -0.7064 0.5886 -0.3933
vn -0.7064 -0.5886 0.3933
vn -0.2583 -0.8032 0.5367
vn 0.7064 -0.5886 0.3933
vn 0.7063 0.5886 -0.3933
vn 0.2583 0.8032 -0.5367
vn -0.7064 0.5322 -0.4667
vn -0.7064 -0.5322 0.4667
vn 0.7063 -0.5322 0.4667
vn 0.7064 0.5322 -0.4667
vn -0.7063 0.4667 -0.5322
vn -0.7064 -0.4667 0.5322
vn 0.7064 -0.4667 0.5322
vn 0.7064 0.4667 -0.5322
vn -0.7064 0.3933 -0.5886
vn -0.7064 -0.3933 0.5886
vn 0.7064 -0.3933 0.5886
vn 0.7064 0.3933 -0.5886
vn 0.2583 0.5367 -0.8032
vn -0.7064 0.3131 -0.6349
vn -0.7064 -0.3131 0.6349
vn 0.7064 -0.3131 0.6349
vn 0.7063 0.3131 -0.6349
vn -0.7063 0.2275 -0.6703
vn -0.7064 -0.2275 0.6703
vn 0.7064 -0.2275 0.6703
vn 0.7064 0.2275 -0.6703
vn -0.7064 0.1381 -0.6943
vn -0.7064 -0.1381 0.6943
vn 0.7064 -0.1381 0.6943
vn 0.7064 0.1381 -0.6943
vn -0.7064 0.0463 -0.7063
vn -0.7063 0.0463 -0.7064
vn -0.7063 -0.0463 0.7064
vn -0.7064 -0.0463 0.7063
vn 0.7063 -0.0463 0.7064
vn 0.7064 -0.0463 0.7063
vn 0.7063 0.0463 -0.7063
vn 0.7064 0.0463 -0.7063
vn -0.7064 0.7063 -0.0463
vn -0.7064 -0.6943 0.1381
vn 0.7064 -0.6349 0.3131
vn 0.2583 -0.8032 0.5367
vt 0.766667 0.566667
vt 0.770833 0.583333
vt 0.766667 0.583333
vt 0.766667 0.650000
vt 0.770833 0.666667
vt 0.766667 0.666667
vt 0.766667 0.733333
vt 0.770833 0.750000
vt 0.766667 0.750000
vt 0.766667 0.816667
vt 0.770833 0.833333
vt 0.766667 0.833333
vt 0.766667 0.900000
vt 0.770833 0.916667
vt 0.766667 0.916667
vt 0.766667 0.983333
vt 0.770833 1.000000
vt 0.766667 1.000000
vt 0.770833 0.066667
vt 0.766667 0.083333
vt 0.766667 0.066667
vt 0.770833 0.150000
vt 0.766667 0.166667
vt 0.766667 0.150000
vt 0.770833 0.233333
vt 0.766667 0.250000
vt 0.766667 0.233333
vt 0.770833 0.316667
vt 0.766667 0.333333
vt 0.766667 0.316667
vt 0.770833 0.400000
vt 0.766667 0.416667
vt 0.766667 0.400000
vt 0.770833 0.483333
vt 0.766667 0.500000
vt 0.766667 0.483333
vt 0.787500 0.566667
vt 0.791667 0.583333
vt 0.787500 0.583333
vt 0.787500 0.650000
vt 0.791667 0.666667
vt 0.787500 0.666667
vt 0.787500 0.733333
vt 0.791667 0.750000
vt 0.787500 0.750000
vt 0.787500 0.816667
vt 0.791667 0.833333
vt 0.787500 0.833333
vt 0.787500 0.900000
vt 0.791667 0.916667
vt 0.787500 0.916667
vt 0.787500 0.983333
vt 0.791667 1.000000
vt 0.787500 1.000000
vt 0.791667 0.066667
vt 0.787500 0.083333
vt 0.787500 0.066667
vt 0.791667 0.150000
vt 0.787500 0.166667
vt 0.787500 0.150000
vt 0.791667 0.233333
vt 0.787500 0.250000
vt 0.787500 0.233333
vt 0.791667 0.316667
vt 0.787500 0.333333
vt 0.787500 0.316667
vt 0.791667 0.400000
vt 0.787500 0.416667
vt 0.787500 0.400000
vt 0.791667 0.483333
vt 0.787500 0.500000
vt 0.787500 0.483333
vt 0.808333 0.566667
vt 0.812500 0.583333
vt 0.808333 0.583333
vt 0.808333 0.650000
vt 0.812500 0.666667
vt 0.808333 0.666667
vt 0.808333 0.733333
vt 0.812500 0.750000
vt 0.808333 0.750000
vt 0.808333 0.816667
vt 0.812500 0.833333
vt 0.808333 0.833333
vt 0.808333 0.900000
vt 0.812500 0.916667
vt 0.808333 0.916667
vt 0.808333 0.983333
vt 0.812500 1.000000
vt 0.808333 1.000000
vt 0.812500 0.066667
vt 0.808333 0.083333
vt 0.808333 0.066667
vt 0.812500 0.150000
vt 0.808333 0.166667
vt 0.808333 0.150000
vt 0.812500 0.233333
vt 0.808333 0.250000
vt 0.808333 0.233333
vt 0.812500 0.316667
vt 0.808333 0.333333
vt 0.808333 0.316667
vt 0.812500 0.400000
vt 0.808333 0.416667
vt 0.808333 0.400000
vt 0.812500 0.483333
vt 0.808333 0.500000
vt 0.808333 0.483333
vt 0.829167 0.566667
vt 0.833333 0.583333
vt 0.829167 0.583333
vt 0.829167 0.650000
vt 0.833333 0.666667
vt 0.829167 0.666667
vt 0.829167 0.733333
vt 0.833333 0.750000
vt 0.829167 0.750000
vt 0.829167 0.816667
vt 0.833333 0.833333
vt 0.829167 0.833333
vt 0.829167 0.900000
vt 0.833333 0.916667
vt 0.829167 0.916667
vt 0.829167 0.983333
vt 0.833333 1.000000
vt 0.829167 1.000000
vt 0.833333 0.066667
vt 0.829167 0.083333
vt 0.829167 0.066667
vt 0.833333 0.150000
vt 0.829167 0.166667
vt 0.829167 0.150000
vt 0.833333 0.233333
vt 0.829167 0.250000
vt 0.829167 0.233333
vt 0.833333 0.316667
vt 0.829167 0.333333
vt 0.829167 0.316667
vt 0.833333 0.400000
vt 0.829167 0.416667
vt 0.829167 0.400000
vt 0.833333 0.483333
vt 0.829167 0.500000
vt 0.829167 0.483333
vt 0.850000 0.566667
vt 0.854167 0.583333
vt 0.850000 0.583333
vt 0.850000 0.650000
vt 0.854167 0.666667
vt 0.850000 0.666667
vt 0.850000 0.733333
vt 0.854167 0.750000
vt 0.850000 0.750000
vt 0.850000 0.816667
vt 0.854167 0.833333
vt 0.850000 0.833333
vt 0.850000 0.900000
vt 0.854167 0.916667
vt 0.850000 0.916667
vt 0.850000 0.983333
vt 0.854167 1.000000
vt 0.850000 1.000000
vt 0.854167 0.066667
vt 0.850000 0.083333
vt 0.850000 0.066667
vt 0.854167 0.150000
vt 0.850000 0.166667
vt 0.850000 0.150000
vt 0.854167 0.233333
vt 0.850000 0.250000
vt 0.850000 0.233333
vt 0.854167 0.316667
vt 0.850000 0.333333
vt 0.850000 0.316667
vt 0.854167 0.400000
vt 0.850000 0.416667
vt 0.850000 0.400000
vt 0.854167 0.483333
vt 0.850000 0.500000
vt 0.850000 0.483333
vt 0.870833 0.566667
vt 0.875000 0.583333
vt 0.870833 0.583333
vt 0.870833 0.650000
vt 0.875000 0.666667
vt 0.870833 0.666667
vt 0.870833 0.733333
vt 0.875000 0.750000
vt 0.870833 0.750000
vt 0.870833 0.816667
vt 0.875000 0.833333
vt 0.870833 0.833333
vt 0.870833 0.900000
vt 0.875000 0.916667
vt 0.870833 0.916667
vt 0.870833 0.983333
vt 0.875000 1.000000
vt 0.870833 1.000000
vt 0.875000 0.066667
vt 0.870833 0.083333
vt 0.870833 0.066667
vt 0.875000 0.150000
vt 0.870833 0.166667
vt 0.870833 0.150000
vt 0.875000 0.233333
vt 0.870833 0.250000
vt 0.870833 0.233333
vt 0.875000 0.316667
vt 0.870833 0.333333
vt 0.870833 0.316667
vt 0.875000 0.400000
vt 0.870833 0.416667
vt 0.870833 0.400000
vt 0.875000 0.483333
vt 0.870833 0.500000
vt 0.870833 0.483333
vt 0.891667 0.566667
vt 0.895833 0.583333
vt 0.891667 0.583333
vt 0.891667 0.650000
vt 0.895833 0.666667
vt 0.891667 0.666667
vt 0.891667 0.733333
vt 0.895833 0.750000
vt 0.891667 0.750000
vt 0.891667 0.816667
vt 0.895833 0.833333
vt 0.891667 0.833333
vt 0.891667 0.900000
vt 0.895833 0.916667
vt 0.891667 0.916667
vt 0.891667 0.983333
vt 0.895833 1.000000
vt 0.891667 1.000000
vt 0.895833 0.066667
vt 0.891667 0.083333
vt 0.891667 0.066667
vt 0.895833 0.150000
vt 0.891667 0.166667
vt 0.891667 0.150000
vt 0.895833 0.233333
vt 0.891667 0.250000
vt 0.891667 0.233333
vt 0.895833 0.316667
vt 0.891667 0.333333
vt 0.891667 0.316667
vt 0.895833 0.400000
vt 0.891667 0.416667
vt 0.891667 0.400000
vt 0.895833 0.483333
vt 0.891667 0.500000
vt 0.891667 0.483333
vt 0.912500 0.566667
vt 0.916667 0.583333
vt 0.912500 0.583333
vt 0.912500 0.650000
vt 0.916667 0.666667
vt 0.912500 0.666667
vt 0.912500 0.733333
vt 0.916667 0.750000
vt 0.912500 0.750000
vt 0.912500 0.816667
vt 0.916667 0.833333
vt 0.912500 0.833333
vt 0.912500 0.900000
vt 0.916667 0.916667
vt 0.912500 0.916667
vt 0.912500 0.983333
vt 0.916667 1.000000
vt 0.912500 1.000000
vt 0.916667 0.066667
vt 0.912500 0.083333
vt 0.912500 0.066667
vt 0.916667 0.150000
vt 0.912500 0.166667
vt 0.912500 0.150000
vt 0.916667 0.233333
vt 0.912500 0.250000
vt 0.912500 0.233333
vt 0.916667 0.316667
vt 0.912500 0.333333
vt 0.912500 0.316667
vt 0.916667 0.400000
vt 0.912500 0.416667
vt 0.912500 0.400000
vt 0.916667 0.483333
vt 0.912500 0.500000
vt 0.912500 0.483333
vt 0.933333 0.566667
vt 0.937500 0.583333
vt 0.933333 0.583333
vt 0.933333 0.650000
vt 0.937500 0.666667
vt 0.933333 0.666667
vt 0.933333 0.733333
vt 0.937500 0.750000
vt 0.933333 0.750000
vt 0.933333 0.816667
vt 0.937500 0.833333
vt 0.933333 0.833333
vt 0.933333 0.900000
vt 0.937500 0.916667
vt 0.933333 0.916667
vt 0.933333 0.983333
vt 0.937500 1.000000
vt 0.933333 1.000000
vt 0.937500 0.066667
vt 0.933333 0.083333
vt 0.933333 0.066667
vt 0.937500 0.150000
vt 0.933333 0.166667
vt 0.933333 0.150000
vt 0.937500 0.233333
vt 0.933333 0.250000
vt 0.933333 0.233333
vt 0.937500 0.316667
vt 0.933333 0.333333
vt 0.933333 0.316667
vt 0.937500 0.400000
vt 0.933333 0.416667
vt 0.933333 0.400000
vt 0.937500 0.483333
vt 0.933333 0.500000
vt 0.933333 0.483333
vt 0.954167 0.566667
vt 0.958333 0.583333
vt 0.954167 0.583333
vt 0.954167 0.650000
vt 0.958333 0.666667
vt 0.954167 0.666667
vt 0.954167 0.733333
vt 0.958333 0.750000
vt 0.954167 0.750000
vt 0.954167 0.816667
vt 0.958333 0.833333
vt 0.954167 0.833333
vt 0.954167 0.900000
vt 0.958333 0.916667
vt 0.954167 0.916667
vt 0.954167 0.983333
vt 0.958333 1.000000
vt 0.954167 1.000000
vt 0.958333 0.066667
vt 0.954167 0.083333
vt 0.954167 0.066667
vt 0.958333 0.150000
vt 0.954167 0.166667
vt 0.954167 0.150000
vt 0.958333 0.233333
vt 0.954167 0.250000
vt 0.954167 0.233333
vt 0.958333 0.316667
vt 0.954167 0.333333
vt 0.954167 0.316667
vt 0.958333 0.400000
vt 0.954167 0.416667
vt 0.954167 0.400000
vt 0.958333 0.483333
vt 0.954167 0.500000
vt 0.954167 0.483333
vt 0.975000 0.566667
vt 0.979167 0.583333
vt 0.975000 0.583333
vt 0.975000 0.650000
vt 0.979167 0.666667
vt 0.975000 0.666667
vt 0.975000 0.733333
vt 0.979167 0.750000
vt 0.975000 0.750000
vt 0.975000 0.816667
vt 0.979167 0.833333
vt 0.975000 0.833333
vt 0.975000 0.900000
vt 0.979167 0.916667
vt 0.975000 0.916667
vt 0.975000 0.983333
vt 0.979167 1.000000
vt 0.975000 1.000000
vt 0.979167 0.066667
vt 0.975000 0.083333
vt 0.975000 0.066667
vt 0.979167 0.150000
vt 0.975000 0.166667
vt 0.975000 0.150000
vt 0.979167 0.233333
vt 0.975000 0.250000
vt 0.975000 0.233333
vt 0.979167 0.316667
vt 0.975000 0.333333
vt 0.975000 0.316667
vt 0.979167 0.400000
vt 0.975000 0.416667
vt 0.975000 0.400000
vt 0.979167 0.483333
vt 0.975000 0.500000
vt 0.975000 0.483333
vt 0.995833 0.566667
vt 1.000000 0.583333
vt 0.995833 0.583333
vt 0.995833 0.650000
vt 1.000000 0.666667
vt 0.995833 0.666667
vt 0.995833 0.733333
vt 1.000000 0.750000
vt 0.995833 0.750000
vt 0.995833 0.816667
vt 1.000000 0.833333
vt 0.995833 0.833333
vt 0.995833 0.900000
vt 1.000000 0.916667
vt 0.995833 0.916667
vt 0.995833 0.983333
vt 1.000000 1.000000
vt 0.995833 1.000000
vt 1.000000 0.066667
vt 0.995833 0.083333
vt 0.995833 0.066667
vt 1.000000 0.150000
vt 0.995833 0.166667
vt 0.995833 0.150000
vt 1.000000 0.233333
vt 0.995833 0.250000
vt 0.995833 0.233333
vt 1.000000 0.316667
vt 0.995833 0.333333
vt 0.995833 0.316667
vt 1.000000 0.400000
vt 0.995833 0.416667
vt 0.995833 0.400000
vt 1.000000 0.483333
vt 0.995833 0.500000
vt 0.995833 0.483333
vt 0.983333 0.500000
vt 0.979167 0.500000
vt 0.983333 0.483333
vt 0.987500 0.500000
vt 0.991667 0.483333
vt 0.987500 0.483333
vt 0.991667 0.500000
vt 0.979167 0.416667
vt 0.983333 0.433333
vt 0.979167 0.433333
vt 0.983333 0.450000
vt 0.979167 0.450000
vt 0.983333 0.466667
vt 0.979167 0.466667
vt 0.983333 0.416667
vt 0.987500 0.433333
vt 0.987500 0.450000
vt 0.987500 0.466667
vt 0.991667 0.416667
vt 0.987500 0.416667
vt 0.991667 0.433333
vt 0.991667 0.450000
vt 0.991667 0.466667
vt 0.995833 0.433333
vt 0.995833 0.450000
vt 0.995833 0.466667
vt 1.000000 0.416667
vt 1.000000 0.433333
vt 1.000000 0.450000
vt 1.000000 0.466667
vt 0.983333 0.400000
vt 0.987500 0.400000
vt 0.991667 0.400000
vt 0.979167 0.333333
vt 0.983333 0.350000
vt 0.979167 0.350000
vt 0.983333 0.366667
vt 0.979167 0.366667
vt 0.983333 0.383333
vt 0.979167 0.383333
vt 0.983333 0.333333
vt 0.987500 0.350000
vt 0.987500 0.366667
vt 0.987500 0.383333
vt 0.991667 0.333333
vt 0.987500 0.333333
vt 0.991667 0.350000
vt 0.991667 0.383333
vt 0.995833 0.350000
vt 0.991667 0.366667
vt 0.995833 0.366667
vt 0.995833 0.383333
vt 1.000000 0.333333
vt 1.000000 0.350000
vt 1.000000 0.366667
vt 1.000000 0.383333
vt 0.983333 0.316667
vt 0.991667 0.316667
vt 0.987500 0.316667
vt 0.979167 0.250000
vt 0.983333 0.266667
vt 0.979167 0.266667
vt 0.983333 0.283333
vt 0.979167 0.283333
vt 0.983333 0.300000
vt 0.979167 0.300000
vt 0.983333 0.250000
vt 0.987500 0.266667
vt 0.987500 0.283333
vt 0.987500 0.300000
vt 0.991667 0.250000
vt 0.987500 0.250000
vt 0.991667 0.283333
vt 0.991667 0.300000
vt 0.991667 0.266667
vt 0.995833 0.266667
vt 0.995833 0.283333
vt 0.995833 0.300000
vt 1.000000 0.250000
vt 1.000000 0.266667
vt 1.000000 0.283333
vt 1.000000 0.300000
vt 0.983333 0.233333
vt 0.991667 0.233333
vt 0.987500 0.233333
vt 0.979167 0.166667
vt 0.983333 0.183333
vt 0.979167 0.183333
vt 0.983333 0.200000
vt 0.979167 0.200000
vt 0.983333 0.216667
vt 0.979167 0.216667
vt 0.983333 0.166667
vt 0.987500 0.183333
vt 0.987500 0.200000
vt 0.987500 0.216667
vt 0.987500 0.166667
vt 0.991667 0.183333
vt 0.991667 0.200000
vt 0.991667 0.216667
vt 0.991667 0.166667
vt 0.995833 0.183333
vt 0.995833 0.200000
vt 0.995833 0.216667
vt 1.000000 0.166667
vt 1.000000 0.183333
vt 1.000000 0.200000
vt 1.000000 0.216667
vt 0.983333 0.150000
vt 0.987500 0.150000
vt 0.991667 0.150000
vt 0.979167 0.083333
vt 0.983333 0.100000
vt 0.979167 0.100000
vt 0.983333 0.116667
vt 0.979167 0.116667
vt 0.983333 0.133333
vt 0.979167 0.133333
vt 0.983333 0.083333
vt 0.987500 0.100000
vt 0.987500 0.116667
vt 0.987500 0.133333
vt 0.991667 0.083333
vt 0.987500 0.083333
vt 0.991667 0.100000
vt 0.991667 0.116667
vt 0.995833 0.100000
vt 0.995833 0.116667
vt 0.991667 0.133333
vt 0.995833 0.133333
vt 1.000000 0.083333
vt 1.000000 0.100000
vt 1.000000 0.116667
vt 1.000000 0.133333
vt 0.983333 0.066667
vt 0.987500 0.066667
vt 0.991667 0.066667
vt 0.979167 0.000000
vt 0.983333 0.016667
vt 0.979167 0.016667
vt 0.983333 0.033333
vt 0.979167 0.033333
vt 0.983333 0.050000
vt 0.979167 0.050000
vt 0.983333 0.000000
vt 0.987500 0.016667
vt 0.987500 0.033333
vt 0.987500 0.050000
vt 0.987500 0.000000
vt 0.991667 0.016667
vt 0.991667 0.033333
vt 0.991667 0.050000
vt 0.995833 0.000000
vt 0.991667 0.000000
vt 0.995833 0.016667
vt 0.995833 0.033333
vt 0.995833 0.050000
vt 1.000000 0.000000
vt 1.000000 0.016667
vt 1.000000 0.033333
vt 1.000000 0.050000
vt 0.983333 0.983333
vt 0.979167 0.983333
vt 0.987500 0.983333
vt 0.983333 1.000000
vt 0.991667 0.983333
vt 0.987500 1.000000
vt 0.991667 1.000000
vt 0.983333 0.916667
vt 0.979167 0.933333
vt 0.983333 0.933333
vt 0.979167 0.950000
vt 0.983333 0.950000
vt 0.979167 0.966667
vt 0.983333 0.966667
vt 0.987500 0.916667
vt 0.987500 0.933333
vt 0.987500 0.950000
vt 0.987500 0.966667
vt 0.991667 0.916667
vt 0.991667 0.933333
vt 0.991667 0.950000
vt 0.991667 0.966667
vt 0.995833 0.933333
vt 0.995833 0.950000
vt 0.995833 0.966667
vt 1.000000 0.933333
vt 1.000000 0.950000
vt 1.000000 0.966667
vt 1.000000 0.983333
vt 0.983333 0.900000
vt 0.979167 0.900000
vt 0.987500 0.900000
vt 0.991667 0.900000
vt 0.983333 0.833333
vt 0.979167 0.850000
vt 0.983333 0.850000
vt 0.979167 0.866667
vt 0.983333 0.866667
vt 0.979167 0.883333
vt 0.983333 0.883333
vt 0.987500 0.833333
vt 0.987500 0.850000
vt 0.987500 0.866667
vt 0.987500 0.883333
vt 0.991667 0.833333
vt 0.991667 0.866667
vt 0.991667 0.883333
vt 0.995833 0.850000
vt 0.991667 0.850000
vt 0.995833 0.866667
vt 0.995833 0.883333
vt 1.000000 0.850000
vt 1.000000 0.866667
vt 1.000000 0.883333
vt 1.000000 0.900000
vt 0.983333 0.816667
vt 0.979167 0.816667
vt 0.987500 0.816667
vt 0.991667 0.816667
vt 0.983333 0.750000
vt 0.979167 0.766667
vt 0.983333 0.766667
vt 0.979167 0.783333
vt 0.983333 0.783333
vt 0.979167 0.800000
vt 0.983333 0.800000
vt 0.987500 0.750000
vt 0.987500 0.766667
vt 0.987500 0.783333
vt 0.987500 0.800000
vt 0.991667 0.766667
vt 0.991667 0.783333
vt 0.991667 0.800000
vt 0.991667 0.750000
vt 0.995833 0.766667
vt 0.995833 0.783333
vt 0.995833 0.800000
vt 1.000000 0.766667
vt 1.000000 0.783333
vt 1.000000 0.800000
vt 1.000000 0.816667
vt 0.983333 0.733333
vt 0.979167 0.733333
vt 0.987500 0.733333
vt 0.991667 0.733333
vt 0.983333 0.666667
vt 0.979167 0.683333
vt 0.983333 0.683333
vt 0.979167 0.700000
vt 0.983333 0.700000
vt 0.979167 0.716667
vt 0.983333 0.716667
vt 0.987500 0.666667
vt 0.987500 0.683333
vt 0.987500 0.700000
vt 0.987500 0.716667
vt 0.991667 0.683333
vt 0.991667 0.700000
vt 0.991667 0.716667
vt 0.991667 0.666667
vt 0.995833 0.683333
vt 0.995833 0.700000
vt 0.995833 0.716667
vt 1.000000 0.683333
vt 1.000000 0.700000
vt 1.000000 0.716667
vt 1.000000 0.733333
vt 0.983333 0.650000
vt 0.979167 0.650000
vt 0.987500 0.650000
vt 0.991667 0.650000
vt 0.983333 0.583333
vt 0.979167 0.600000
vt 0.983333 0.600000
vt 0.979167 0.616667
vt 0.983333 0.616667
vt 0.979167 0.633333
vt 0.983333 0.633333
vt 0.987500 0.583333
vt 0.987500 0.600000
vt 0.987500 0.616667
vt 0.987500 0.633333
vt 0.991667 0.583333
vt 0.991667 0.616667
vt 0.991667 0.633333
vt 0.995833 0.600000
vt 0.991667 0.600000
vt 0.995833 0.616667
vt 0.995833 0.633333
vt 1.000000 0.600000
vt 1.000000 0.616667
vt 1.000000 0.633333
vt 1.000000 0.650000
vt 0.983333 0.566667
vt 0.979167 0.566667
vt 0.987500 0.566667
vt 0.991667 0.566667
vt 0.979167 0.516667
vt 0.983333 0.516667
vt 0.979167 0.533333
vt 0.983333 0.533333
vt 0.979167 0.550000
vt 0.983333 0.550000
vt 0.987500 0.516667
vt 0.987500 0.533333
vt 0.987500 0.550000
vt 0.991667 0.516667
vt 0.991667 0.533333
vt 0.995833 0.516667
vt 0.995833 0.533333
vt 0.995833 0.550000
vt 0.991667 0.550000
vt 1.000000 0.516667
vt 1.000000 0.533333
vt 1.000000 0.550000
vt 1.000000 0.566667
vt 0.962500 0.500000
vt 0.958333 0.500000
vt 0.962500 0.483333
vt 0.966667 0.500000
vt 0.966667 0.483333
vt 0.970833 0.500000
vt 0.970833 0.483333
vt 0.958333 0.416667
vt 0.962500 0.433333
vt 0.958333 0.433333
vt 0.962500 0.450000
vt 0.958333 0.450000
vt 0.962500 0.466667
vt 0.958333 0.466667
vt 0.962500 0.416667
vt 0.966667 0.433333
vt 0.966667 0.450000
vt 0.966667 0.466667
vt 0.966667 0.416667
vt 0.970833 0.433333
vt 0.970833 0.450000
vt 0.970833 0.466667
vt 0.970833 0.416667
vt 0.975000 0.433333
vt 0.975000 0.450000
vt 0.975000 0.466667
vt 0.962500 0.400000
vt 0.966667 0.400000
vt 0.970833 0.400000
vt 0.958333 0.333333
vt 0.962500 0.350000
vt 0.958333 0.350000
vt 0.962500 0.366667
vt 0.958333 0.366667
vt 0.962500 0.383333
vt 0.958333 0.383333
vt 0.962500 0.333333
vt 0.966667 0.350000
vt 0.966667 0.366667
vt 0.966667 0.383333
vt 0.966667 0.333333
vt 0.970833 0.350000
vt 0.970833 0.366667
vt 0.970833 0.383333
vt 0.970833 0.333333
vt 0.975000 0.350000
vt 0.975000 0.366667
vt 0.975000 0.383333
vt 0.962500 0.316667
vt 0.966667 0.316667
vt 0.970833 0.316667
vt 0.958333 0.250000
vt 0.962500 0.266667
vt 0.958333 0.266667
vt 0.962500 0.283333
vt 0.958333 0.283333
vt 0.962500 0.300000
vt 0.958333 0.300000
vt 0.962500 0.250000
vt 0.966667 0.266667
vt 0.966667 0.283333
vt 0.966667 0.300000
vt 0.970833 0.250000
vt 0.966667 0.250000
vt 0.970833 0.266667
vt 0.970833 0.283333
vt 0.975000 0.266667
vt 0.975000 0.283333
vt 0.970833 0.300000
vt 0.975000 0.300000
vt 0.962500 0.233333
vt 0.966667 0.233333
vt 0.970833 0.233333
vt 0.958333 0.166667
vt 0.962500 0.183333
vt 0.958333 0.183333
vt 0.962500 0.200000
vt 0.958333 0.200000
vt 0.962500 0.216667
vt 0.958333 0.216667
vt 0.962500 0.166667
vt 0.966667 0.183333
vt 0.966667 0.200000
vt 0.966667 0.216667
vt 0.970833 0.166667
vt 0.966667 0.166667
vt 0.970833 0.200000
vt 0.970833 0.216667
vt 0.970833 0.183333
vt 0.975000 0.183333
vt 0.975000 0.200000
vt 0.975000 0.216667
vt 0.962500 0.150000
vt 0.970833 0.150000
vt 0.966667 0.150000
vt 0.958333 0.083333
vt 0.962500 0.100000
vt 0.958333 0.100000
vt 0.962500 0.116667
vt 0.958333 0.116667
vt 0.962500 0.133333
vt 0.958333 0.133333
vt 0.962500 0.083333
vt 0.966667 0.100000
vt 0.966667 0.116667
vt 0.966667 0.133333
vt 0.966667 0.083333
vt 0.970833 0.100000
vt 0.970833 0.133333
vt 0.970833 0.083333
vt 0.975000 0.100000
vt 0.970833 0.116667
vt 0.975000 0.116667
vt 0.975000 0.133333
vt 0.962500 0.066667
vt 0.970833 0.066667
vt 0.966667 0.066667
vt 0.958333 0.000000
vt 0.962500 0.016667
vt 0.958333 0.016667
vt 0.962500 0.033333
vt 0.958333 0.033333
vt 0.962500 0.050000
vt 0.958333 0.050000
vt 0.962500 0.000000
vt 0.966667 0.016667
vt 0.966667 0.033333
vt 0.966667 0.050000
vt 0.966667 0.000000
vt 0.970833 0.016667
vt 0.970833 0.033333
vt 0.970833 0.050000
vt 0.975000 0.000000
vt 0.970833 0.000000
vt 0.975000 0.016667
vt 0.975000 0.033333
vt 0.975000 0.050000
vt 0.962500 0.983333
vt 0.958333 0.983333
vt 0.966667 0.983333
vt 0.962500 1.000000
vt 0.970833 0.983333
vt 0.966667 1.000000
vt 0.970833 1.000000
vt 0.962500 0.916667
vt 0.958333 0.933333
vt 0.962500 0.933333
vt 0.958333 0.950000
vt 0.962500 0.950000
vt 0.958333 0.966667
vt 0.962500 0.966667
vt 0.966667 0.916667
vt 0.966667 0.933333
vt 0.966667 0.950000
vt 0.966667 0.966667
vt 0.970833 0.916667
vt 0.970833 0.933333
vt 0.970833 0.950000
vt 0.970833 0.966667
vt 0.975000 0.933333
vt 0.975000 0.950000
vt 0.975000 0.966667
vt 0.962500 0.900000
vt 0.958333 0.900000
vt 0.966667 0.900000
vt 0.970833 0.900000
vt 0.962500 0.833333
vt 0.958333 0.850000
vt 0.962500 0.850000
vt 0.958333 0.866667
vt 0.962500 0.866667
vt 0.958333 0.883333
vt 0.962500 0.883333
vt 0.966667 0.833333
vt 0.966667 0.850000
vt 0.966667 0.866667
vt 0.966667 0.883333
vt 0.970833 0.850000
vt 0.970833 0.866667
vt 0.970833 0.883333
vt 0.970833 0.833333
vt 0.975000 0.850000
vt 0.975000 0.866667
vt 0.975000 0.883333
vt 0.962500 0.816667
vt 0.958333 0.816667
vt 0.966667 0.816667
vt 0.970833 0.816667
vt 0.962500 0.750000
vt 0.958333 0.766667
vt 0.962500 0.766667
vt 0.958333 0.783333
vt 0.962500 0.783333
vt 0.958333 0.800000
vt 0.962500 0.800000
vt 0.966667 0.750000
vt 0.966667 0.766667
vt 0.966667 0.783333
vt 0.966667 0.800000
vt 0.970833 0.750000
vt 0.970833 0.783333
vt 0.970833 0.800000
vt 0.975000 0.766667
vt 0.970833 0.766667
vt 0.975000 0.783333
vt 0.975000 0.800000
vt 0.962500 0.733333
vt 0.958333 0.733333
vt 0.966667 0.733333
vt 0.970833 0.733333
vt 0.962500 0.666667
vt 0.958333 0.683333
vt 0.962500 0.683333
vt 0.958333 0.700000
vt 0.962500 0.700000
vt 0.958333 0.716667
vt 0.962500 0.716667
vt 0.966667 0.666667
vt 0.966667 0.683333
vt 0.966667 0.700000
vt 0.966667 0.716667
vt 0.970833 0.666667
vt 0.970833 0.683333
vt 0.970833 0.700000
vt 0.970833 0.716667
vt 0.975000 0.683333
vt 0.975000 0.700000
vt 0.975000 0.716667
vt 0.962500 0.650000
vt 0.958333 0.650000
vt 0.966667 0.650000
vt 0.970833 0.650000
vt 0.962500 0.583333
vt 0.958333 0.600000
vt 0.962500 0.600000
vt 0.958333 0.616667
vt 0.962500 0.616667
vt 0.958333 0.633333
vt 0.962500 0.633333
vt 0.966667 0.583333
vt 0.966667 0.600000
vt 0.966667 0.616667
vt 0.966667 0.633333
vt 0.970833 0.600000
vt 0.970833 0.616667
vt 0.970833 0.633333
vt 0.970833 0.583333
vt 0.975000 0.600000
vt 0.975000 0.616667
vt 0.975000 0.633333
vt 0.962500 0.566667
vt 0.958333 0.566667
vt 0.966667 0.566667
vt 0.970833 0.566667
vt 0.958333 0.516667
vt 0.962500 0.516667
vt 0.958333 0.533333
vt 0.962500 0.533333
vt 0.958333 0.550000
vt 0.962500 0.550000
vt 0.966667 0.516667
vt 0.966667 0.533333
vt 0.966667 0.550000
vt 0.970833 0.533333
vt 0.970833 0.550000
vt 0.975000 0.516667
vt 0.970833 0.516667
vt 0.975000 0.533333
vt 0.975000 0.550000
vt 0.941667 0.500000
vt 0.937500 0.500000
vt 0.941667 0.483333
vt 0.945833 0.500000
vt 0.945833 0.483333
vt 0.950000 0.500000
vt 0.950000 0.483333
vt 0.937500 0.416667
vt 0.941667 0.433333
vt 0.937500 0.433333
vt 0.941667 0.450000
vt 0.937500 0.450000
vt 0.941667 0.466667
vt 0.937500 0.466667
vt 0.941667 0.416667
vt 0.945833 0.433333
vt 0.945833 0.450000
vt 0.945833 0.466667
vt 0.945833 0.416667
vt 0.950000 0.433333
vt 0.950000 0.450000
vt 0.950000 0.466667
vt 0.950000 0.416667
vt 0.954167 0.433333
vt 0.954167 0.450000
vt 0.954167 0.466667
vt 0.941667 0.400000
vt 0.945833 0.400000
vt 0.950000 0.400000
vt 0.937500 0.333333
vt 0.941667 0.350000
vt 0.937500 0.350000
vt 0.941667 0.366667
vt 0.937500 0.366667
vt 0.941667 0.383333
vt 0.937500 0.383333
vt 0.941667 0.333333
vt 0.945833 0.350000
vt 0.945833 0.366667
vt 0.945833 0.383333
vt 0.945833 0.333333
vt 0.950000 0.350000
vt 0.950000 0.366667
vt 0.950000 0.383333
vt 0.950000 0.333333
vt 0.954167 0.350000
vt 0.954167 0.366667
vt 0.954167 0.383333
vt 0.941667 0.316667
vt 0.945833 0.316667
vt 0.950000 0.316667
vt 0.937500 0.250000
vt 0.941667 0.266667
vt 0.937500 0.266667
vt 0.941667 0.283333
vt 0.937500 0.283333
vt 0.941667 0.300000
vt 0.937500 0.300000
vt 0.941667 0.250000
vt 0.945833 0.266667
vt 0.945833 0.283333
vt 0.945833 0.300000
vt 0.950000 0.250000
vt 0.945833 0.250000
vt 0.950000 0.266667
vt 0.950000 0.300000
vt 0.954167 0.266667
vt 0.950000 0.283333
vt 0.954167 0.283333
vt 0.954167 0.300000
vt 0.941667 0.233333
vt 0.945833 0.233333
vt 0.950000 0.233333
vt 0.937500 0.166667
vt 0.941667 0.183333
vt 0.937500 0.183333
vt 0.941667 0.200000
vt 0.937500 0.200000
vt 0.941667 0.216667
vt 0.937500 0.216667
vt 0.941667 0.166667
vt 0.945833 0.183333
vt 0.945833 0.200000
vt 0.945833 0.216667
vt 0.950000 0.166667
vt 0.945833 0.166667
vt 0.950000 0.183333
vt 0.950000 0.200000
vt 0.954167 0.183333
vt 0.954167 0.200000
vt 0.950000 0.216667
vt 0.954167 0.216667
vt 0.941667 0.150000
vt 0.950000 0.150000
vt 0.945833 0.150000
vt 0.937500 0.083333
vt 0.941667 0.100000
vt 0.937500 0.100000
vt 0.941667 0.116667
vt 0.937500 0.116667
vt 0.941667 0.133333
vt 0.937500 0.133333
vt 0.941667 0.083333
vt 0.945833 0.100000
vt 0.945833 0.116667
vt 0.945833 0.133333
vt 0.945833 0.083333
vt 0.950000 0.100000
vt 0.950000 0.133333
vt 0.950000 0.083333
vt 0.954167 0.100000
vt 0.950000 0.116667
vt 0.954167 0.116667
vt 0.954167 0.133333
vt 0.941667 0.066667
vt 0.945833 0.066667
vt 0.950000 0.066667
vt 0.937500 0.000000
vt 0.941667 0.016667
vt 0.937500 0.016667
vt 0.941667 0.033333
vt 0.937500 0.033333
vt 0.941667 0.050000
vt 0.937500 0.050000
vt 0.941667 0.000000
vt 0.945833 0.016667
vt 0.945833 0.033333
vt 0.945833 0.050000
vt 0.945833 0.000000
vt 0.950000 0.016667
vt 0.950000 0.050000
vt 0.954167 0.000000
vt 0.950000 0.000000
vt 0.954167 0.016667
vt 0.950000 0.033333
vt 0.954167 0.033333
vt 0.954167 0.050000
vt 0.941667 0.983333
vt 0.937500 0.983333
vt 0.945833 0.983333
vt 0.941667 1.000000
vt 0.950000 1.000000
vt 0.945833 1.000000
vt 0.950000 0.983333
vt 0.941667 0.916667
vt 0.937500 0.933333
vt 0.941667 0.933333
vt 0.937500 0.950000
vt 0.941667 0.950000
vt 0.937500 0.966667
vt 0.941667 0.966667
vt 0.945833 0.916667
vt 0.945833 0.933333
vt 0.945833 0.950000
vt 0.945833 0.966667
vt 0.950000 0.916667
vt 0.950000 0.950000
vt 0.954167 0.933333
vt 0.950000 0.933333
vt 0.954167 0.950000
vt 0.954167 0.966667
vt 0.950000 0.966667
vt 0.941667 0.900000
vt 0.937500 0.900000
vt 0.945833 0.900000
vt 0.950000 0.900000
vt 0.941667 0.833333
vt 0.937500 0.850000
vt 0.941667 0.850000
vt 0.937500 0.866667
vt 0.941667 0.866667
vt 0.937500 0.883333
vt 0.941667 0.883333
vt 0.945833 0.833333
vt 0.945833 0.850000
vt 0.945833 0.866667
vt 0.945833 0.883333
vt 0.950000 0.833333
vt 0.950000 0.850000
vt 0.950000 0.866667
vt 0.950000 0.883333
vt 0.954167 0.850000
vt 0.954167 0.866667
vt 0.954167 0.883333
vt 0.941667 0.816667
vt 0.937500 0.816667
vt 0.945833 0.816667
vt 0.950000 0.816667
vt 0.941667 0.750000
vt 0.937500 0.766667
vt 0.941667 0.766667
vt 0.937500 0.783333
vt 0.941667 0.783333
vt 0.937500 0.800000
vt 0.941667 0.800000
vt 0.945833 0.750000
vt 0.945833 0.766667
vt 0.945833 0.783333
vt 0.945833 0.800000
vt 0.950000 0.750000
vt 0.950000 0.766667
vt 0.950000 0.800000
vt 0.954167 0.766667
vt 0.954167 0.783333
vt 0.950000 0.783333
vt 0.954167 0.800000
vt 0.941667 0.733333
vt 0.937500 0.733333
vt 0.945833 0.733333
vt 0.950000 0.733333
vt 0.941667 0.666667
vt 0.937500 0.683333
vt 0.941667 0.683333
vt 0.937500 0.700000
vt 0.941667 0.700000
vt 0.937500 0.716667
vt 0.941667 0.716667
vt 0.945833 0.666667
vt 0.945833 0.683333
vt 0.945833 0.700000
vt 0.945833 0.716667
vt 0.950000 0.666667
vt 0.950000 0.683333
vt 0.950000 0.700000
vt 0.950000 0.716667
vt 0.954167 0.683333
vt 0.954167 0.700000
vt 0.954167 0.716667
vt 0.941667 0.650000
vt 0.937500 0.650000
vt 0.945833 0.650000
vt 0.950000 0.650000
vt 0.941667 0.583333
vt 0.937500 0.600000
vt 0.941667 0.600000
vt 0.937500 0.616667
vt 0.941667 0.616667
vt 0.937500 0.633333
vt 0.941667 0.633333
vt 0.945833 0.583333
vt 0.945833 0.600000
vt 0.945833 0.616667
vt 0.945833 0.633333
vt 0.950000 0.600000
vt 0.950000 0.616667
vt 0.950000 0.633333
vt 0.950000 0.583333
vt 0.954167 0.600000
vt 0.954167 0.616667
vt 0.954167 0.633333
vt 0.941667 0.566667
vt 0.937500 0.566667
vt 0.945833 0.566667
vt 0.950000 0.566667
vt 0.937500 0.516667
vt 0.941667 0.516667
vt 0.937500 0.533333
vt 0.941667 0.533333
vt 0.937500 0.550000
vt 0.941667 0.550000
vt 0.945833 0.516667
vt 0.945833 0.533333
vt 0.945833 0.550000
vt 0.950000 0.516667
vt 0.950000 0.550000
vt 0.954167 0.516667
vt 0.954167 0.533333
vt 0.950000 0.533333
vt 0.954167 0.550000
vt 0.920833 0.500000
vt 0.916667 0.500000
vt 0.920833 0.483333
vt 0.925000 0.500000
vt 0.929167 0.483333
vt 0.925000 0.483333
vt 0.929167 0.500000
vt 0.916667 0.416667
vt 0.920833 0.433333
vt 0.916667 0.433333
vt 0.920833 0.450000
vt 0.916667 0.450000
vt 0.920833 0.466667
vt 0.916667 0.466667
vt 0.920833 0.416667
vt 0.925000 0.433333
vt 0.925000 0.450000
vt 0.925000 0.466667
vt 0.925000 0.416667
vt 0.929167 0.433333
vt 0.929167 0.450000
vt 0.929167 0.416667
vt 0.933333 0.433333
vt 0.933333 0.450000
vt 0.929167 0.466667
vt 0.933333 0.466667
vt 0.920833 0.400000
vt 0.929167 0.400000
vt 0.925000 0.400000
vt 0.916667 0.333333
vt 0.920833 0.350000
vt 0.916667 0.350000
vt 0.920833 0.366667
vt 0.916667 0.366667
vt 0.920833 0.383333
vt 0.916667 0.383333
vt 0.920833 0.333333
vt 0.925000 0.350000
vt 0.925000 0.366667
vt 0.925000 0.383333
vt 0.929167 0.333333
vt 0.925000 0.333333
vt 0.929167 0.366667
vt 0.929167 0.383333
vt 0.929167 0.350000
vt 0.933333 0.350000
vt 0.933333 0.366667
vt 0.933333 0.383333
vt 0.920833 0.316667
vt 0.929167 0.316667
vt 0.925000 0.316667
vt 0.916667 0.250000
vt 0.920833 0.266667
vt 0.916667 0.266667
vt 0.920833 0.283333
vt 0.916667 0.283333
vt 0.920833 0.300000
vt 0.916667 0.300000
vt 0.920833 0.250000
vt 0.925000 0.266667
vt 0.925000 0.283333
vt 0.925000 0.300000
vt 0.929167 0.250000
vt 0.925000 0.250000
vt 0.929167 0.283333
vt 0.929167 0.300000
vt 0.929167 0.266667
vt 0.933333 0.266667
vt 0.933333 0.283333
vt 0.933333 0.300000
vt 0.920833 0.233333
vt 0.925000 0.233333
vt 0.929167 0.233333
vt 0.916667 0.166667
vt 0.920833 0.183333
vt 0.916667 0.183333
vt 0.920833 0.200000
vt 0.916667 0.200000
vt 0.920833 0.216667
vt 0.916667 0.216667
vt 0.920833 0.166667
vt 0.925000 0.183333
vt 0.925000 0.200000
vt 0.925000 0.216667
vt 0.929167 0.166667
vt 0.925000 0.166667
vt 0.929167 0.183333
vt 0.929167 0.216667
vt 0.933333 0.183333
vt 0.929167 0.200000
vt 0.933333 0.200000
vt 0.933333 0.216667
vt 0.920833 0.150000
vt 0.929167 0.150000
vt 0.925000 0.150000
vt 0.916667 0.083333
vt 0.920833 0.100000
vt 0.916667 0.100000
vt 0.920833 0.116667
vt 0.916667 0.116667
vt 0.920833 0.133333
vt 0.916667 0.133333
vt 0.920833 0.083333
vt 0.925000 0.100000
vt 0.925000 0.116667
vt 0.925000 0.133333
vt 0.929167 0.083333
vt 0.925000 0.083333
vt 0.929167 0.116667
vt 0.929167 0.100000
vt 0.933333 0.100000
vt 0.933333 0.116667
vt 0.929167 0.133333
vt 0.933333 0.133333
vt 0.920833 0.066667
vt 0.929167 0.066667
vt 0.925000 0.066667
vt 0.916667 0.000000
vt 0.920833 0.016667
vt 0.916667 0.016667
vt 0.920833 0.033333
vt 0.916667 0.033333
vt 0.920833 0.050000
vt 0.916667 0.050000
vt 0.920833 0.000000
vt 0.925000 0.016667
vt 0.925000 0.033333
vt 0.925000 0.050000
vt 0.929167 0.000000
vt 0.925000 0.000000
vt 0.929167 0.016667
vt 0.929167 0.033333
vt 0.929167 0.050000
vt 0.933333 0.000000
vt 0.933333 0.016667
vt 0.933333 0.033333
vt 0.933333 0.050000
vt 0.920833 0.983333
vt 0.916667 0.983333
vt 0.925000 0.983333
vt 0.920833 1.000000
vt 0.929167 1.000000
vt 0.925000 1.000000
vt 0.929167 0.983333
vt 0.920833 0.916667
vt 0.916667 0.933333
vt 0.920833 0.933333
vt 0.916667 0.950000
vt 0.920833 0.950000
vt 0.916667 0.966667
vt 0.920833 0.966667
vt 0.925000 0.916667
vt 0.925000 0.933333
vt 0.925000 0.950000
vt 0.925000 0.966667
vt 0.929167 0.916667
vt 0.929167 0.933333
vt 0.929167 0.950000
vt 0.929167 0.966667
vt 0.933333 0.933333
vt 0.933333 0.950000
vt 0.933333 0.966667
vt 0.920833 0.900000
vt 0.916667 0.900000
vt 0.925000 0.900000
vt 0.929167 0.900000
vt 0.920833 0.833333
vt 0.916667 0.850000
vt 0.920833 0.850000
vt 0.916667 0.866667
vt 0.920833 0.866667
vt 0.916667 0.883333
vt 0.920833 0.883333
vt 0.925000 0.833333
vt 0.925000 0.850000
vt 0.925000 0.866667
vt 0.925000 0.883333
vt 0.929167 0.850000
vt 0.929167 0.866667
vt 0.929167 0.883333
vt 0.929167 0.833333
vt 0.933333 0.850000
vt 0.933333 0.866667
vt 0.933333 0.883333
vt 0.920833 0.816667
vt 0.916667 0.816667
vt 0.925000 0.816667
vt 0.929167 0.816667
vt 0.920833 0.750000
vt 0.916667 0.766667
vt 0.920833 0.766667
vt 0.916667 0.783333
vt 0.920833 0.783333
vt 0.916667 0.800000
vt 0.920833 0.800000
vt 0.925000 0.750000
vt 0.925000 0.766667
vt 0.925000 0.783333
vt 0.925000 0.800000
vt 0.929167 0.766667
vt 0.929167 0.783333
vt 0.929167 0.800000
vt 0.929167 0.750000
vt 0.933333 0.766667
vt 0.933333 0.783333
vt 0.933333 0.800000
vt 0.920833 0.733333
vt 0.916667 0.733333
vt 0.925000 0.733333
vt 0.929167 0.733333
vt 0.920833 0.666667
vt 0.916667 0.683333
vt 0.920833 0.683333
vt 0.916667 0.700000
vt 0.920833 0.700000
vt 0.916667 0.716667
vt 0.920833 0.716667
vt 0.925000 0.666667
vt 0.925000 0.683333
vt 0.925000 0.700000
vt 0.925000 0.716667
vt 0.929167 0.666667
vt 0.929167 0.683333
vt 0.929167 0.700000
vt 0.933333 0.683333
vt 0.933333 0.700000
vt 0.933333 0.716667
vt 0.929167 0.716667
vt 0.920833 0.650000
vt 0.916667 0.650000
vt 0.925000 0.650000
vt 0.929167 0.650000
vt 0.920833 0.583333
vt 0.916667 0.600000
vt 0.920833 0.600000
vt 0.916667 0.616667
vt 0.920833 0.616667
vt 0.916667 0.633333
vt 0.920833 0.633333
vt 0.925000 0.583333
vt 0.925000 0.600000
vt 0.925000 0.616667
vt 0.925000 0.633333
vt 0.929167 0.600000
vt 0.929167 0.616667
vt 0.929167 0.633333
vt 0.929167 0.583333
vt 0.933333 0.600000
vt 0.933333 0.616667
vt 0.933333 0.633333
vt 0.920833 0.566667
vt 0.916667 0.566667
vt 0.925000 0.566667
vt 0.929167 0.566667
vt 0.916667 0.516667
vt 0.920833 0.516667
vt 0.916667 0.533333
vt 0.920833 0.533333
vt 0.916667 0.550000
vt 0.920833 0.550000
vt 0.925000 0.516667
vt 0.925000 0.533333
vt 0.925000 0.550000
vt 0.929167 0.533333
vt 0.929167 0.550000
vt 0.933333 0.516667
vt 0.929167 0.516667
vt 0.933333 0.533333
vt 0.933333 0.550000
vt 0.900000 0.500000
vt 0.895833 0.500000
vt 0.900000 0.483333
vt 0.904167 0.500000
vt 0.908333 0.483333
vt 0.904167 0.483333
vt 0.908333 0.500000
vt 0.895833 0.416667
vt 0.900000 0.433333
vt 0.895833 0.433333
vt 0.900000 0.450000
vt 0.895833 0.450000
vt 0.900000 0.466667
vt 0.895833 0.466667
vt 0.900000 0.416667
vt 0.904167 0.433333
vt 0.904167 0.450000
vt 0.904167 0.466667
vt 0.908333 0.416667
vt 0.904167 0.416667
vt 0.908333 0.450000
vt 0.908333 0.466667
vt 0.908333 0.433333
vt 0.912500 0.433333
vt 0.912500 0.450000
vt 0.912500 0.466667
vt 0.900000 0.400000
vt 0.908333 0.400000
vt 0.904167 0.400000
vt 0.895833 0.333333
vt 0.900000 0.350000
vt 0.895833 0.350000
vt 0.900000 0.366667
vt 0.895833 0.366667
vt 0.900000 0.383333
vt 0.895833 0.383333
vt 0.900000 0.333333
vt 0.904167 0.350000
vt 0.904167 0.366667
vt 0.904167 0.383333
vt 0.908333 0.333333
vt 0.904167 0.333333
vt 0.908333 0.350000
vt 0.908333 0.366667
vt 0.912500 0.350000
vt 0.912500 0.366667
vt 0.908333 0.383333
vt 0.912500 0.383333
vt 0.900000 0.316667
vt 0.908333 0.316667
vt 0.904167 0.316667
vt 0.895833 0.250000
vt 0.900000 0.266667
vt 0.895833 0.266667
vt 0.900000 0.283333
vt 0.895833 0.283333
vt 0.900000 0.300000
vt 0.895833 0.300000
vt 0.900000 0.250000
vt 0.904167 0.266667
vt 0.904167 0.283333
vt 0.904167 0.300000
vt 0.908333 0.250000
vt 0.904167 0.250000
vt 0.908333 0.283333
vt 0.908333 0.300000
vt 0.908333 0.266667
vt 0.912500 0.266667
vt 0.912500 0.283333
vt 0.912500 0.300000
vt 0.900000 0.233333
vt 0.904167 0.233333
vt 0.908333 0.233333
vt 0.895833 0.166667
vt 0.900000 0.183333
vt 0.895833 0.183333
vt 0.900000 0.200000
vt 0.895833 0.200000
vt 0.900000 0.216667
vt 0.895833 0.216667
vt 0.900000 0.166667
vt 0.904167 0.183333
vt 0.904167 0.200000
vt 0.904167 0.216667
vt 0.908333 0.166667
vt 0.904167 0.166667
vt 0.908333 0.183333
vt 0.908333 0.200000
vt 0.912500 0.183333
vt 0.912500 0.200000
vt 0.908333 0.216667
vt 0.912500 0.216667
vt 0.900000 0.150000
vt 0.904167 0.150000
vt 0.908333 0.150000
vt 0.895833 0.083333
vt 0.900000 0.100000
vt 0.895833 0.100000
vt 0.900000 0.116667
vt 0.895833 0.116667
vt 0.900000 0.133333
vt 0.895833 0.133333
vt 0.900000 0.083333
vt 0.904167 0.100000
vt 0.904167 0.116667
vt 0.904167 0.133333
vt 0.908333 0.083333
vt 0.904167 0.083333
vt 0.908333 0.116667
vt 0.908333 0.133333
vt 0.908333 0.100000
vt 0.912500 0.100000
vt 0.912500 0.116667
vt 0.912500 0.133333
vt 0.900000 0.066667
vt 0.908333 0.066667
vt 0.904167 0.066667
vt 0.895833 0.000000
vt 0.900000 0.016667
vt 0.895833 0.016667
vt 0.900000 0.033333
vt 0.895833 0.033333
vt 0.900000 0.050000
vt 0.895833 0.050000
vt 0.900000 0.000000
vt 0.904167 0.016667
vt 0.904167 0.033333
vt 0.904167 0.050000
vt 0.908333 0.000000
vt 0.904167 0.000000
vt 0.908333 0.016667
vt 0.908333 0.033333
vt 0.912500 0.000000
vt 0.912500 0.016667
vt 0.912500 0.033333
vt 0.908333 0.050000
vt 0.912500 0.050000
vt 0.900000 0.983333
vt 0.895833 0.983333
vt 0.904167 0.983333
vt 0.900000 1.000000
vt 0.908333 0.983333
vt 0.904167 1.000000
vt 0.908333 1.000000
vt 0.900000 0.916667
vt 0.895833 0.933333
vt 0.900000 0.933333
vt 0.895833 0.950000
vt 0.900000 0.950000
vt 0.895833 0.966667
vt 0.900000 0.966667
vt 0.904167 0.916667
vt 0.904167 0.933333
vt 0.904167 0.950000
vt 0.904167 0.966667
vt 0.908333 0.916667
vt 0.908333 0.950000
vt 0.908333 0.966667
vt 0.912500 0.933333
vt 0.908333 0.933333
vt 0.912500 0.950000
vt 0.912500 0.966667
vt 0.900000 0.900000
vt 0.895833 0.900000
vt 0.904167 0.900000
vt 0.908333 0.900000
vt 0.900000 0.833333
vt 0.895833 0.850000
vt 0.900000 0.850000
vt 0.895833 0.866667
vt 0.900000 0.866667
vt 0.895833 0.883333
vt 0.900000 0.883333
vt 0.904167 0.833333
vt 0.904167 0.850000
vt 0.904167 0.866667
vt 0.904167 0.883333
vt 0.908333 0.850000
vt 0.908333 0.866667
vt 0.908333 0.883333
vt 0.908333 0.833333
vt 0.912500 0.850000
vt 0.912500 0.866667
vt 0.912500 0.883333
vt 0.900000 0.816667
vt 0.895833 0.816667
vt 0.904167 0.816667
vt 0.908333 0.816667
vt 0.900000 0.750000
vt 0.895833 0.766667
vt 0.900000 0.766667
vt 0.895833 0.783333
vt 0.900000 0.783333
vt 0.895833 0.800000
vt 0.900000 0.800000
vt 0.904167 0.750000
vt 0.904167 0.766667
vt 0.904167 0.783333
vt 0.904167 0.800000
vt 0.908333 0.750000
vt 0.908333 0.766667
vt 0.908333 0.783333
vt 0.908333 0.800000
vt 0.912500 0.766667
vt 0.912500 0.783333
vt 0.912500 0.800000
vt 0.900000 0.733333
vt 0.895833 0.733333
vt 0.904167 0.733333
vt 0.908333 0.733333
vt 0.900000 0.666667
vt 0.895833 0.683333
vt 0.900000 0.683333
vt 0.895833 0.700000
vt 0.900000 0.700000
vt 0.895833 0.716667
vt 0.900000 0.716667
vt 0.904167 0.666667
vt 0.904167 0.683333
vt 0.904167 0.700000
vt 0.904167 0.716667
vt 0.908333 0.666667
vt 0.908333 0.683333
vt 0.908333 0.716667
vt 0.912500 0.683333
vt 0.912500 0.700000
vt 0.908333 0.700000
vt 0.912500 0.716667
vt 0.900000 0.650000
vt 0.895833 0.650000
vt 0.904167 0.650000
vt 0.908333 0.650000
vt 0.900000 0.583333
vt 0.895833 0.600000
vt 0.900000 0.600000
vt 0.895833 0.616667
vt 0.900000 0.616667
vt 0.895833 0.633333
vt 0.900000 0.633333
vt 0.904167 0.583333
vt 0.904167 0.600000
vt 0.904167 0.616667
vt 0.904167 0.633333
vt 0.908333 0.583333
vt 0.908333 0.600000
vt 0.908333 0.616667
vt 0.908333 0.633333
vt 0.912500 0.600000
vt 0.912500 0.616667
vt 0.912500 0.633333
vt 0.900000 0.566667
vt 0.895833 0.566667
vt 0.904167 0.566667
vt 0.908333 0.566667
vt 0.895833 0.516667
vt 0.900000 0.516667
vt 0.895833 0.533333
vt 0.900000 0.533333
vt 0.895833 0.550000
vt 0.900000 0.550000
vt 0.904167 0.516667
vt 0.904167 0.533333
vt 0.904167 0.550000
vt 0.908333 0.516667
vt 0.908333 0.533333
vt 0.908333 0.550000
vt 0.912500 0.516667
vt 0.912500 0.533333
vt 0.912500 0.550000
vt 0.879167 0.500000
vt 0.875000 0.500000
vt 0.879167 0.483333
vt 0.883333 0.500000
vt 0.883333 0.483333
vt 0.887500 0.500000
vt 0.887500 0.483333
vt 0.875000 0.416667
vt 0.879167 0.433333
vt 0.875000 0.433333
vt 0.879167 0.450000
vt 0.875000 0.450000
vt 0.879167 0.466667
vt 0.875000 0.466667
vt 0.879167 0.416667
vt 0.883333 0.433333
vt 0.883333 0.450000
vt 0.883333 0.466667
vt 0.887500 0.416667
vt 0.883333 0.416667
vt 0.887500 0.450000
vt 0.887500 0.433333
vt 0.891667 0.433333
vt 0.891667 0.450000
vt 0.887500 0.466667
vt 0.891667 0.466667
vt 0.879167 0.400000
vt 0.883333 0.400000
vt 0.887500 0.400000
vt 0.875000 0.333333
vt 0.879167 0.350000
vt 0.875000 0.350000
vt 0.879167 0.366667
vt 0.875000 0.366667
vt 0.879167 0.383333
vt 0.875000 0.383333
vt 0.879167 0.333333
vt 0.883333 0.350000
vt 0.883333 0.366667
vt 0.883333 0.383333
vt 0.887500 0.333333
vt 0.883333 0.333333
vt 0.887500 0.350000
vt 0.887500 0.366667
vt 0.887500 0.383333
vt 0.891667 0.350000
vt 0.891667 0.366667
vt 0.891667 0.383333
vt 0.879167 0.316667
vt 0.887500 0.316667
vt 0.883333 0.316667
vt 0.875000 0.250000
vt 0.879167 0.266667
vt 0.875000 0.266667
vt 0.879167 0.283333
vt 0.875000 0.283333
vt 0.879167 0.300000
vt 0.875000 0.300000
vt 0.879167 0.250000
vt 0.883333 0.266667
vt 0.883333 0.283333
vt 0.883333 0.300000
vt 0.887500 0.250000
vt 0.883333 0.250000
vt 0.887500 0.283333
vt 0.887500 0.300000
vt 0.887500 0.266667
vt 0.891667 0.266667
vt 0.891667 0.283333
vt 0.891667 0.300000
vt 0.879167 0.233333
vt 0.887500 0.233333
vt 0.883333 0.233333
vt 0.875000 0.166667
vt 0.879167 0.183333
vt 0.875000 0.183333
vt 0.879167 0.200000
vt 0.875000 0.200000
vt 0.879167 0.216667
vt 0.875000 0.216667
vt 0.879167 0.166667
vt 0.883333 0.183333
vt 0.883333 0.200000
vt 0.883333 0.216667
vt 0.887500 0.166667
vt 0.883333 0.166667
vt 0.887500 0.200000
vt 0.887500 0.216667
vt 0.887500 0.183333
vt 0.891667 0.183333
vt 0.891667 0.200000
vt 0.891667 0.216667
vt 0.879167 0.150000
vt 0.887500 0.150000
vt 0.883333 0.150000
vt 0.875000 0.083333
vt 0.879167 0.100000
vt 0.875000 0.100000
vt 0.879167 0.116667
vt 0.875000 0.116667
vt 0.879167 0.133333
vt 0.875000 0.133333
vt 0.879167 0.083333
vt 0.883333 0.100000
vt 0.883333 0.116667
vt 0.883333 0.133333
vt 0.883333 0.083333
vt 0.887500 0.100000
vt 0.887500 0.116667
vt 0.887500 0.133333
vt 0.887500 0.083333
vt 0.891667 0.100000
vt 0.891667 0.116667
vt 0.891667 0.133333
vt 0.879167 0.066667
vt 0.883333 0.066667
vt 0.887500 0.066667
vt 0.875000 0.000000
vt 0.879167 0.016667
vt 0.875000 0.016667
vt 0.879167 0.033333
vt 0.875000 0.033333
vt 0.879167 0.050000
vt 0.875000 0.050000
vt 0.879167 0.000000
vt 0.883333 0.016667
vt 0.883333 0.033333
vt 0.883333 0.050000
vt 0.887500 0.000000
vt 0.883333 0.000000
vt 0.887500 0.033333
vt 0.887500 0.050000
vt 0.891667 0.000000
vt 0.887500 0.016667
vt 0.891667 0.016667
vt 0.891667 0.033333
vt 0.891667 0.050000
vt 0.879167 0.983333
vt 0.875000 0.983333
vt 0.883333 0.983333
vt 0.879167 1.000000
vt 0.887500 0.983333
vt 0.883333 1.000000
vt 0.887500 1.000000
vt 0.879167 0.916667
vt 0.875000 0.933333
vt 0.879167 0.933333
vt 0.875000 0.950000
vt 0.879167 0.950000
vt 0.875000 0.966667
vt 0.879167 0.966667
vt 0.883333 0.916667
vt 0.883333 0.933333
vt 0.883333 0.950000
vt 0.883333 0.966667
vt 0.887500 0.916667
vt 0.887500 0.933333
vt 0.887500 0.950000
vt 0.887500 0.966667
vt 0.891667 0.933333
vt 0.891667 0.950000
vt 0.891667 0.966667
vt 0.879167 0.900000
vt 0.875000 0.900000
vt 0.883333 0.900000
vt 0.887500 0.900000
vt 0.879167 0.833333
vt 0.875000 0.850000
vt 0.879167 0.850000
vt 0.875000 0.866667
vt 0.879167 0.866667
vt 0.875000 0.883333
vt 0.879167 0.883333
vt 0.883333 0.833333
vt 0.883333 0.850000
vt 0.883333 0.866667
vt 0.883333 0.883333
vt 0.887500 0.850000
vt 0.887500 0.866667
vt 0.887500 0.883333
vt 0.887500 0.833333
vt 0.891667 0.850000
vt 0.891667 0.866667
vt 0.891667 0.883333
vt 0.879167 0.816667
vt 0.875000 0.816667
vt 0.883333 0.816667
vt 0.887500 0.816667
vt 0.879167 0.750000
vt 0.875000 0.766667
vt 0.879167 0.766667
vt 0.875000 0.783333
vt 0.879167 0.783333
vt 0.875000 0.800000
vt 0.879167 0.800000
vt 0.883333 0.750000
vt 0.883333 0.766667
vt 0.883333 0.783333
vt 0.883333 0.800000
vt 0.887500 0.750000
vt 0.887500 0.766667
vt 0.887500 0.800000
vt 0.891667 0.766667
vt 0.891667 0.783333
vt 0.887500 0.783333
vt 0.891667 0.800000
vt 0.879167 0.733333
vt 0.875000 0.733333
vt 0.883333 0.733333
vt 0.887500 0.733333
vt 0.879167 0.666667
vt 0.875000 0.683333
vt 0.879167 0.683333
vt 0.875000 0.700000
vt 0.879167 0.700000
vt 0.875000 0.716667
vt 0.879167 0.716667
vt 0.883333 0.666667
vt 0.883333 0.683333
vt 0.883333 0.700000
vt 0.883333 0.716667
vt 0.887500 0.683333
vt 0.887500 0.716667
vt 0.887500 0.666667
vt 0.891667 0.683333
vt 0.891667 0.700000
vt 0.887500 0.700000
vt 0.891667 0.716667
vt 0.879167 0.650000
vt 0.875000 0.650000
vt 0.883333 0.650000
vt 0.887500 0.650000
vt 0.879167 0.583333
vt 0.875000 0.600000
vt 0.879167 0.600000
vt 0.875000 0.616667
vt 0.879167 0.616667
vt 0.875000 0.633333
vt 0.879167 0.633333
vt 0.883333 0.583333
vt 0.883333 0.600000
vt 0.883333 0.616667
vt 0.883333 0.633333
vt 0.887500 0.583333
vt 0.887500 0.600000
vt 0.887500 0.616667
vt 0.887500 0.633333
vt 0.891667 0.600000
vt 0.891667 0.616667
vt 0.891667 0.633333
vt 0.879167 0.566667
vt 0.875000 0.566667
vt 0.883333 0.566667
vt 0.887500 0.566667
vt 0.875000 0.516667
vt 0.879167 0.516667
vt 0.875000 0.533333
vt 0.879167 0.533333
vt 0.875000 0.550000
vt 0.879167 0.550000
vt 0.883333 0.516667
vt 0.883333 0.533333
vt 0.883333 0.550000
vt 0.887500 0.516667
vt 0.887500 0.550000
vt 0.891667 0.516667
vt 0.891667 0.533333
vt 0.887500 0.533333
vt 0.891667 0.550000
vt 0.858333 0.500000
vt 0.854167 0.500000
vt 0.858333 0.483333
vt 0.862500 0.500000
vt 0.862500 0.483333
vt 0.866667 0.500000
vt 0.866667 0.483333
vt 0.854167 0.416667
vt 0.858333 0.433333
vt 0.854167 0.433333
vt 0.858333 0.450000
vt 0.854167 0.450000
vt 0.858333 0.466667
vt 0.854167 0.466667
vt 0.858333 0.416667
vt 0.862500 0.433333
vt 0.862500 0.450000
vt 0.862500 0.466667
vt 0.862500 0.416667
vt 0.866667 0.433333
vt 0.866667 0.450000
vt 0.866667 0.466667
vt 0.866667 0.416667
vt 0.870833 0.433333
vt 0.870833 0.450000
vt 0.870833 0.466667
vt 0.858333 0.400000
vt 0.862500 0.400000
vt 0.866667 0.400000
vt 0.854167 0.333333
vt 0.858333 0.350000
vt 0.854167 0.350000
vt 0.858333 0.366667
vt 0.854167 0.366667
vt 0.858333 0.383333
vt 0.854167 0.383333
vt 0.858333 0.333333
vt 0.862500 0.350000
vt 0.862500 0.366667
vt 0.862500 0.383333
vt 0.866667 0.333333
vt 0.862500 0.333333
vt 0.866667 0.350000
vt 0.866667 0.366667
vt 0.870833 0.350000
vt 0.870833 0.366667
vt 0.866667 0.383333
vt 0.870833 0.383333
vt 0.858333 0.316667
vt 0.862500 0.316667
vt 0.866667 0.316667
vt 0.854167 0.250000
vt 0.858333 0.266667
vt 0.854167 0.266667
vt 0.858333 0.283333
vt 0.854167 0.283333
vt 0.858333 0.300000
vt 0.854167 0.300000
vt 0.858333 0.250000
vt 0.862500 0.266667
vt 0.862500 0.283333
vt 0.862500 0.300000
vt 0.862500 0.250000
vt 0.866667 0.266667
vt 0.866667 0.283333
vt 0.866667 0.300000
vt 0.866667 0.250000
vt 0.870833 0.266667
vt 0.870833 0.283333
vt 0.870833 0.300000
vt 0.858333 0.233333
vt 0.866667 0.233333
vt 0.862500 0.233333
vt 0.854167 0.166667
vt 0.858333 0.183333
vt 0.854167 0.183333
vt 0.858333 0.200000
vt 0.854167 0.200000
vt 0.858333 0.216667
vt 0.854167 0.216667
vt 0.858333 0.166667
vt 0.862500 0.183333
vt 0.862500 0.200000
vt 0.862500 0.216667
vt 0.862500 0.166667
vt 0.866667 0.183333
vt 0.866667 0.200000
vt 0.866667 0.166667
vt 0.870833 0.183333
vt 0.870833 0.200000
vt 0.866667 0.216667
vt 0.870833 0.216667
vt 0.858333 0.150000
vt 0.862500 0.150000
vt 0.866667 0.150000
vt 0.854167 0.083333
vt 0.858333 0.100000
vt 0.854167 0.100000
vt 0.858333 0.116667
vt 0.854167 0.116667
vt 0.858333 0.133333
vt 0.854167 0.133333
vt 0.858333 0.083333
vt 0.862500 0.100000
vt 0.862500 0.116667
vt 0.862500 0.133333
vt 0.862500 0.083333
vt 0.866667 0.100000
vt 0.866667 0.116667
vt 0.866667 0.133333
vt 0.866667 0.083333
vt 0.870833 0.100000
vt 0.870833 0.116667
vt 0.870833 0.133333
vt 0.858333 0.066667
vt 0.866667 0.066667
vt 0.862500 0.066667
vt 0.854167 0.000000
vt 0.858333 0.016667
vt 0.854167 0.016667
vt 0.858333 0.033333
vt 0.854167 0.033333
vt 0.858333 0.050000
vt 0.854167 0.050000
vt 0.858333 0.000000
vt 0.862500 0.016667
vt 0.862500 0.033333
vt 0.862500 0.050000
vt 0.862500 0.000000
vt 0.866667 0.016667
vt 0.866667 0.050000
vt 0.870833 0.000000
vt 0.866667 0.000000
vt 0.870833 0.016667
vt 0.866667 0.033333
vt 0.870833 0.033333
vt 0.870833 0.050000
vt 0.858333 0.983333
vt 0.854167 0.983333
vt 0.862500 0.983333
vt 0.858333 1.000000
vt 0.866667 0.983333
vt 0.862500 1.000000
vt 0.866667 1.000000
vt 0.858333 0.916667
vt 0.854167 0.933333
vt 0.858333 0.933333
vt 0.854167 0.950000
vt 0.858333 0.950000
vt 0.854167 0.966667
vt 0.858333 0.966667
vt 0.862500 0.916667
vt 0.862500 0.933333
vt 0.862500 0.950000
vt 0.862500 0.966667
vt 0.866667 0.933333
vt 0.866667 0.950000
vt 0.866667 0.966667
vt 0.866667 0.916667
vt 0.870833 0.933333
vt 0.870833 0.950000
vt 0.870833 0.966667
vt 0.858333 0.900000
vt 0.854167 0.900000
vt 0.862500 0.900000
vt 0.866667 0.900000
vt 0.858333 0.833333
vt 0.854167 0.850000
vt 0.858333 0.850000
vt 0.854167 0.866667
vt 0.858333 0.866667
vt 0.854167 0.883333
vt 0.858333 0.883333
vt 0.862500 0.833333
vt 0.862500 0.850000
vt 0.862500 0.866667
vt 0.862500 0.883333
vt 0.866667 0.833333
vt 0.866667 0.850000
vt 0.866667 0.866667
vt 0.870833 0.850000
vt 0.870833 0.866667
vt 0.870833 0.883333
vt 0.866667 0.883333
vt 0.858333 0.816667
vt 0.854167 0.816667
vt 0.862500 0.816667
vt 0.866667 0.816667
vt 0.858333 0.750000
vt 0.854167 0.766667
vt 0.858333 0.766667
vt 0.854167 0.783333
vt 0.858333 0.783333
vt 0.854167 0.800000
vt 0.858333 0.800000
vt 0.862500 0.750000
vt 0.862500 0.766667
vt 0.862500 0.783333
vt 0.862500 0.800000
vt 0.866667 0.750000
vt 0.866667 0.766667
vt 0.866667 0.783333
vt 0.870833 0.766667
vt 0.870833 0.783333
vt 0.870833 0.800000
vt 0.866667 0.800000
vt 0.858333 0.733333
vt 0.854167 0.733333
vt 0.862500 0.733333
vt 0.866667 0.733333
vt 0.858333 0.666667
vt 0.854167 0.683333
vt 0.858333 0.683333
vt 0.854167 0.700000
vt 0.858333 0.700000
vt 0.854167 0.716667
vt 0.858333 0.716667
vt 0.862500 0.666667
vt 0.862500 0.683333
vt 0.862500 0.700000
vt 0.862500 0.716667
vt 0.866667 0.683333
vt 0.866667 0.700000
vt 0.866667 0.666667
vt 0.870833 0.683333
vt 0.870833 0.700000
vt 0.870833 0.716667
vt 0.866667 0.716667
vt 0.858333 0.650000
vt 0.854167 0.650000
vt 0.862500 0.650000
vt 0.866667 0.650000
vt 0.858333 0.583333
vt 0.854167 0.600000
vt 0.858333 0.600000
vt 0.854167 0.616667
vt 0.858333 0.616667
vt 0.854167 0.633333
vt 0.858333 0.633333
vt 0.862500 0.583333
vt 0.862500 0.600000
vt 0.862500 0.616667
vt 0.862500 0.633333
vt 0.866667 0.583333
vt 0.866667 0.600000
vt 0.866667 0.616667
vt 0.870833 0.600000
vt 0.870833 0.616667
vt 0.870833 0.633333
vt 0.866667 0.633333
vt 0.858333 0.566667
vt 0.854167 0.566667
vt 0.862500 0.566667
vt 0.866667 0.566667
vt 0.854167 0.516667
vt 0.858333 0.516667
vt 0.854167 0.533333
vt 0.858333 0.533333
vt 0.854167 0.550000
vt 0.858333 0.550000
vt 0.862500 0.516667
vt 0.862500 0.533333
vt 0.862500 0.550000
vt 0.866667 0.516667
vt 0.866667 0.533333
vt 0.866667 0.550000
vt 0.870833 0.516667
vt 0.870833 0.533333
vt 0.870833 0.550000
vt 0.837500 0.500000
vt 0.833333 0.500000
vt 0.837500 0.483333
vt 0.841667 0.500000
vt 0.841667 0.483333
vt 0.845833 0.500000
vt 0.845833 0.483333
vt 0.833333 0.416667
vt 0.837500 0.433333
vt 0.833333 0.433333
vt 0.837500 0.450000
vt 0.833333 0.450000
vt 0.837500 0.466667
vt 0.833333 0.466667
vt 0.837500 0.416667
vt 0.841667 0.433333
vt 0.841667 0.450000
vt 0.841667 0.466667
vt 0.841667 0.416667
vt 0.845833 0.433333
vt 0.845833 0.450000
vt 0.845833 0.416667
vt 0.850000 0.433333
vt 0.850000 0.450000
vt 0.845833 0.466667
vt 0.850000 0.466667
vt 0.837500 0.400000
vt 0.841667 0.400000
vt 0.845833 0.400000
vt 0.833333 0.333333
vt 0.837500 0.350000
vt 0.833333 0.350000
vt 0.837500 0.366667
vt 0.833333 0.366667
vt 0.837500 0.383333
vt 0.833333 0.383333
vt 0.837500 0.333333
vt 0.841667 0.350000
vt 0.841667 0.366667
vt 0.841667 0.383333
vt 0.845833 0.333333
vt 0.841667 0.333333
vt 0.845833 0.366667
vt 0.845833 0.383333
vt 0.845833 0.350000
vt 0.850000 0.350000
vt 0.850000 0.366667
vt 0.850000 0.383333
vt 0.837500 0.316667
vt 0.845833 0.316667
vt 0.841667 0.316667
vt 0.833333 0.250000
vt 0.837500 0.266667
vt 0.833333 0.266667
vt 0.837500 0.283333
vt 0.833333 0.283333
vt 0.837500 0.300000
vt 0.833333 0.300000
vt 0.837500 0.250000
vt 0.841667 0.266667
vt 0.841667 0.283333
vt 0.841667 0.300000
vt 0.841667 0.250000
vt 0.845833 0.266667
vt 0.845833 0.283333
vt 0.845833 0.300000
vt 0.845833 0.250000
vt 0.850000 0.266667
vt 0.850000 0.283333
vt 0.850000 0.300000
vt 0.837500 0.233333
vt 0.841667 0.233333
vt 0.845833 0.233333
vt 0.833333 0.166667
vt 0.837500 0.183333
vt 0.833333 0.183333
vt 0.837500 0.200000
vt 0.833333 0.200000
vt 0.837500 0.216667
vt 0.833333 0.216667
vt 0.837500 0.166667
vt 0.841667 0.183333
vt 0.841667 0.200000
vt 0.841667 0.216667
vt 0.841667 0.166667
vt 0.845833 0.183333
vt 0.845833 0.200000
vt 0.845833 0.216667
vt 0.845833 0.166667
vt 0.850000 0.183333
vt 0.850000 0.200000
vt 0.850000 0.216667
vt 0.837500 0.150000
vt 0.841667 0.150000
vt 0.845833 0.150000
vt 0.833333 0.083333
vt 0.837500 0.100000
vt 0.833333 0.100000
vt 0.837500 0.116667
vt 0.833333 0.116667
vt 0.837500 0.133333
vt 0.833333 0.133333
vt 0.837500 0.083333
vt 0.841667 0.100000
vt 0.841667 0.116667
vt 0.841667 0.133333
vt 0.845833 0.083333
vt 0.841667 0.083333
vt 0.845833 0.100000
vt 0.845833 0.116667
vt 0.845833 0.133333
vt 0.850000 0.100000
vt 0.850000 0.116667
vt 0.850000 0.133333
vt 0.837500 0.066667
vt 0.841667 0.066667
vt 0.845833 0.066667
vt 0.833333 0.000000
vt 0.837500 0.016667
vt 0.833333 0.016667
vt 0.837500 0.033333
vt 0.833333 0.033333
vt 0.837500 0.050000
vt 0.833333 0.050000
vt 0.837500 0.000000
vt 0.841667 0.016667
vt 0.841667 0.033333
vt 0.841667 0.050000
vt 0.845833 0.000000
vt 0.841667 0.000000
vt 0.845833 0.016667
vt 0.845833 0.033333
vt 0.845833 0.050000
vt 0.850000 0.000000
vt 0.850000 0.016667
vt 0.850000 0.033333
vt 0.850000 0.050000
vt 0.837500 0.983333
vt 0.833333 0.983333
vt 0.841667 0.983333
vt 0.837500 1.000000
vt 0.845833 0.983333
vt 0.841667 1.000000
vt 0.845833 1.000000
vt 0.837500 0.916667
vt 0.833333 0.933333
vt 0.837500 0.933333
vt 0.833333 0.950000
vt 0.837500 0.950000
vt 0.833333 0.966667
vt 0.837500 0.966667
vt 0.841667 0.916667
vt 0.841667 0.933333
vt 0.841667 0.950000
vt 0.841667 0.966667
vt 0.845833 0.933333
vt 0.845833 0.950000
vt 0.845833 0.966667
vt 0.845833 0.916667
vt 0.850000 0.933333
vt 0.850000 0.950000
vt 0.850000 0.966667
vt 0.837500 0.900000
vt 0.833333 0.900000
vt 0.841667 0.900000
vt 0.845833 0.900000
vt 0.837500 0.833333
vt 0.833333 0.850000
vt 0.837500 0.850000
vt 0.833333 0.866667
vt 0.837500 0.866667
vt 0.833333 0.883333
vt 0.837500 0.883333
vt 0.841667 0.833333
vt 0.841667 0.850000
vt 0.841667 0.866667
vt 0.841667 0.883333
vt 0.845833 0.850000
vt 0.845833 0.866667
vt 0.845833 0.833333
vt 0.850000 0.850000
vt 0.850000 0.866667
vt 0.850000 0.883333
vt 0.845833 0.883333
vt 0.837500 0.816667
vt 0.833333 0.816667
vt 0.841667 0.816667
vt 0.845833 0.816667
vt 0.837500 0.750000
vt 0.833333 0.766667
vt 0.837500 0.766667
vt 0.833333 0.783333
vt 0.837500 0.783333
vt 0.833333 0.800000
vt 0.837500 0.800000
vt 0.841667 0.750000
vt 0.841667 0.766667
vt 0.841667 0.783333
vt 0.841667 0.800000
vt 0.845833 0.766667
vt 0.845833 0.783333
vt 0.845833 0.800000
vt 0.845833 0.750000
vt 0.850000 0.766667
vt 0.850000 0.783333
vt 0.850000 0.800000
vt 0.837500 0.733333
vt 0.833333 0.733333
vt 0.841667 0.733333
vt 0.845833 0.733333
vt 0.837500 0.666667
vt 0.833333 0.683333
vt 0.837500 0.683333
vt 0.833333 0.700000
vt 0.837500 0.700000
vt 0.833333 0.716667
vt 0.837500 0.716667
vt 0.841667 0.666667
vt 0.841667 0.683333
vt 0.841667 0.700000
vt 0.841667 0.716667
vt 0.845833 0.666667
vt 0.845833 0.700000
vt 0.845833 0.716667
vt 0.850000 0.683333
vt 0.845833 0.683333
vt 0.850000 0.700000
vt 0.850000 0.716667
vt 0.837500 0.650000
vt 0.833333 0.650000
vt 0.841667 0.650000
vt 0.845833 0.650000
vt 0.837500 0.583333
vt 0.833333 0.600000
vt 0.837500 0.600000
vt 0.833333 0.616667
vt 0.837500 0.616667
vt 0.833333 0.633333
vt 0.837500 0.633333
vt 0.841667 0.583333
vt 0.841667 0.600000
vt 0.841667 0.616667
vt 0.841667 0.633333
vt 0.845833 0.583333
vt 0.845833 0.600000
vt 0.845833 0.616667
vt 0.850000 0.600000
vt 0.850000 0.616667
vt 0.850000 0.633333
vt 0.845833 0.633333
vt 0.837500 0.566667
vt 0.833333 0.566667
vt 0.841667 0.566667
vt 0.845833 0.566667
vt 0.833333 0.516667
vt 0.837500 0.516667
vt 0.833333 0.533333
vt 0.837500 0.533333
vt 0.833333 0.550000
vt 0.837500 0.550000
vt 0.841667 0.516667
vt 0.841667 0.533333
vt 0.841667 0.550000
vt 0.845833 0.516667
vt 0.845833 0.533333
vt 0.845833 0.550000
vt 0.850000 0.516667
vt 0.850000 0.533333
vt 0.850000 0.550000
vt 0.816667 0.500000
vt 0.812500 0.500000
vt 0.816667 0.483333
vt 0.820833 0.500000
vt 0.820833 0.483333
vt 0.825000 0.500000
vt 0.825000 0.483333
vt 0.812500 0.416667
vt 0.816667 0.433333
vt 0.812500 0.433333
vt 0.816667 0.450000
vt 0.812500 0.450000
vt 0.816667 0.466667
vt 0.812500 0.466667
vt 0.816667 0.416667
vt 0.820833 0.433333
vt 0.820833 0.450000
vt 0.820833 0.466667
vt 0.825000 0.416667
vt 0.820833 0.416667
vt 0.825000 0.433333
vt 0.825000 0.450000
vt 0.825000 0.466667
vt 0.829167 0.433333
vt 0.829167 0.450000
vt 0.829167 0.466667
vt 0.816667 0.400000
vt 0.825000 0.400000
vt 0.820833 0.400000
vt 0.812500 0.333333
vt 0.816667 0.350000
vt 0.812500 0.350000
vt 0.816667 0.366667
vt 0.812500 0.366667
vt 0.816667 0.383333
vt 0.812500 0.383333
vt 0.816667 0.333333
vt 0.820833 0.350000
vt 0.820833 0.366667
vt 0.820833 0.383333
vt 0.820833 0.333333
vt 0.825000 0.350000
vt 0.825000 0.366667
vt 0.825000 0.383333
vt 0.825000 0.333333
vt 0.829167 0.350000
vt 0.829167 0.366667
vt 0.829167 0.383333
vt 0.816667 0.316667
vt 0.825000 0.316667
vt 0.820833 0.316667
vt 0.812500 0.250000
vt 0.816667 0.266667
vt 0.812500 0.266667
vt 0.816667 0.283333
vt 0.812500 0.283333
vt 0.816667 0.300000
vt 0.812500 0.300000
vt 0.816667 0.250000
vt 0.820833 0.266667
vt 0.820833 0.283333
vt 0.820833 0.300000
vt 0.820833 0.250000
vt 0.825000 0.266667
vt 0.825000 0.283333
vt 0.825000 0.300000
vt 0.825000 0.250000
vt 0.829167 0.266667
vt 0.829167 0.283333
vt 0.829167 0.300000
vt 0.816667 0.233333
vt 0.825000 0.233333
vt 0.820833 0.233333
vt 0.812500 0.166667
vt 0.816667 0.183333
vt 0.812500 0.183333
vt 0.816667 0.200000
vt 0.812500 0.200000
vt 0.816667 0.216667
vt 0.812500 0.216667
vt 0.816667 0.166667
vt 0.820833 0.183333
vt 0.820833 0.200000
vt 0.820833 0.216667
vt 0.820833 0.166667
vt 0.825000 0.183333
vt 0.825000 0.200000
vt 0.825000 0.216667
vt 0.825000 0.166667
vt 0.829167 0.183333
vt 0.829167 0.200000
vt 0.829167 0.216667
vt 0.816667 0.150000
vt 0.825000 0.150000
vt 0.820833 0.150000
vt 0.812500 0.083333
vt 0.816667 0.100000
vt 0.812500 0.100000
vt 0.816667 0.116667
vt 0.812500 0.116667
vt 0.816667 0.133333
vt 0.812500 0.133333
vt 0.816667 0.083333
vt 0.820833 0.100000
vt 0.820833 0.116667
vt 0.820833 0.133333
vt 0.820833 0.083333
vt 0.825000 0.100000
vt 0.825000 0.116667
vt 0.825000 0.133333
vt 0.825000 0.083333
vt 0.829167 0.100000
vt 0.829167 0.116667
vt 0.829167 0.133333
vt 0.816667 0.066667
vt 0.825000 0.066667
vt 0.820833 0.066667
vt 0.812500 0.000000
vt 0.816667 0.016667
vt 0.812500 0.016667
vt 0.816667 0.033333
vt 0.812500 0.033333
vt 0.816667 0.050000
vt 0.812500 0.050000
vt 0.816667 0.000000
vt 0.820833 0.016667
vt 0.820833 0.033333
vt 0.820833 0.050000
vt 0.820833 0.000000
vt 0.825000 0.016667
vt 0.825000 0.033333
vt 0.825000 0.050000
vt 0.829167 0.000000
vt 0.825000 0.000000
vt 0.829167 0.016667
vt 0.829167 0.033333
vt 0.829167 0.050000
vt 0.816667 0.983333
vt 0.812500 0.983333
vt 0.820833 0.983333
vt 0.816667 1.000000
vt 0.825000 0.983333
vt 0.820833 1.000000
vt 0.825000 1.000000
vt 0.816667 0.916667
vt 0.812500 0.933333
vt 0.816667 0.933333
vt 0.812500 0.950000
vt 0.816667 0.950000
vt 0.812500 0.966667
vt 0.816667 0.966667
vt 0.820833 0.916667
vt 0.820833 0.933333
vt 0.820833 0.950000
vt 0.820833 0.966667
vt 0.825000 0.933333
vt 0.825000 0.950000
vt 0.825000 0.916667
vt 0.829167 0.933333
vt 0.829167 0.950000
vt 0.829167 0.966667
vt 0.825000 0.966667
vt 0.816667 0.900000
vt 0.812500 0.900000
vt 0.820833 0.900000
vt 0.825000 0.900000
vt 0.816667 0.833333
vt 0.812500 0.850000
vt 0.816667 0.850000
vt 0.812500 0.866667
vt 0.816667 0.866667
vt 0.812500 0.883333
vt 0.816667 0.883333
vt 0.820833 0.833333
vt 0.820833 0.850000
vt 0.820833 0.866667
vt 0.820833 0.883333
vt 0.825000 0.850000
vt 0.825000 0.866667
vt 0.825000 0.883333
vt 0.825000 0.833333
vt 0.829167 0.850000
vt 0.829167 0.866667
vt 0.829167 0.883333
vt 0.816667 0.816667
vt 0.812500 0.816667
vt 0.820833 0.816667
vt 0.825000 0.816667
vt 0.816667 0.750000
vt 0.812500 0.766667
vt 0.816667 0.766667
vt 0.812500 0.783333
vt 0.816667 0.783333
vt 0.812500 0.800000
vt 0.816667 0.800000
vt 0.820833 0.750000
vt 0.820833 0.766667
vt 0.820833 0.783333
vt 0.820833 0.800000
vt 0.825000 0.750000
vt 0.825000 0.766667
vt 0.825000 0.783333
vt 0.825000 0.800000
vt 0.829167 0.766667
vt 0.829167 0.783333
vt 0.829167 0.800000
vt 0.816667 0.733333
vt 0.812500 0.733333
vt 0.820833 0.733333
vt 0.825000 0.733333
vt 0.816667 0.666667
vt 0.812500 0.683333
vt 0.816667 0.683333
vt 0.812500 0.700000
vt 0.816667 0.700000
vt 0.812500 0.716667
vt 0.816667 0.716667
vt 0.820833 0.666667
vt 0.820833 0.683333
vt 0.820833 0.700000
vt 0.820833 0.716667
vt 0.825000 0.666667
vt 0.825000 0.683333
vt 0.825000 0.700000
vt 0.825000 0.716667
vt 0.829167 0.683333
vt 0.829167 0.700000
vt 0.829167 0.716667
vt 0.816667 0.650000
vt 0.812500 0.650000
vt 0.820833 0.650000
vt 0.825000 0.650000
vt 0.816667 0.583333
vt 0.812500 0.600000
vt 0.816667 0.600000
vt 0.812500 0.616667
vt 0.816667 0.616667
vt 0.812500 0.633333
vt 0.816667 0.633333
vt 0.820833 0.583333
vt 0.820833 0.600000
vt 0.820833 0.616667
vt 0.820833 0.633333
vt 0.825000 0.583333
vt 0.825000 0.616667
vt 0.825000 0.633333
vt 0.829167 0.600000
vt 0.825000 0.600000
vt 0.829167 0.616667
vt 0.829167 0.633333
vt 0.816667 0.566667
vt 0.812500 0.566667
vt 0.820833 0.566667
vt 0.825000 0.566667
vt 0.812500 0.516667
vt 0.816667 0.516667
vt 0.812500 0.533333
vt 0.816667 0.533333
vt 0.812500 0.550000
vt 0.816667 0.550000
vt 0.820833 0.516667
vt 0.820833 0.533333
vt 0.820833 0.550000
vt 0.825000 0.516667
vt 0.825000 0.533333
vt 0.829167 0.516667
vt 0.829167 0.533333
vt 0.829167 0.550000
vt 0.825000 0.550000
vt 0.795833 0.500000
vt 0.791667 0.500000
vt 0.795833 0.483333
vt 0.800000 0.500000
vt 0.800000 0.483333
vt 0.804167 0.500000
vt 0.804167 0.483333
vt 0.791667 0.416667
vt 0.795833 0.433333
vt 0.791667 0.433333
vt 0.795833 0.450000
vt 0.791667 0.450000
vt 0.795833 0.466667
vt 0.791667 0.466667
vt 0.795833 0.416667
vt 0.800000 0.433333
vt 0.800000 0.450000
vt 0.800000 0.466667
vt 0.800000 0.416667
vt 0.804167 0.433333
vt 0.804167 0.466667
vt 0.804167 0.416667
vt 0.808333 0.433333
vt 0.804167 0.450000
vt 0.808333 0.450000
vt 0.808333 0.466667
vt 0.795833 0.400000
vt 0.804167 0.400000
vt 0.800000 0.400000
vt 0.791667 0.333333
vt 0.795833 0.350000
vt 0.791667 0.350000
vt 0.795833 0.366667
vt 0.791667 0.366667
vt 0.795833 0.383333
vt 0.791667 0.383333
vt 0.795833 0.333333
vt 0.800000 0.350000
vt 0.800000 0.366667
vt 0.800000 0.383333
vt 0.804167 0.333333
vt 0.800000 0.333333
vt 0.804167 0.350000
vt 0.804167 0.366667
vt 0.804167 0.383333
vt 0.808333 0.350000
vt 0.808333 0.366667
vt 0.808333 0.383333
vt 0.795833 0.316667
vt 0.804167 0.316667
vt 0.800000 0.316667
vt 0.791667 0.250000
vt 0.795833 0.266667
vt 0.791667 0.266667
vt 0.795833 0.283333
vt 0.791667 0.283333
vt 0.795833 0.300000
vt 0.791667 0.300000
vt 0.795833 0.250000
vt 0.800000 0.266667
vt 0.800000 0.283333
vt 0.800000 0.300000
vt 0.804167 0.250000
vt 0.800000 0.250000
vt 0.804167 0.266667
vt 0.804167 0.283333
vt 0.804167 0.300000
vt 0.808333 0.266667
vt 0.808333 0.283333
vt 0.808333 0.300000
vt 0.795833 0.233333
vt 0.804167 0.233333
vt 0.800000 0.233333
vt 0.791667 0.166667
vt 0.795833 0.183333
vt 0.791667 0.183333
vt 0.795833 0.200000
vt 0.791667 0.200000
vt 0.795833 0.216667
vt 0.791667 0.216667
vt 0.795833 0.166667
vt 0.800000 0.183333
vt 0.800000 0.200000
vt 0.800000 0.216667
vt 0.804167 0.166667
vt 0.800000 0.166667
vt 0.804167 0.183333
vt 0.804167 0.216667
vt 0.808333 0.183333
vt 0.804167 0.200000
vt 0.808333 0.200000
vt 0.808333 0.216667
vt 0.795833 0.150000
vt 0.804167 0.150000
vt 0.800000 0.150000
vt 0.791667 0.083333
vt 0.795833 0.100000
vt 0.791667 0.100000
vt 0.795833 0.116667
vt 0.791667 0.116667
vt 0.795833 0.133333
vt 0.791667 0.133333
vt 0.795833 0.083333
vt 0.800000 0.100000
vt 0.800000 0.116667
vt 0.800000 0.133333
vt 0.800000 0.083333
vt 0.804167 0.100000
vt 0.804167 0.116667
vt 0.804167 0.133333
vt 0.804167 0.083333
vt 0.808333 0.100000
vt 0.808333 0.116667
vt 0.808333 0.133333
vt 0.795833 0.066667
vt 0.800000 0.066667
vt 0.804167 0.066667
vt 0.791667 0.000000
vt 0.795833 0.016667
vt 0.791667 0.016667
vt 0.795833 0.033333
vt 0.791667 0.033333
vt 0.795833 0.050000
vt 0.791667 0.050000
vt 0.795833 0.000000
vt 0.800000 0.016667
vt 0.800000 0.033333
vt 0.800000 0.050000
vt 0.800000 0.000000
vt 0.804167 0.016667
vt 0.804167 0.033333
vt 0.804167 0.050000
vt 0.808333 0.000000
vt 0.804167 0.000000
vt 0.808333 0.016667
vt 0.808333 0.033333
vt 0.808333 0.050000
vt 0.795833 0.983333
vt 0.791667 0.983333
vt 0.800000 0.983333
vt 0.795833 1.000000
vt 0.804167 0.983333
vt 0.800000 1.000000
vt 0.804167 1.000000
vt 0.795833 0.916667
vt 0.791667 0.933333
vt 0.795833 0.933333
vt 0.791667 0.950000
vt 0.795833 0.950000
vt 0.791667 0.966667
vt 0.795833 0.966667
vt 0.800000 0.916667
vt 0.800000 0.933333
vt 0.800000 0.950000
vt 0.800000 0.966667
vt 0.804167 0.916667
vt 0.804167 0.950000
vt 0.804167 0.966667
vt 0.808333 0.933333
vt 0.804167 0.933333
vt 0.808333 0.950000
vt 0.808333 0.966667
vt 0.795833 0.900000
vt 0.791667 0.900000
vt 0.800000 0.900000
vt 0.804167 0.900000
vt 0.795833 0.833333
vt 0.791667 0.850000
vt 0.795833 0.850000
vt 0.791667 0.866667
vt 0.795833 0.866667
vt 0.791667 0.883333
vt 0.795833 0.883333
vt 0.800000 0.833333
vt 0.800000 0.850000
vt 0.800000 0.866667
vt 0.800000 0.883333
vt 0.804167 0.833333
vt 0.804167 0.850000
vt 0.804167 0.866667
vt 0.804167 0.883333
vt 0.808333 0.850000
vt 0.808333 0.866667
vt 0.808333 0.883333
vt 0.795833 0.816667
vt 0.791667 0.816667
vt 0.800000 0.816667
vt 0.804167 0.816667
vt 0.795833 0.750000
vt 0.791667 0.766667
vt 0.795833 0.766667
vt 0.791667 0.783333
vt 0.795833 0.783333
vt 0.791667 0.800000
vt 0.795833 0.800000
vt 0.800000 0.750000
vt 0.800000 0.766667
vt 0.800000 0.783333
vt 0.800000 0.800000
vt 0.804167 0.750000
vt 0.804167 0.766667
vt 0.804167 0.783333
vt 0.804167 0.800000
vt 0.808333 0.766667
vt 0.808333 0.783333
vt 0.808333 0.800000
vt 0.795833 0.733333
vt 0.791667 0.733333
vt 0.800000 0.733333
vt 0.804167 0.733333
vt 0.795833 0.666667
vt 0.791667 0.683333
vt 0.795833 0.683333
vt 0.791667 0.700000
vt 0.795833 0.700000
vt 0.791667 0.716667
vt 0.795833 0.716667
vt 0.800000 0.666667
vt 0.800000 0.683333
vt 0.800000 0.700000
vt 0.800000 0.716667
vt 0.804167 0.683333
vt 0.804167 0.700000
vt 0.804167 0.716667
vt 0.804167 0.666667
vt 0.808333 0.683333
vt 0.808333 0.700000
vt 0.808333 0.716667
vt 0.795833 0.650000
vt 0.791667 0.650000
vt 0.800000 0.650000
vt 0.804167 0.650000
vt 0.795833 0.583333
vt 0.791667 0.600000
vt 0.795833 0.600000
vt 0.791667 0.616667
vt 0.795833 0.616667
vt 0.791667 0.633333
vt 0.795833 0.633333
vt 0.800000 0.583333
vt 0.800000 0.600000
vt 0.800000 0.616667
vt 0.800000 0.633333
vt 0.804167 0.600000
vt 0.804167 0.616667
vt 0.804167 0.633333
vt 0.804167 0.583333
vt 0.808333 0.600000
vt 0.808333 0.616667
vt 0.808333 0.633333
vt 0.795833 0.566667
vt 0.791667 0.566667
vt 0.800000 0.566667
vt 0.804167 0.566667
vt 0.791667 0.516667
vt 0.795833 0.516667
vt 0.791667 0.533333
vt 0.795833 0.533333
vt 0.791667 0.550000
vt 0.795833 0.550000
vt 0.800000 0.516667
vt 0.800000 0.533333
vt 0.800000 0.550000
vt 0.804167 0.516667
vt 0.804167 0.550000
vt 0.808333 0.516667
vt 0.808333 0.533333
vt 0.804167 0.533333
vt 0.808333 0.550000
vt 0.775000 0.500000
vt 0.770833 0.500000
vt 0.775000 0.483333
vt 0.779167 0.500000
vt 0.783333 0.483333
vt 0.779167 0.483333
vt 0.783333 0.500000
vt 0.770833 0.416667
vt 0.775000 0.433333
vt 0.770833 0.433333
vt 0.775000 0.450000
vt 0.770833 0.450000
vt 0.775000 0.466667
vt 0.770833 0.466667
vt 0.775000 0.416667
vt 0.779167 0.433333
vt 0.779167 0.450000
vt 0.779167 0.466667
vt 0.779167 0.416667
vt 0.783333 0.433333
vt 0.783333 0.450000
vt 0.783333 0.466667
vt 0.783333 0.416667
vt 0.787500 0.433333
vt 0.787500 0.450000
vt 0.787500 0.466667
vt 0.775000 0.400000
vt 0.779167 0.400000
vt 0.783333 0.400000
vt 0.770833 0.333333
vt 0.775000 0.350000
vt 0.770833 0.350000
vt 0.775000 0.366667
vt 0.770833 0.366667
vt 0.775000 0.383333
vt 0.770833 0.383333
vt 0.775000 0.333333
vt 0.779167 0.350000
vt 0.779167 0.366667
vt 0.779167 0.383333
vt 0.779167 0.333333
vt 0.783333 0.350000
vt 0.783333 0.366667
vt 0.783333 0.383333
vt 0.783333 0.333333
vt 0.787500 0.350000
vt 0.787500 0.366667
vt 0.787500 0.383333
vt 0.775000 0.316667
vt 0.779167 0.316667
vt 0.783333 0.316667
vt 0.770833 0.250000
vt 0.775000 0.266667
vt 0.770833 0.266667
vt 0.775000 0.283333
vt 0.770833 0.283333
vt 0.775000 0.300000
vt 0.770833 0.300000
vt 0.775000 0.250000
vt 0.779167 0.266667
vt 0.779167 0.283333
vt 0.779167 0.300000
vt 0.779167 0.250000
vt 0.783333 0.266667
vt 0.783333 0.283333
vt 0.783333 0.250000
vt 0.787500 0.266667
vt 0.787500 0.283333
vt 0.783333 0.300000
vt 0.787500 0.300000
vt 0.775000 0.233333
vt 0.783333 0.233333
vt 0.779167 0.233333
vt 0.770833 0.166667
vt 0.775000 0.183333
vt 0.770833 0.183333
vt 0.775000 0.200000
vt 0.770833 0.200000
vt 0.775000 0.216667
vt 0.770833 0.216667
vt 0.775000 0.166667
vt 0.779167 0.183333
vt 0.779167 0.200000
vt 0.779167 0.216667
vt 0.783333 0.166667
vt 0.779167 0.166667
vt 0.783333 0.183333
vt 0.783333 0.200000
vt 0.783333 0.216667
vt 0.787500 0.183333
vt 0.787500 0.200000
vt 0.787500 0.216667
vt 0.775000 0.150000
vt 0.783333 0.150000
vt 0.779167 0.150000
vt 0.770833 0.083333
vt 0.775000 0.100000
vt 0.770833 0.100000
vt 0.775000 0.116667
vt 0.770833 0.116667
vt 0.775000 0.133333
vt 0.770833 0.133333
vt 0.775000 0.083333
vt 0.779167 0.100000
vt 0.779167 0.116667
vt 0.779167 0.133333
vt 0.779167 0.083333
vt 0.783333 0.100000
vt 0.783333 0.116667
vt 0.783333 0.133333
vt 0.783333 0.083333
vt 0.787500 0.100000
vt 0.787500 0.116667
vt 0.787500 0.133333
vt 0.775000 0.066667
vt 0.783333 0.066667
vt 0.779167 0.066667
vt 0.770833 0.000000
vt 0.775000 0.016667
vt 0.770833 0.016667
vt 0.775000 0.033333
vt 0.770833 0.033333
vt 0.775000 0.050000
vt 0.770833 0.050000
vt 0.775000 0.000000
vt 0.779167 0.016667
vt 0.779167 0.033333
vt 0.779167 0.050000
vt 0.783333 0.000000
vt 0.779167 0.000000
vt 0.783333 0.033333
vt 0.783333 0.050000
vt 0.787500 0.000000
vt 0.783333 0.016667
vt 0.787500 0.016667
vt 0.787500 0.033333
vt 0.787500 0.050000
vt 0.775000 0.983333
vt 0.770833 0.983333
vt 0.779167 0.983333
vt 0.775000 1.000000
vt 0.783333 0.983333
vt 0.779167 1.000000
vt 0.783333 1.000000
vt 0.775000 0.916667
vt 0.770833 0.933333
vt 0.775000 0.933333
vt 0.770833 0.950000
vt 0.775000 0.950000
vt 0.770833 0.966667
vt 0.775000 0.966667
vt 0.779167 0.916667
vt 0.779167 0.933333
vt 0.779167 0.950000
vt 0.779167 0.966667
vt 0.783333 0.933333
vt 0.783333 0.950000
vt 0.783333 0.966667
vt 0.783333 0.916667
vt 0.787500 0.933333
vt 0.787500 0.950000
vt 0.787500 0.966667
vt 0.775000 0.900000
vt 0.770833 0.900000
vt 0.779167 0.900000
vt 0.783333 0.900000
vt 0.775000 0.833333
vt 0.770833 0.850000
vt 0.775000 0.850000
vt 0.770833 0.866667
vt 0.775000 0.866667
vt 0.770833 0.883333
vt 0.775000 0.883333
vt 0.779167 0.833333
vt 0.779167 0.850000
vt 0.779167 0.866667
vt 0.779167 0.883333
vt 0.783333 0.850000
vt 0.783333 0.866667
vt 0.783333 0.833333
vt 0.787500 0.850000
vt 0.787500 0.866667
vt 0.787500 0.883333
vt 0.783333 0.883333
vt 0.775000 0.816667
vt 0.770833 0.816667
vt 0.779167 0.816667
vt 0.783333 0.816667
vt 0.775000 0.750000
vt 0.770833 0.766667
vt 0.775000 0.766667
vt 0.770833 0.783333
vt 0.775000 0.783333
vt 0.770833 0.800000
vt 0.775000 0.800000
vt 0.779167 0.750000
vt 0.779167 0.766667
vt 0.779167 0.783333
vt 0.779167 0.800000
vt 0.783333 0.750000
vt 0.783333 0.766667
vt 0.783333 0.783333
vt 0.783333 0.800000
vt 0.787500 0.766667
vt 0.787500 0.783333
vt 0.787500 0.800000
vt 0.775000 0.733333
vt 0.770833 0.733333
vt 0.779167 0.733333
vt 0.783333 0.733333
vt 0.775000 0.666667
vt 0.770833 0.683333
vt 0.775000 0.683333
vt 0.770833 0.700000
vt 0.775000 0.700000
vt 0.770833 0.716667
vt 0.775000 0.716667
vt 0.779167 0.666667
vt 0.779167 0.683333
vt 0.779167 0.700000
vt 0.779167 0.716667
vt 0.783333 0.683333
vt 0.783333 0.716667
vt 0.783333 0.666667
vt 0.787500 0.683333
vt 0.787500 0.700000
vt 0.783333 0.700000
vt 0.787500 0.716667
vt 0.775000 0.650000
vt 0.770833 0.650000
vt 0.779167 0.650000
vt 0.783333 0.650000
vt 0.775000 0.583333
vt 0.770833 0.600000
vt 0.775000 0.600000
vt 0.770833 0.616667
vt 0.775000 0.616667
vt 0.770833 0.633333
vt 0.775000 0.633333
vt 0.779167 0.583333
vt 0.779167 0.600000
vt 0.779167 0.616667
vt 0.779167 0.633333
vt 0.783333 0.600000
vt 0.783333 0.616667
vt 0.783333 0.633333
vt 0.783333 0.583333
vt 0.787500 0.600000
vt 0.787500 0.616667
vt 0.787500 0.633333
vt 0.775000 0.566667
vt 0.770833 0.566667
vt 0.779167 0.566667
vt 0.783333 0.566667
vt 0.770833 0.516667
vt 0.775000 0.516667
vt 0.770833 0.533333
vt 0.775000 0.533333
vt 0.770833 0.550000
vt 0.775000 0.550000
vt 0.779167 0.516667
vt 0.779167 0.533333
vt 0.779167 0.550000
vt 0.783333 0.533333
vt 0.783333 0.550000
vt 0.787500 0.516667
vt 0.783333 0.516667
vt 0.787500 0.533333
vt 0.787500 0.550000
vt 0.750000 0.483333
vt 0.754167 0.500000
vt 0.750000 0.500000
vt 0.754167 0.483333
vt 0.758333 0.500000
vt 0.758333 0.483333
vt 0.762500 0.500000
vt 0.762500 0.483333
vt 0.750000 0.416667
vt 0.754167 0.433333
vt 0.750000 0.433333
vt 0.754167 0.450000
vt 0.750000 0.450000
vt 0.754167 0.466667
vt 0.750000 0.466667
vt 0.754167 0.416667
vt 0.758333 0.433333
vt 0.758333 0.450000
vt 0.758333 0.466667
vt 0.762500 0.416667
vt 0.758333 0.416667
vt 0.762500 0.433333
vt 0.762500 0.450000
vt 0.762500 0.466667
vt 0.766667 0.433333
vt 0.766667 0.450000
vt 0.766667 0.466667
vt 0.750000 0.400000
vt 0.754167 0.400000
vt 0.762500 0.400000
vt 0.758333 0.400000
vt 0.750000 0.333333
vt 0.754167 0.350000
vt 0.750000 0.350000
vt 0.754167 0.366667
vt 0.750000 0.366667
vt 0.754167 0.383333
vt 0.750000 0.383333
vt 0.754167 0.333333
vt 0.758333 0.350000
vt 0.758333 0.366667
vt 0.758333 0.383333
vt 0.758333 0.333333
vt 0.762500 0.350000
vt 0.762500 0.383333
vt 0.762500 0.333333
vt 0.766667 0.350000
vt 0.762500 0.366667
vt 0.766667 0.366667
vt 0.766667 0.383333
vt 0.750000 0.316667
vt 0.754167 0.316667
vt 0.758333 0.316667
vt 0.762500 0.316667
vt 0.750000 0.250000
vt 0.754167 0.266667
vt 0.750000 0.266667
vt 0.754167 0.283333
vt 0.750000 0.283333
vt 0.754167 0.300000
vt 0.750000 0.300000
vt 0.754167 0.250000
vt 0.758333 0.266667
vt 0.758333 0.283333
vt 0.758333 0.300000
vt 0.758333 0.250000
vt 0.762500 0.266667
vt 0.762500 0.283333
vt 0.762500 0.300000
vt 0.762500 0.250000
vt 0.766667 0.266667
vt 0.766667 0.283333
vt 0.766667 0.300000
vt 0.750000 0.233333
vt 0.754167 0.233333
vt 0.758333 0.233333
vt 0.762500 0.233333
vt 0.750000 0.166667
vt 0.754167 0.183333
vt 0.750000 0.183333
vt 0.754167 0.200000
vt 0.750000 0.200000
vt 0.754167 0.216667
vt 0.750000 0.216667
vt 0.754167 0.166667
vt 0.758333 0.183333
vt 0.758333 0.200000
vt 0.758333 0.216667
vt 0.762500 0.166667
vt 0.758333 0.166667
vt 0.762500 0.183333
vt 0.762500 0.216667
vt 0.766667 0.183333
vt 0.762500 0.200000
vt 0.766667 0.200000
vt 0.766667 0.216667
vt 0.750000 0.150000
vt 0.754167 0.150000
vt 0.758333 0.150000
vt 0.762500 0.150000
vt 0.750000 0.083333
vt 0.754167 0.100000
vt 0.750000 0.100000
vt 0.754167 0.116667
vt 0.750000 0.116667
vt 0.754167 0.133333
vt 0.750000 0.133333
vt 0.754167 0.083333
vt 0.758333 0.100000
vt 0.758333 0.116667
vt 0.758333 0.133333
vt 0.762500 0.083333
vt 0.758333 0.083333
vt 0.762500 0.116667
vt 0.762500 0.133333
vt 0.762500 0.100000
vt 0.766667 0.100000
vt 0.766667 0.116667
vt 0.766667 0.133333
vt 0.750000 0.066667
vt 0.754167 0.066667
vt 0.758333 0.066667
vt 0.762500 0.066667
vt 0.750000 0.000000
vt 0.754167 0.016667
vt 0.750000 0.016667
vt 0.754167 0.033333
vt 0.750000 0.033333
vt 0.754167 0.050000
vt 0.750000 0.050000
vt 0.754167 0.000000
vt 0.758333 0.016667
vt 0.758333 0.033333
vt 0.758333 0.050000
vt 0.762500 0.000000
vt 0.758333 0.000000
vt 0.762500 0.016667
vt 0.762500 0.050000
vt 0.766667 0.000000
vt 0.766667 0.016667
vt 0.762500 0.033333
vt 0.766667 0.033333
vt 0.766667 0.050000
vt 0.754167 0.983333
vt 0.750000 1.000000
vt 0.750000 0.983333
vt 0.758333 0.983333
vt 0.754167 1.000000
vt 0.762500 0.983333
vt 0.758333 1.000000
vt 0.762500 1.000000
vt 0.754167 0.916667
vt 0.750000 0.933333
vt 0.750000 0.916667
vt 0.754167 0.933333
vt 0.750000 0.950000
vt 0.754167 0.950000
vt 0.750000 0.966667
vt 0.754167 0.966667
vt 0.758333 0.916667
vt 0.758333 0.933333
vt 0.758333 0.950000
vt 0.758333 0.966667
vt 0.762500 0.916667
vt 0.762500 0.950000
vt 0.766667 0.933333
vt 0.762500 0.933333
vt 0.766667 0.950000
vt 0.766667 0.966667
vt 0.762500 0.966667
vt 0.754167 0.900000
vt 0.750000 0.900000
vt 0.758333 0.900000
vt 0.762500 0.900000
vt 0.754167 0.833333
vt 0.750000 0.850000
vt 0.750000 0.833333
vt 0.754167 0.850000
vt 0.750000 0.866667
vt 0.754167 0.866667
vt 0.750000 0.883333
vt 0.754167 0.883333
vt 0.758333 0.833333
vt 0.758333 0.850000
vt 0.758333 0.866667
vt 0.758333 0.883333
vt 0.762500 0.850000
vt 0.762500 0.866667
vt 0.762500 0.883333
vt 0.762500 0.833333
vt 0.766667 0.850000
vt 0.766667 0.866667
vt 0.766667 0.883333
vt 0.754167 0.816667
vt 0.750000 0.816667
vt 0.758333 0.816667
vt 0.762500 0.816667
vt 0.754167 0.750000
vt 0.750000 0.766667
vt 0.750000 0.750000
vt 0.754167 0.766667
vt 0.750000 0.783333
vt 0.754167 0.783333
vt 0.750000 0.800000
vt 0.754167 0.800000
vt 0.758333 0.750000
vt 0.758333 0.766667
vt 0.758333 0.783333
vt 0.758333 0.800000
vt 0.762500 0.750000
vt 0.762500 0.766667
vt 0.762500 0.800000
vt 0.766667 0.766667
vt 0.766667 0.783333
vt 0.762500 0.783333
vt 0.766667 0.800000
vt 0.754167 0.733333
vt 0.750000 0.733333
vt 0.758333 0.733333
vt 0.762500 0.733333
vt 0.754167 0.666667
vt 0.750000 0.683333
vt 0.750000 0.666667
vt 0.754167 0.683333
vt 0.750000 0.700000
vt 0.754167 0.700000
vt 0.750000 0.716667
vt 0.754167 0.716667
vt 0.758333 0.666667
vt 0.758333 0.683333
vt 0.758333 0.700000
vt 0.758333 0.716667
vt 0.762500 0.666667
vt 0.762500 0.683333
vt 0.762500 0.700000
vt 0.762500 0.716667
vt 0.766667 0.683333
vt 0.766667 0.700000
vt 0.766667 0.716667
vt 0.754167 0.650000
vt 0.750000 0.650000
vt 0.758333 0.650000
vt 0.762500 0.650000
vt 0.754167 0.583333
vt 0.750000 0.600000
vt 0.750000 0.583333
vt 0.754167 0.600000
vt 0.750000 0.616667
vt 0.754167 0.616667
vt 0.750000 0.633333
vt 0.754167 0.633333
vt 0.758333 0.583333
vt 0.758333 0.600000
vt 0.758333 0.616667
vt 0.758333 0.633333
vt 0.762500 0.600000
vt 0.762500 0.616667
vt 0.762500 0.583333
vt 0.766667 0.600000
vt 0.766667 0.616667
vt 0.766667 0.633333
vt 0.762500 0.633333
vt 0.754167 0.566667
vt 0.750000 0.566667
vt 0.758333 0.566667
vt 0.762500 0.566667
vt 0.750000 0.516667
vt 0.754167 0.516667
vt 0.750000 0.533333
vt 0.754167 0.533333
vt 0.750000 0.550000
vt 0.754167 0.550000
vt 0.758333 0.516667
vt 0.758333 0.533333
vt 0.758333 0.550000
vt 0.762500 0.516667
vt 0.762500 0.533333
vt 0.762500 0.550000
vt 0.766667 0.516667
vt 0.766667 0.533333
vt 0.766667 0.550000
vt 1.000000 0.500000
s 0
f 3660/1/1 14/2/1 216/3/1
f 3644/4/2 15/5/2 224/6/2
f 3628/7/3 16/8/3 232/9/3
f 3612/10/4 17/11/4 240/12/4
f 3596/13/5 18/14/5 248/15/5
f 3580/16/6 19/17/6 256/18/6
f 260/19/7 264/20/7 3564/21/7
f 268/22/8 272/23/8 3548/24/8
f 276/25/9 280/26/9 3532/27/9
f 284/28/10 288/29/10 3516/30/10
f 292/31/11 296/32/11 3500/33/11
f 297/34/12 208/35/12 3484/36/12
f 3468/37/13 26/38/13 312/39/13
f 3452/40/14 27/41/14 320/42/14
f 3436/43/15 28/44/15 328/45/15
f 3420/46/16 29/47/16 336/48/16
f 3404/49/17 30/50/17 344/51/17
f 3388/52/18 31/53/18 352/54/18
f 356/55/19 360/56/19 3372/57/19
f 364/58/20 368/59/20 3356/60/20
f 372/61/21 376/62/21 3340/63/21
f 380/64/22 384/65/22 3324/66/22
f 388/67/23 392/68/23 3308/69/23
f 393/70/24 304/71/24 3292/72/24
f 3276/73/25 38/74/25 408/75/25
f 3260/76/26 39/77/26 416/78/26
f 3244/79/27 40/80/27 424/81/27
f 3228/82/28 41/83/28 432/84/28
f 3212/85/29 42/86/29 440/87/29
f 3196/88/30 43/89/30 448/90/30
f 452/91/31 456/92/31 3180/93/31
f 460/94/32 464/95/32 3164/96/32
f 468/97/33 472/98/33 3148/99/33
f 476/100/34 480/101/34 3132/102/34
f 484/103/35 488/104/35 3116/105/35
f 489/106/36 400/107/36 3100/108/36
f 3084/109/37 50/110/37 504/111/37
f 3068/112/38 51/113/38 512/114/38
f 3052/115/39 52/116/39 520/117/39
f 3036/118/40 53/119/40 528/120/40
f 3020/121/41 54/122/41 536/123/41
f 3004/124/42 55/125/42 544/126/42
f 548/127/43 552/128/43 2988/129/43
f 556/130/44 560/131/44 2972/132/44
f 564/133/45 568/134/45 2956/135/45
f 572/136/46 576/137/46 2940/138/46
f 580/139/47 584/140/47 2924/141/47
f 585/142/48 496/143/48 2908/144/48
f 2892/145/49 62/146/49 600/147/49
f 2876/148/50 63/149/50 608/150/50
f 2860/151/51 64/152/51 616/153/51
f 2844/154/52 65/155/52 624/156/52
f 2828/157/53 66/158/53 632/159/53
f 2812/160/54 67/161/54 640/162/54
f 644/163/55 648/164/55 2796/165/55
f 652/166/56 656/167/56 2780/168/56
f 660/169/57 664/170/57 2764/171/57
f 668/172/58 672/173/58 2748/174/58
f 676/175/59 680/176/59 2732/177/59
f 681/178/60 592/179/60 2716/180/60
f 2700/181/61 74/182/61 696/183/61
f 2684/184/62 75/185/62 704/186/62
f 2668/187/63 76/188/63 712/189/63
f 2652/190/64 77/191/64 720/192/64
f 2636/193/65 78/194/65 728/195/65
f 2620/196/66 79/197/66 736/198/66
f 740/199/67 744/200/67 2604/201/67
f 748/202/68 752/203/68 2588/204/68
f 756/205/69 760/206/69 2572/207/69
f 764/208/70 768/209/70 2556/210/70
f 772/211/71 776/212/71 2540/213/71
f 777/214/72 688/215/72 2524/216/72
f 2508/217/73 86/218/73 792/219/73
f 2492/220/74 87/221/74 800/222/74
f 2476/223/75 88/224/75 808/225/75
f 2460/226/76 89/227/76 816/228/76
f 2444/229/77 90/230/77 824/231/77
f 2428/232/78 91/233/78 832/234/78
f 836/235/79 840/236/79 2412/237/79
f 844/238/80 848/239/80 2396/240/80
f 852/241/81 856/242/81 2380/243/81
f 860/244/82 864/245/82 2364/246/82
f 868/247/83 872/248/83 2348/249/83
f 873/250/84 784/251/84 2332/252/84
f 2316/253/85 98/254/85 888/255/85
f 2300/256/86 99/257/86 896/258/86
f 2284/259/87 100/260/87 904/261/87
f 2268/262/88 101/263/88 912/264/88
f 2252/265/89 102/266/89 920/267/89
f 2236/268/90 103/269/90 928/270/90
f 932/271/91 936/272/91 2220/273/91
f 940/274/92 944/275/92 2204/276/92
f 948/277/93 952/278/93 2188/279/93
f 956/280/94 960/281/94 2172/282/94
f 964/283/95 968/284/95 2156/285/95
f 969/286/96 880/287/96 2140/288/96
f 2124/289/97 110/290/97 984/291/97
f 2108/292/98 111/293/98 992/294/98
f 2092/295/99 112/296/99 1000/297/99
f 2076/298/100 113/299/100 1008/300/100
f 2060/301/101 114/302/101 1016/303/101
f 2044/304/102 115/305/102 1024/306/102
f 1028/307/103 1032/308/103 2028/309/103
f 1036/310/104 1040/311/104 2012/312/104
f 1044/313/105 1048/314/105 1996/315/105
f 1052/316/106 1056/317/106 1980/318/106
f 1060/319/107 1064/320/107 1964/321/107
f 1065/322/108 976/323/108 1948/324/108
f 1932/325/109 122/326/109 1080/327/109
f 1916/328/110 123/329/110 1088/330/110
f 1900/331/111 124/332/111 1096/333/111
f 1884/334/112 125/335/112 1104/336/112
f 1868/337/113 126/338/113 1112/339/113
f 1852/340/114 127/341/114 1120/342/114
f 1124/343/115 1128/344/115 1836/345/115
f 1132/346/116 1136/347/116 1820/348/116
f 1140/349/117 1144/350/117 1804/351/117
f 1148/352/118 1152/353/118 1788/354/118
f 1156/355/119 1160/356/119 1772/357/119
f 1161/358/120 1072/359/120 1756/360/120
f 1740/361/121 134/362/121 1176/363/121
f 1724/364/122 135/365/122 1184/366/122
f 1708/367/123 136/368/123 1192/369/123
f 1692/370/124 137/371/124 1200/372/124
f 1676/373/125 138/374/125 1208/375/125
f 1660/376/126 139/377/126 1216/378/126
f 1220/379/127 1224/380/127 1644/381/127
f 1228/382/128 1232/383/128 1628/384/128
f 1236/385/129 1240/386/129 1612/387/129
f 1244/388/130 1248/389/130 1596/390/130
f 1252/391/131 1256/392/131 1580/393/131
f 1257/394/132 1168/395/132 1564/396/132
f 1548/397/133 146/398/133 1272/399/133
f 1532/400/134 147/401/134 1280/402/134
f 1516/403/135 148/404/135 1288/405/135
f 1500/406/136 149/407/136 1296/408/136
f 1484/409/137 150/410/137 1304/411/137
f 1468/412/138 151/413/138 1312/414/138
f 1316/415/139 1320/416/139 1452/417/139
f 1324/418/140 1328/419/140 1436/420/140
f 1332/421/141 1336/422/141 1420/423/141
f 1340/424/142 1344/425/142 1404/426/142
f 1348/427/143 1352/428/143 1388/429/143
f 1353/430/144 1264/431/144 1372/432/144
f 1257/394/144 1261/433/144 133/434/144
f 1360/435/144 1262/436/144 1261/433/144
f 1368/437/144 1262/436/144 1364/438/144
f 1372/432/144 1263/439/144 1368/437/144
f 144/440/144 1357/441/144 1260/442/144
f 1260/442/144 1358/443/144 1259/444/144
f 1259/444/144 1359/445/144 1258/446/144
f 1258/446/144 1360/435/144 1257/394/144
f 1349/447/144 1361/448/144 1357/441/144
f 1357/441/144 1362/449/144 1358/443/144
f 1358/443/144 1363/450/144 1359/445/144
f 1359/445/144 1364/438/144 1360/435/144
f 1351/451/144 1361/448/144 1350/452/144
f 1365/453/144 1362/449/144 1361/448/144
f 1366/454/144 1363/450/144 1362/449/144
f 1367/455/144 1364/438/144 1363/450/144
f 1352/428/144 1365/453/144 1351/451/144
f 1369/456/144 1366/454/144 1365/453/144
f 1370/457/144 1367/455/144 1366/454/144
f 1371/458/144 1368/437/144 1367/455/144
f 156/459/144 1369/456/144 1352/428/144
f 1356/460/144 1370/457/144 1369/456/144
f 1355/461/144 1371/458/144 1370/457/144
f 1354/462/144 1372/432/144 1371/458/144
f 1252/391/143 1349/447/143 144/440/143
f 1376/463/143 1350/452/143 1349/447/143
f 1380/464/143 1351/451/143 1350/452/143
f 1388/429/143 1351/451/143 1384/465/143
f 143/466/143 1373/467/143 1249/468/143
f 1249/468/143 1374/469/143 1250/470/143
f 1250/470/143 1375/471/143 1251/472/143
f 1251/472/143 1376/463/143 1252/391/143
f 1341/473/143 1377/474/143 1373/467/143
f 1373/467/143 1378/475/143 1374/469/143
f 1374/469/143 1379/476/143 1375/471/143
f 1375/471/143 1380/464/143 1376/463/143
f 1343/477/143 1377/474/143 1342/478/143
f 1381/479/143 1378/475/143 1377/474/143
f 1378/475/143 1383/480/143 1379/476/143
f 1379/476/143 1384/465/143 1380/464/143
f 1344/425/143 1381/479/143 1343/477/143
f 1385/481/143 1382/482/143 1381/479/143
f 1386/483/143 1383/480/143 1382/482/143
f 1387/484/143 1384/465/143 1383/480/143
f 155/485/143 1385/481/143 1344/425/143
f 1345/486/143 1386/483/143 1385/481/143
f 1346/487/143 1387/484/143 1386/483/143
f 1347/488/143 1388/429/143 1387/484/143
f 1244/388/142 1341/473/142 143/466/142
f 1392/489/142 1342/478/142 1341/473/142
f 1400/490/142 1342/478/142 1396/491/142
f 1404/426/142 1343/477/142 1400/490/142
f 142/492/142 1389/493/142 1241/494/142
f 1241/494/142 1390/495/142 1242/496/142
f 1242/496/142 1391/497/142 1243/498/142
f 1243/498/142 1392/489/142 1244/388/142
f 1333/499/142 1393/500/142 1389/493/142
f 1389/493/142 1394/501/142 1390/495/142
f 1390/495/142 1395/502/142 1391/497/142
f 1391/497/142 1396/491/142 1392/489/142
f 1335/503/142 1393/500/142 1334/504/142
f 1393/500/142 1398/505/142 1394/501/142
f 1394/501/142 1399/506/142 1395/502/142
f 1395/502/142 1400/490/142 1396/491/142
f 1336/422/142 1397/507/142 1335/503/142
f 1401/508/142 1398/505/142 1397/507/142
f 1402/509/142 1399/506/142 1398/505/142
f 1403/510/142 1400/490/142 1399/506/142
f 154/511/142 1401/508/142 1336/422/142
f 1337/512/142 1402/509/142 1401/508/142
f 1338/513/142 1403/510/142 1402/509/142
f 1339/514/142 1404/426/142 1403/510/142
f 1236/385/141 1333/499/141 142/492/141
f 1408/515/141 1334/504/141 1333/499/141
f 1416/516/141 1334/504/141 1412/517/141
f 1420/423/141 1335/503/141 1416/516/141
f 141/518/141 1405/519/141 1233/520/141
f 1233/520/141 1406/521/141 1234/522/141
f 1234/522/141 1407/523/141 1235/524/141
f 1235/524/141 1408/515/141 1236/385/141
f 1325/525/141 1409/526/141 1405/519/141
f 1405/519/141 1410/527/141 1406/521/141
f 1406/521/141 1411/528/141 1407/523/141
f 1407/523/141 1412/517/141 1408/515/141
f 1326/529/141 1413/530/141 1409/526/141
f 1413/530/141 1410/527/141 1409/526/141
f 1414/531/141 1411/528/141 1410/527/141
f 1415/532/141 1412/517/141 1411/528/141
f 1328/419/141 1413/530/141 1327/533/141
f 1417/534/141 1414/531/141 1413/530/141
f 1418/535/141 1415/532/141 1414/531/141
f 1419/536/141 1416/516/141 1415/532/141
f 153/537/141 1417/534/141 1328/419/141
f 1329/538/141 1418/535/141 1417/534/141
f 1330/539/141 1419/536/141 1418/535/141
f 1331/540/141 1420/423/141 1419/536/141
f 1228/382/140 1325/525/140 141/518/140
f 1424/541/140 1326/529/140 1325/525/140
f 1428/542/140 1327/533/140 1326/529/140
f 1436/420/140 1327/533/140 1432/543/140
f 140/544/140 1421/545/140 1225/546/140
f 1225/546/140 1422/547/140 1226/548/140
f 1226/548/140 1423/549/140 1227/550/140
f 1227/550/140 1424/541/140 1228/382/140
f 1317/551/140 1425/552/140 1421/545/140
f 1421/545/140 1426/553/140 1422/547/140
f 1422/547/140 1427/554/140 1423/549/140
f 1423/549/140 1428/542/140 1424/541/140
f 1319/555/140 1425/552/140 1318/556/140
f 1429/557/140 1426/553/140 1425/552/140
f 1430/558/140 1427/554/140 1426/553/140
f 1427/554/140 1432/543/140 1428/542/140
f 1320/416/140 1429/557/140 1319/555/140
f 1433/559/140 1430/558/140 1429/557/140
f 1434/560/140 1431/561/140 1430/558/140
f 1435/562/140 1432/543/140 1431/561/140
f 152/563/140 1433/559/140 1320/416/140
f 1321/564/140 1434/560/140 1433/559/140
f 1322/565/140 1435/562/140 1434/560/140
f 1323/566/140 1436/420/140 1435/562/140
f 1220/379/139 1317/551/139 140/544/139
f 1440/567/139 1318/556/139 1317/551/139
f 1444/568/139 1319/555/139 1318/556/139
f 1452/417/139 1319/555/139 1448/569/139
f 139/570/139 1437/571/139 1217/572/139
f 1217/572/139 1438/573/139 1218/574/139
f 1218/574/139 1439/575/139 1219/576/139
f 1219/576/139 1440/567/139 1220/379/139
f 1309/577/139 1441/578/139 1437/571/139
f 1437/571/139 1442/579/139 1438/573/139
f 1438/573/139 1443/580/139 1439/575/139
f 1439/575/139 1444/568/139 1440/567/139
f 1310/581/139 1445/582/139 1441/578/139
f 1445/582/139 1442/579/139 1441/578/139
f 1446/583/139 1443/580/139 1442/579/139
f 1447/584/139 1444/568/139 1443/580/139
f 1312/585/139 1445/582/139 1311/586/139
f 1449/587/139 1446/583/139 1445/582/139
f 1450/588/139 1447/584/139 1446/583/139
f 1451/589/139 1448/569/139 1447/584/139
f 151/590/139 1449/587/139 1312/585/139
f 1313/591/139 1450/588/139 1449/587/139
f 1314/592/139 1451/589/139 1450/588/139
f 1315/593/139 1452/417/139 1451/589/139
f 1456/594/138 139/377/138 1212/595/138
f 1460/596/138 1309/597/138 1456/594/138
f 1464/598/138 1310/599/138 1460/596/138
f 1464/598/138 1312/414/138 1311/600/138
f 1301/601/138 1209/602/138 138/374/138
f 1453/603/138 1210/604/138 1209/602/138
f 1454/605/138 1211/606/138 1210/604/138
f 1455/607/138 1212/595/138 1211/606/138
f 1302/608/138 1453/603/138 1301/601/138
f 1457/609/138 1454/605/138 1453/603/138
f 1458/610/138 1455/607/138 1454/605/138
f 1459/611/138 1456/594/138 1455/607/138
f 1303/612/138 1457/609/138 1302/608/138
f 1461/613/138 1458/610/138 1457/609/138
f 1462/614/138 1459/611/138 1458/610/138
f 1463/615/138 1460/596/138 1459/611/138
f 1303/612/138 1465/616/138 1461/613/138
f 1461/613/138 1466/617/138 1462/614/138
f 1462/614/138 1467/618/138 1463/615/138
f 1463/615/138 1468/412/138 1464/598/138
f 1304/411/138 1305/619/138 1465/616/138
f 1465/616/138 1306/620/138 1466/617/138
f 1466/617/138 1307/621/138 1467/618/138
f 1467/618/138 1308/622/138 1468/412/138
f 1472/623/137 138/374/137 1204/624/137
f 1476/625/137 1301/601/137 1472/623/137
f 1480/626/137 1302/608/137 1476/625/137
f 1480/626/137 1304/411/137 1303/612/137
f 1293/627/137 1201/628/137 137/371/137
f 1469/629/137 1202/630/137 1201/628/137
f 1470/631/137 1203/632/137 1202/630/137
f 1471/633/137 1204/624/137 1203/632/137
f 1294/634/137 1469/629/137 1293/627/137
f 1473/635/137 1470/631/137 1469/629/137
f 1474/636/137 1471/633/137 1470/631/137
f 1475/637/137 1472/623/137 1471/633/137
f 1295/638/137 1473/635/137 1294/634/137
f 1473/635/137 1478/639/137 1474/636/137
f 1478/639/137 1475/637/137 1474/636/137
f 1479/640/137 1476/625/137 1475/637/137
f 1295/638/137 1481/641/137 1477/642/137
f 1477/642/137 1482/643/137 1478/639/137
f 1478/639/137 1483/644/137 1479/640/137
f 1479/640/137 1484/409/137 1480/626/137
f 1296/408/137 1297/645/137 1481/641/137
f 1481/641/137 1298/646/137 1482/643/137
f 1482/643/137 1299/647/137 1483/644/137
f 1483/644/137 1300/648/137 1484/409/137
f 1488/649/136 137/371/136 1196/650/136
f 1492/651/136 1293/627/136 1488/649/136
f 1492/651/136 1295/638/136 1294/634/136
f 1496/652/136 1296/408/136 1295/638/136
f 1285/653/136 1193/654/136 136/368/136
f 1485/655/136 1194/656/136 1193/654/136
f 1486/657/136 1195/658/136 1194/656/136
f 1487/659/136 1196/650/136 1195/658/136
f 1286/660/136 1485/655/136 1285/653/136
f 1489/661/136 1486/657/136 1485/655/136
f 1490/662/136 1487/659/136 1486/657/136
f 1491/663/136 1488/649/136 1487/659/136
f 1286/660/136 1493/664/136 1489/661/136
f 1489/661/136 1494/665/136 1490/662/136
f 1494/665/136 1491/663/136 1490/662/136
f 1495/666/136 1492/651/136 1491/663/136
f 1287/667/136 1497/668/136 1493/664/136
f 1493/664/136 1498/669/136 1494/665/136
f 1494/665/136 1499/670/136 1495/666/136
f 1495/666/136 1500/406/136 1496/652/136
f 1288/405/136 1289/671/136 1497/668/136
f 1497/668/136 1290/672/136 1498/669/136
f 1498/669/136 1291/673/136 1499/670/136
f 1499/670/136 1292/674/136 1500/406/136
f 1504/675/135 136/368/135 1188/676/135
f 1508/677/135 1285/653/135 1504/675/135
f 1508/677/135 1287/667/135 1286/660/135
f 1512/678/135 1288/405/135 1287/667/135
f 1277/679/135 1185/680/135 135/365/135
f 1501/681/135 1186/682/135 1185/680/135
f 1502/683/135 1187/684/135 1186/682/135
f 1503/685/135 1188/676/135 1187/684/135
f 1278/686/135 1501/681/135 1277/679/135
f 1505/687/135 1502/683/135 1501/681/135
f 1506/688/135 1503/685/135 1502/683/135
f 1507/689/135 1504/675/135 1503/685/135
f 1278/686/135 1509/690/135 1505/687/135
f 1505/687/135 1510/691/135 1506/688/135
f 1506/688/135 1511/692/135 1507/689/135
f 1511/692/135 1508/677/135 1507/689/135
f 1279/693/135 1513/694/135 1509/690/135
f 1509/690/135 1514/695/135 1510/691/135
f 1510/691/135 1515/696/135 1511/692/135
f 1511/692/135 1516/403/135 1512/678/135
f 1280/402/135 1281/697/135 1513/694/135
f 1513/694/135 1282/698/135 1514/695/135
f 1514/695/135 1283/699/135 1515/696/135
f 1515/696/135 1284/700/135 1516/403/135
f 1520/701/134 135/365/134 1180/702/134
f 1524/703/134 1277/679/134 1520/701/134
f 1524/703/134 1279/693/134 1278/686/134
f 1528/704/134 1280/402/134 1279/693/134
f 1269/705/134 1177/706/134 134/362/134
f 1517/707/134 1178/708/134 1177/706/134
f 1518/709/134 1179/710/134 1178/708/134
f 1519/711/134 1180/702/134 1179/710/134
f 1270/712/134 1517/707/134 1269/705/134
f 1521/713/134 1518/709/134 1517/707/134
f 1522/714/134 1519/711/134 1518/709/134
f 1523/715/134 1520/701/134 1519/711/134
f 1271/716/134 1521/713/134 1270/712/134
f 1521/713/134 1526/717/134 1522/714/134
f 1522/714/134 1527/718/134 1523/715/134
f 1523/715/134 1528/704/134 1524/703/134
f 1271/716/134 1529/719/134 1525/720/134
f 1525/720/134 1530/721/134 1526/717/134
f 1526/717/145 1531/722/145 1527/718/145
f 1527/718/134 1532/400/134 1528/704/134
f 1272/399/134 1273/723/134 1529/719/134
f 1529/719/134 1274/724/134 1530/721/134
f 1530/721/134 1275/725/134 1531/722/134
f 1531/722/145 1276/726/145 1532/400/145
f 1536/727/133 134/362/133 1172/728/133
f 1540/729/133 1269/705/133 1536/727/133
f 1540/729/133 1271/716/133 1270/712/133
f 1544/730/133 1272/399/133 1271/716/133
f 1261/433/133 1169/731/133 133/434/133
f 1533/732/133 1170/733/133 1169/731/133
f 1534/734/133 1171/735/133 1170/733/133
f 1535/736/133 1172/728/133 1171/735/133
f 1262/436/133 1533/732/133 1261/433/133
f 1537/737/133 1534/734/133 1533/732/133
f 1538/738/133 1535/736/133 1534/734/133
f 1539/739/133 1536/727/133 1535/736/133
f 1262/436/133 1541/740/133 1537/737/133
f 1541/740/133 1538/738/133 1537/737/133
f 1542/741/133 1539/739/133 1538/738/133
f 1539/739/133 1544/730/133 1540/729/133
f 1263/439/133 1545/742/133 1541/740/133
f 1541/740/133 1546/743/133 1542/741/133
f 1542/741/133 1547/744/133 1543/745/133
f 1543/745/133 1548/397/133 1544/730/133
f 1264/431/133 1265/746/133 1545/742/133
f 1545/742/133 1266/747/133 1546/743/133
f 1546/743/133 1267/748/133 1547/744/133
f 1547/744/133 1268/749/133 1548/397/133
f 1161/358/132 1165/750/132 121/751/132
f 1552/752/132 1166/753/132 1165/750/132
f 1556/754/132 1167/755/132 1166/753/132
f 1564/396/132 1167/755/132 1560/756/132
f 132/757/132 1549/758/132 1164/759/132
f 1164/759/132 1550/760/132 1163/761/132
f 1163/761/132 1551/762/132 1162/763/132
f 1162/763/132 1552/752/132 1161/358/132
f 1253/764/132 1553/765/132 1549/758/132
f 1549/758/132 1554/766/132 1550/760/132
f 1550/760/132 1555/767/132 1551/762/132
f 1551/762/132 1556/754/132 1552/752/132
f 1254/768/132 1557/769/132 1553/765/132
f 1557/769/132 1554/766/132 1553/765/132
f 1558/770/132 1555/767/132 1554/766/132
f 1559/771/132 1556/754/132 1555/767/132
f 1256/392/132 1557/769/132 1255/772/132
f 1561/773/132 1558/770/132 1557/769/132
f 1562/774/132 1559/771/132 1558/770/132
f 1563/775/132 1560/756/132 1559/771/132
f 144/440/132 1561/773/132 1256/392/132
f 1260/442/132 1562/774/132 1561/773/132
f 1259/444/132 1563/775/132 1562/774/132
f 1258/446/132 1564/396/132 1563/775/132
f 1156/355/146 1253/764/146 132/757/146
f 1568/776/131 1254/768/131 1253/764/131
f 1572/777/131 1255/772/131 1254/768/131
f 1580/393/131 1255/772/131 1576/778/131
f 131/779/131 1565/780/131 1153/781/131
f 1153/781/131 1566/782/131 1154/783/131
f 1154/783/131 1567/784/131 1155/785/131
f 1155/785/131 1568/776/131 1156/355/131
f 1245/786/131 1569/787/131 1565/780/131
f 1565/780/131 1570/788/131 1566/782/131
f 1566/782/131 1571/789/131 1567/784/131
f 1567/784/131 1572/777/131 1568/776/131
f 1246/790/131 1573/791/131 1569/787/131
f 1569/787/131 1574/792/131 1570/788/131
f 1570/788/131 1575/793/131 1571/789/131
f 1571/789/131 1576/778/131 1572/777/131
f 1248/389/131 1573/791/131 1247/794/131
f 1577/795/131 1574/792/131 1573/791/131
f 1578/796/131 1575/793/131 1574/792/131
f 1579/797/131 1576/778/131 1575/793/131
f 143/466/131 1577/795/131 1248/389/131
f 1249/468/131 1578/796/131 1577/795/131
f 1250/470/131 1579/797/131 1578/796/131
f 1251/472/146 1580/393/146 1579/797/146
f 1148/352/130 1245/786/130 131/779/130
f 1584/798/130 1246/790/130 1245/786/130
f 1588/799/130 1247/794/130 1246/790/130
f 1596/390/130 1247/794/130 1592/800/130
f 130/801/130 1581/802/130 1145/803/130
f 1145/803/130 1582/804/130 1146/805/130
f 1146/805/130 1583/806/130 1147/807/130
f 1147/807/130 1584/798/130 1148/352/130
f 1237/808/130 1585/809/130 1581/802/130
f 1581/802/130 1586/810/130 1582/804/130
f 1582/804/130 1587/811/130 1583/806/130
f 1583/806/130 1588/799/130 1584/798/130
f 1239/812/130 1585/809/130 1238/813/130
f 1589/814/130 1586/810/130 1585/809/130
f 1590/815/130 1587/811/130 1586/810/130
f 1587/811/130 1592/800/130 1588/799/130
f 1240/386/130 1589/814/130 1239/812/130
f 1593/816/130 1590/815/130 1589/814/130
f 1594/817/130 1591/818/130 1590/815/130
f 1595/819/130 1592/800/130 1591/818/130
f 142/492/130 1593/816/130 1240/386/130
f 1241/494/130 1594/817/130 1593/816/130
f 1242/496/130 1595/819/130 1594/817/130
f 1243/498/130 1596/390/130 1595/819/130
f 1140/349/129 1237/808/129 130/801/129
f 1600/820/129 1238/813/129 1237/808/129
f 1604/821/129 1239/812/129 1238/813/129
f 1612/387/129 1239/812/129 1608/822/129
f 129/823/129 1597/824/129 1137/825/129
f 1137/825/129 1598/826/129 1138/827/129
f 1138/827/129 1599/828/129 1139/829/129
f 1139/829/129 1600/820/129 1140/349/129
f 1229/830/129 1601/831/129 1597/824/129
f 1597/824/129 1602/832/129 1598/826/129
f 1598/826/129 1603/833/129 1599/828/129
f 1599/828/129 1604/821/129 1600/820/129
f 1231/834/129 1601/831/129 1230/835/129
f 1601/831/129 1606/836/129 1602/832/129
f 1602/832/129 1607/837/129 1603/833/129
f 1603/833/129 1608/822/129 1604/821/129
f 1232/383/129 1605/838/129 1231/834/129
f 1609/839/129 1606/836/129 1605/838/129
f 1610/840/129 1607/837/129 1606/836/129
f 1611/841/129 1608/822/129 1607/837/129
f 141/518/129 1609/839/129 1232/383/129
f 1233/520/129 1610/840/129 1609/839/129
f 1234/522/129 1611/841/129 1610/840/129
f 1235/524/129 1612/387/129 1611/841/129
f 1132/346/128 1229/830/128 129/823/128
f 1616/842/128 1230/835/128 1229/830/128
f 1624/843/128 1230/835/128 1620/844/128
f 1628/384/128 1231/834/128 1624/843/128
f 128/845/128 1613/846/128 1129/847/128
f 1129/847/128 1614/848/128 1130/849/128
f 1130/849/128 1615/850/128 1131/851/128
f 1131/851/128 1616/842/128 1132/346/128
f 1221/852/128 1617/853/128 1613/846/128
f 1613/846/128 1618/854/128 1614/848/128
f 1614/848/128 1619/855/128 1615/850/128
f 1615/850/128 1620/844/128 1616/842/128
f 1222/856/128 1621/857/128 1617/853/128
f 1621/857/128 1618/854/128 1617/853/128
f 1618/854/128 1623/858/128 1619/855/128
f 1623/858/128 1620/844/128 1619/855/128
f 1224/380/128 1621/857/128 1223/859/128
f 1625/860/128 1622/861/128 1621/857/128
f 1626/862/128 1623/858/128 1622/861/128
f 1627/863/128 1624/843/128 1623/858/128
f 140/544/128 1625/860/128 1224/380/128
f 1225/546/128 1626/862/128 1625/860/128
f 1226/548/128 1627/863/128 1626/862/128
f 1227/550/128 1628/384/128 1627/863/128
f 1124/343/127 1221/852/127 128/845/127
f 1632/864/127 1222/856/127 1221/852/127
f 1640/865/127 1222/856/127 1636/866/127
f 1644/381/127 1223/859/127 1640/865/127
f 127/867/127 1629/868/127 1121/869/127
f 1121/869/127 1630/870/127 1122/871/127
f 1122/871/127 1631/872/127 1123/873/127
f 1123/873/127 1632/864/127 1124/343/127
f 1213/874/127 1633/875/127 1629/868/127
f 1629/868/127 1634/876/127 1630/870/127
f 1630/870/127 1635/877/127 1631/872/127
f 1631/872/127 1636/866/127 1632/864/127
f 1214/878/127 1637/879/127 1633/875/127
f 1633/875/127 1638/880/127 1634/876/127
f 1634/876/127 1639/881/127 1635/877/127
f 1635/877/127 1640/865/127 1636/866/127
f 1216/882/127 1637/879/127 1215/883/127
f 1641/884/127 1638/880/127 1637/879/127
f 1642/885/127 1639/881/127 1638/880/127
f 1643/886/127 1640/865/127 1639/881/127
f 139/570/127 1641/884/127 1216/882/127
f 1217/572/127 1642/885/127 1641/884/127
f 1218/574/127 1643/886/127 1642/885/127
f 1219/576/127 1644/381/127 1643/886/127
f 1648/887/126 127/341/126 1116/888/126
f 1652/889/126 1213/890/126 1648/887/126
f 1656/891/126 1214/892/126 1652/889/126
f 1656/891/126 1216/378/126 1215/893/126
f 1205/894/126 1113/895/126 126/338/126
f 1645/896/126 1114/897/126 1113/895/126
f 1646/898/126 1115/899/126 1114/897/126
f 1647/900/126 1116/888/126 1115/899/126
f 1206/901/126 1645/896/126 1205/894/126
f 1649/902/126 1646/898/126 1645/896/126
f 1650/903/126 1647/900/126 1646/898/126
f 1651/904/126 1648/887/126 1647/900/126
f 1207/905/126 1649/902/126 1206/901/126
f 1653/906/126 1650/903/126 1649/902/126
f 1654/907/126 1651/904/126 1650/903/126
f 1655/908/126 1652/889/126 1651/904/126
f 1207/905/126 1657/909/126 1653/906/126
f 1653/906/126 1658/910/126 1654/907/126
f 1654/907/126 1659/911/126 1655/908/126
f 1655/908/126 1660/376/126 1656/891/126
f 1208/375/126 1209/602/126 1657/909/126
f 1657/909/126 1210/604/126 1658/910/126
f 1658/910/126 1211/606/126 1659/911/126
f 1659/911/126 1212/595/126 1660/376/126
f 1664/912/125 126/338/125 1108/913/125
f 1668/914/125 1205/894/125 1664/912/125
f 1668/914/147 1207/905/147 1206/901/147
f 1672/915/125 1208/375/125 1207/905/125
f 1197/916/125 1105/917/125 125/335/125
f 1661/918/125 1106/919/125 1105/917/125
f 1662/920/125 1107/921/125 1106/919/125
f 1663/922/125 1108/913/125 1107/921/125
f 1198/923/125 1661/918/125 1197/916/125
f 1665/924/125 1662/920/125 1661/918/125
f 1666/925/125 1663/922/125 1662/920/125
f 1667/926/147 1664/912/147 1663/922/147
f 1198/923/125 1669/927/125 1665/924/125
f 1669/927/125 1666/925/125 1665/924/125
f 1670/928/125 1667/926/125 1666/925/125
f 1671/929/125 1668/914/125 1667/926/125
f 1199/930/125 1673/931/125 1669/927/125
f 1669/927/125 1674/932/125 1670/928/125
f 1670/928/125 1675/933/125 1671/929/125
f 1671/929/125 1676/373/125 1672/915/125
f 1200/372/125 1201/628/125 1673/931/125
f 1673/931/125 1202/630/125 1674/932/125
f 1674/932/125 1203/632/125 1675/933/125
f 1675/933/125 1204/624/125 1676/373/125
f 1680/934/124 125/335/124 1100/935/124
f 1684/936/124 1197/916/124 1680/934/124
f 1688/937/124 1198/923/124 1684/936/124
f 1688/937/124 1200/372/124 1199/930/124
f 1189/938/124 1097/939/124 124/332/124
f 1677/940/124 1098/941/124 1097/939/124
f 1678/942/124 1099/943/124 1098/941/124
f 1679/944/124 1100/935/124 1099/943/124
f 1190/945/124 1677/940/124 1189/938/124
f 1681/946/124 1678/942/124 1677/940/124
f 1682/947/124 1679/944/124 1678/942/124
f 1683/948/124 1680/934/124 1679/944/124
f 1191/949/124 1681/946/124 1190/945/124
f 1681/946/124 1686/950/124 1682/947/124
f 1682/947/124 1687/951/124 1683/948/124
f 1683/948/124 1688/937/124 1684/936/124
f 1191/949/124 1689/952/124 1685/953/124
f 1685/953/124 1690/954/124 1686/950/124
f 1686/950/124 1691/955/124 1687/951/124
f 1687/951/124 1692/370/124 1688/937/124
f 1192/369/124 1193/654/124 1689/952/124
f 1689/952/124 1194/656/124 1690/954/124
f 1690/954/124 1195/658/124 1691/955/124
f 1691/955/124 1196/650/124 1692/370/124
f 1696/956/123 124/332/123 1092/957/123
f 1700/958/123 1189/938/123 1696/956/123
f 1704/959/123 1190/945/123 1700/958/123
f 1704/959/123 1192/369/123 1191/949/123
f 1181/960/123 1089/961/123 123/329/123
f 1693/962/123 1090/963/123 1089/961/123
f 1694/964/123 1091/965/123 1090/963/123
f 1695/966/123 1092/957/123 1091/965/123
f 1182/967/123 1693/962/123 1181/960/123
f 1697/968/123 1694/964/123 1693/962/123
f 1698/969/123 1695/966/123 1694/964/123
f 1699/970/123 1696/956/123 1695/966/123
f 1183/971/123 1697/968/123 1182/967/123
f 1701/972/123 1698/969/123 1697/968/123
f 1702/973/123 1699/970/123 1698/969/123
f 1703/974/123 1700/958/123 1699/970/123
f 1183/971/123 1705/975/123 1701/972/123
f 1701/972/123 1706/976/123 1702/973/123
f 1702/973/123 1707/977/123 1703/974/123
f 1703/974/123 1708/367/123 1704/959/123
f 1184/366/123 1185/680/123 1705/975/123
f 1705/975/123 1186/682/123 1706/976/123
f 1706/976/123 1187/684/123 1707/977/123
f 1707/977/123 1188/676/123 1708/367/123
f 1712/978/122 123/329/122 1084/979/122
f 1716/980/122 1181/960/122 1712/978/122
f 1720/981/122 1182/967/122 1716/980/122
f 1720/981/122 1184/366/122 1183/971/122
f 1173/982/122 1081/983/122 122/326/122
f 1709/984/122 1082/985/122 1081/983/122
f 1710/986/122 1083/987/122 1082/985/122
f 1711/988/122 1084/979/122 1083/987/122
f 1174/989/122 1709/984/122 1173/982/122
f 1713/990/122 1710/986/122 1709/984/122
f 1714/991/122 1711/988/122 1710/986/122
f 1715/992/122 1712/978/122 1711/988/122
f 1174/989/122 1717/993/122 1713/990/122
f 1713/990/122 1718/994/122 1714/991/122
f 1714/991/122 1719/995/122 1715/992/122
f 1715/992/122 1720/981/122 1716/980/122
f 1175/996/122 1721/997/122 1717/993/122
f 1717/993/122 1722/998/122 1718/994/122
f 1718/994/122 1723/999/122 1719/995/122
f 1719/995/148 1724/364/148 1720/981/148
f 1176/363/122 1177/706/122 1721/997/122
f 1721/997/122 1178/708/122 1722/998/122
f 1722/998/122 1179/710/122 1723/999/122
f 1723/999/122 1180/702/122 1724/364/122
f 1728/1000/121 122/326/121 1076/1001/121
f 1732/1002/121 1173/982/121 1728/1000/121
f 1736/1003/121 1174/989/121 1732/1002/121
f 1736/1003/121 1176/363/121 1175/996/121
f 1165/750/121 1073/1004/121 121/751/121
f 1725/1005/121 1074/1006/121 1073/1004/121
f 1726/1007/121 1075/1008/121 1074/1006/121
f 1727/1009/121 1076/1001/121 1075/1008/121
f 1166/753/121 1725/1005/121 1165/750/121
f 1729/1010/121 1726/1007/121 1725/1005/121
f 1730/1011/121 1727/1009/121 1726/1007/121
f 1731/1012/121 1728/1000/121 1727/1009/121
f 1167/755/121 1729/1010/121 1166/753/121
f 1729/1010/121 1734/1013/121 1730/1011/121
f 1730/1011/121 1735/1014/121 1731/1012/121
f 1731/1012/121 1736/1003/121 1732/1002/121
f 1167/755/121 1737/1015/121 1733/1016/121
f 1733/1016/121 1738/1017/121 1734/1013/121
f 1734/1013/121 1739/1018/121 1735/1014/121
f 1735/1014/121 1740/361/121 1736/1003/121
f 1168/395/121 1169/731/121 1737/1015/121
f 1737/1015/121 1170/733/121 1738/1017/121
f 1738/1017/121 1171/735/121 1739/1018/121
f 1739/1018/121 1172/728/121 1740/361/121
f 1065/322/120 1069/1019/120 109/1020/120
f 1744/1021/120 1070/1022/120 1069/1019/120
f 1748/1023/120 1071/1024/120 1070/1022/120
f 1756/360/120 1071/1024/120 1752/1025/120
f 120/1026/120 1741/1027/120 1068/1028/120
f 1068/1028/120 1742/1029/120 1067/1030/120
f 1067/1030/120 1743/1031/120 1066/1032/120
f 1066/1032/120 1744/1021/120 1065/322/120
f 1157/1033/120 1745/1034/120 1741/1027/120
f 1741/1027/120 1746/1035/120 1742/1029/120
f 1742/1029/120 1747/1036/120 1743/1031/120
f 1743/1031/120 1748/1023/120 1744/1021/120
f 1158/1037/120 1749/1038/120 1745/1034/120
f 1749/1038/120 1746/1035/120 1745/1034/120
f 1750/1039/120 1747/1036/120 1746/1035/120
f 1751/1040/120 1748/1023/120 1747/1036/120
f 1160/356/120 1749/1038/120 1159/1041/120
f 1753/1042/120 1750/1039/120 1749/1038/120
f 1754/1043/120 1751/1040/120 1750/1039/120
f 1755/1044/120 1752/1025/120 1751/1040/120
f 132/757/120 1753/1042/120 1160/356/120
f 1164/759/120 1754/1043/120 1753/1042/120
f 1163/761/120 1755/1044/120 1754/1043/120
f 1162/763/120 1756/360/120 1755/1044/120
f 1060/319/119 1157/1033/119 120/1026/119
f 1760/1045/119 1158/1037/119 1157/1033/119
f 1764/1046/119 1159/1041/119 1158/1037/119
f 1772/357/119 1159/1041/119 1768/1047/119
f 119/1048/119 1757/1049/119 1057/1050/119
f 1057/1050/119 1758/1051/119 1058/1052/119
f 1058/1052/119 1759/1053/119 1059/1054/119
f 1059/1054/119 1760/1045/119 1060/319/119
f 1149/1055/119 1761/1056/119 1757/1049/119
f 1757/1049/119 1762/1057/119 1758/1051/119
f 1758/1051/119 1763/1058/119 1759/1053/119
f 1759/1053/119 1764/1046/119 1760/1045/119
f 1150/1059/119 1765/1060/119 1761/1056/119
f 1761/1056/119 1766/1061/119 1762/1057/119
f 1762/1057/119 1767/1062/119 1763/1058/119
f 1763/1058/119 1768/1047/119 1764/1046/119
f 1152/353/119 1765/1060/119 1151/1063/119
f 1769/1064/119 1766/1061/119 1765/1060/119
f 1770/1065/119 1767/1062/119 1766/1061/119
f 1771/1066/119 1768/1047/119 1767/1062/119
f 131/779/119 1769/1064/119 1152/353/119
f 1153/781/119 1770/1065/119 1769/1064/119
f 1154/783/119 1771/1066/119 1770/1065/119
f 1155/785/149 1772/357/149 1771/1066/149
f 1052/316/118 1149/1055/118 119/1048/118
f 1776/1067/118 1150/1059/118 1149/1055/118
f 1780/1068/118 1151/1063/118 1150/1059/118
f 1788/354/118 1151/1063/118 1784/1069/118
f 118/1070/118 1773/1071/118 1049/1072/118
f 1049/1072/118 1774/1073/118 1050/1074/118
f 1050/1074/118 1775/1075/118 1051/1076/118
f 1051/1076/118 1776/1067/118 1052/316/118
f 1141/1077/118 1777/1078/118 1773/1071/118
f 1773/1071/118 1778/1079/118 1774/1073/118
f 1774/1073/118 1779/1080/118 1775/1075/118
f 1775/1075/118 1780/1068/118 1776/1067/118
f 1143/1081/118 1777/1078/118 1142/1082/118
f 1781/1083/118 1778/1079/118 1777/1078/118
f 1778/1079/118 1783/1084/118 1779/1080/118
f 1783/1084/118 1780/1068/118 1779/1080/118
f 1144/350/118 1781/1083/118 1143/1081/118
f 1785/1085/118 1782/1086/118 1781/1083/118
f 1786/1087/118 1783/1084/118 1782/1086/118
f 1787/1088/118 1784/1069/118 1783/1084/118
f 130/801/118 1785/1085/118 1144/350/118
f 1145/803/118 1786/1087/118 1785/1085/118
f 1146/805/118 1787/1088/118 1786/1087/118
f 1147/807/118 1788/354/118 1787/1088/118
f 1044/313/117 1141/1077/117 118/1070/117
f 1792/1089/117 1142/1082/117 1141/1077/117
f 1796/1090/117 1143/1081/117 1142/1082/117
f 1804/351/117 1143/1081/117 1800/1091/117
f 117/1092/117 1789/1093/117 1041/1094/117
f 1041/1094/117 1790/1095/117 1042/1096/117
f 1042/1096/117 1791/1097/117 1043/1098/117
f 1043/1098/117 1792/1089/117 1044/313/117
f 1133/1099/117 1793/1100/117 1789/1093/117
f 1789/1093/117 1794/1101/117 1790/1095/117
f 1790/1095/117 1795/1102/117 1791/1097/117
f 1791/1097/117 1796/1090/117 1792/1089/117
f 1135/1103/117 1793/1100/117 1134/1104/117
f 1797/1105/117 1794/1101/117 1793/1100/117
f 1798/1106/117 1795/1102/117 1794/1101/117
f 1795/1102/117 1800/1091/117 1796/1090/117
f 1136/347/117 1797/1105/117 1135/1103/117
f 1801/1107/117 1798/1106/117 1797/1105/117
f 1802/1108/117 1799/1109/117 1798/1106/117
f 1803/1110/117 1800/1091/117 1799/1109/117
f 129/823/117 1801/1107/117 1136/347/117
f 1137/825/117 1802/1108/117 1801/1107/117
f 1138/827/117 1803/1110/117 1802/1108/117
f 1139/829/117 1804/351/117 1803/1110/117
f 1036/310/116 1133/1099/116 117/1092/116
f 1808/1111/116 1134/1104/116 1133/1099/116
f 1816/1112/116 1134/1104/116 1812/1113/116
f 1820/348/116 1135/1103/116 1816/1112/116
f 116/1114/116 1805/1115/116 1033/1116/116
f 1033/1116/116 1806/1117/116 1034/1118/116
f 1034/1118/116 1807/1119/116 1035/1120/116
f 1035/1120/116 1808/1111/116 1036/310/116
f 1125/1121/116 1809/1122/116 1805/1115/116
f 1805/1115/116 1810/1123/116 1806/1117/116
f 1806/1117/116 1811/1124/116 1807/1119/116
f 1807/1119/116 1812/1113/116 1808/1111/116
f 1126/1125/116 1813/1126/116 1809/1122/116
f 1813/1126/116 1810/1123/116 1809/1122/116
f 1810/1123/116 1815/1127/116 1811/1124/116
f 1815/1127/116 1812/1113/116 1811/1124/116
f 1128/344/116 1813/1126/116 1127/1128/116
f 1817/1129/116 1814/1130/116 1813/1126/116
f 1818/1131/116 1815/1127/116 1814/1130/116
f 1819/1132/116 1816/1112/116 1815/1127/116
f 128/845/116 1817/1129/116 1128/344/116
f 1129/847/116 1818/1131/116 1817/1129/116
f 1130/849/116 1819/1132/116 1818/1131/116
f 1131/851/116 1820/348/116 1819/1132/116
f 1028/307/115 1125/1121/115 116/1114/115
f 1824/1133/115 1126/1125/115 1125/1121/115
f 1828/1134/115 1127/1128/115 1126/1125/115
f 1836/345/115 1127/1128/115 1832/1135/115
f 115/1136/115 1821/1137/115 1025/1138/115
f 1025/1138/115 1822/1139/115 1026/1140/115
f 1026/1140/115 1823/1141/115 1027/1142/115
f 1027/1142/115 1824/1133/115 1028/307/115
f 1117/1143/115 1825/1144/115 1821/1137/115
f 1821/1137/115 1826/1145/115 1822/1139/115
f 1822/1139/115 1827/1146/115 1823/1141/115
f 1823/1141/115 1828/1134/115 1824/1133/115
f 1118/1147/115 1829/1148/115 1825/1144/115
f 1829/1148/115 1826/1145/115 1825/1144/115
f 1826/1145/115 1831/1149/115 1827/1146/115
f 1827/1146/115 1832/1135/115 1828/1134/115
f 1120/1150/115 1829/1148/115 1119/1151/115
f 1833/1152/115 1830/1153/115 1829/1148/115
f 1834/1154/115 1831/1149/115 1830/1153/115
f 1835/1155/115 1832/1135/115 1831/1149/115
f 127/867/115 1833/1152/115 1120/1150/115
f 1121/869/115 1834/1154/115 1833/1152/115
f 1122/871/115 1835/1155/115 1834/1154/115
f 1123/873/115 1836/345/115 1835/1155/115
f 1840/1156/114 115/305/114 1020/1157/114
f 1844/1158/114 1117/1159/114 1840/1156/114
f 1844/1158/114 1119/1160/114 1118/1161/114
f 1848/1162/114 1120/342/114 1119/1160/114
f 1109/1163/114 1017/1164/114 114/302/114
f 1837/1165/114 1018/1166/114 1017/1164/114
f 1838/1167/114 1019/1168/114 1018/1166/114
f 1839/1169/114 1020/1157/114 1019/1168/114
f 1110/1170/114 1837/1165/114 1109/1163/114
f 1841/1171/114 1838/1167/114 1837/1165/114
f 1842/1172/114 1839/1169/114 1838/1167/114
f 1843/1173/114 1840/1156/114 1839/1169/114
f 1111/1174/114 1841/1171/114 1110/1170/114
f 1841/1171/114 1846/1175/114 1842/1172/114
f 1846/1175/114 1843/1173/114 1842/1172/114
f 1843/1173/114 1848/1162/114 1844/1158/114
f 1111/1174/114 1849/1176/114 1845/1177/114
f 1845/1177/114 1850/1178/114 1846/1175/114
f 1846/1175/114 1851/1179/114 1847/1180/114
f 1847/1180/114 1852/340/114 1848/1162/114
f 1112/339/114 1113/895/114 1849/1176/114
f 1849/1176/114 1114/897/114 1850/1178/114
f 1850/1178/114 1115/899/114 1851/1179/114
f 1851/1179/114 1116/888/114 1852/340/114
f 1856/1181/113 114/302/113 1012/1182/113
f 1860/1183/113 1109/1163/113 1856/1181/113
f 1860/1183/113 1111/1174/113 1110/1170/113
f 1864/1184/113 1112/339/113 1111/1174/113
f 1101/1185/113 1009/1186/113 113/299/113
f 1853/1187/113 1010/1188/113 1009/1186/113
f 1854/1189/113 1011/1190/113 1010/1188/113
f 1855/1191/113 1012/1182/113 1011/1190/113
f 1102/1192/113 1853/1187/113 1101/1185/113
f 1857/1193/113 1854/1189/113 1853/1187/113
f 1858/1194/150 1855/1191/150 1854/1189/150
f 1859/1195/113 1856/1181/113 1855/1191/113
f 1103/1196/113 1857/1193/113 1102/1192/113
f 1861/1197/113 1858/1194/113 1857/1193/113
f 1862/1198/113 1859/1195/113 1858/1194/113
f 1863/1199/113 1860/1183/113 1859/1195/113
f 1103/1196/113 1865/1200/113 1861/1197/113
f 1861/1197/113 1866/1201/113 1862/1198/113
f 1862/1198/113 1867/1202/113 1863/1199/113
f 1863/1199/113 1868/337/113 1864/1184/113
f 1104/336/113 1105/917/113 1865/1200/113
f 1865/1200/113 1106/919/113 1866/1201/113
f 1866/1201/113 1107/921/113 1867/1202/113
f 1867/1202/113 1108/913/113 1868/337/113
f 1872/1203/112 113/299/112 1004/1204/112
f 1876/1205/112 1101/1185/112 1872/1203/112
f 1876/1205/112 1103/1196/112 1102/1192/112
f 1880/1206/112 1104/336/112 1103/1196/112
f 1093/1207/112 1001/1208/112 112/296/112
f 1869/1209/112 1002/1210/112 1001/1208/112
f 1870/1211/112 1003/1212/112 1002/1210/112
f 1871/1213/112 1004/1204/112 1003/1212/112
f 1094/1214/112 1869/1209/112 1093/1207/112
f 1873/1215/112 1870/1211/112 1869/1209/112
f 1874/1216/112 1871/1213/112 1870/1211/112
f 1875/1217/112 1872/1203/112 1871/1213/112
f 1095/1218/112 1873/1215/112 1094/1214/112
f 1877/1219/112 1874/1216/112 1873/1215/112
f 1874/1216/112 1879/1220/112 1875/1217/112
f 1875/1217/112 1880/1206/112 1876/1205/112
f 1095/1218/112 1881/1221/112 1877/1219/112
f 1877/1219/112 1882/1222/112 1878/1223/112
f 1878/1223/112 1883/1224/112 1879/1220/112
f 1879/1220/112 1884/334/112 1880/1206/112
f 1096/333/112 1097/939/112 1881/1221/112
f 1881/1221/112 1098/941/112 1882/1222/112
f 1882/1222/112 1099/943/112 1883/1224/112
f 1883/1224/112 1100/935/112 1884/334/112
f 1888/1225/111 112/296/111 996/1226/111
f 1892/1227/111 1093/1207/111 1888/1225/111
f 1896/1228/111 1094/1214/111 1892/1227/111
f 1896/1228/111 1096/333/111 1095/1218/111
f 1085/1229/111 993/1230/111 111/293/111
f 1885/1231/111 994/1232/111 993/1230/111
f 1886/1233/111 995/1234/111 994/1232/111
f 1887/1235/111 996/1226/111 995/1234/111
f 1086/1236/111 1885/1231/111 1085/1229/111
f 1889/1237/111 1886/1233/111 1885/1231/111
f 1890/1238/111 1887/1235/111 1886/1233/111
f 1891/1239/111 1888/1225/111 1887/1235/111
f 1087/1240/111 1889/1237/111 1086/1236/111
f 1893/1241/111 1890/1238/111 1889/1237/111
f 1894/1242/111 1891/1239/111 1890/1238/111
f 1895/1243/111 1892/1227/111 1891/1239/111
f 1087/1240/111 1897/1244/111 1893/1241/111
f 1893/1241/111 1898/1245/111 1894/1242/111
f 1894/1242/111 1899/1246/111 1895/1243/111
f 1895/1243/111 1900/331/111 1896/1228/111
f 1088/330/111 1089/961/111 1897/1244/111
f 1897/1244/111 1090/963/111 1898/1245/111
f 1898/1245/111 1091/965/111 1899/1246/111
f 1899/1246/111 1092/957/111 1900/331/111
f 1904/1247/110 111/293/110 988/1248/110
f 1908/1249/110 1085/1229/110 1904/1247/110
f 1912/1250/110 1086/1236/110 1908/1249/110
f 1912/1250/110 1088/330/110 1087/1240/110
f 1077/1251/110 985/1252/110 110/290/110
f 1901/1253/110 986/1254/110 985/1252/110
f 1902/1255/110 987/1256/110 986/1254/110
f 1903/1257/110 988/1248/110 987/1256/110
f 1078/1258/110 1901/1253/110 1077/1251/110
f 1905/1259/110 1902/1255/110 1901/1253/110
f 1906/1260/110 1903/1257/110 1902/1255/110
f 1907/1261/151 1904/1247/151 1903/1257/151
f 1078/1258/151 1909/1262/151 1905/1259/151
f 1905/1259/110 1910/1263/110 1906/1260/110
f 1910/1263/110 1907/1261/110 1906/1260/110
f 1911/1264/110 1908/1249/110 1907/1261/110
f 1079/1265/110 1913/1266/110 1909/1262/110
f 1909/1262/110 1914/1267/110 1910/1263/110
f 1910/1263/110 1915/1268/110 1911/1264/110
f 1911/1264/110 1916/328/110 1912/1250/110
f 1080/327/151 1081/983/151 1913/1266/151
f 1913/1266/110 1082/985/110 1914/1267/110
f 1914/1267/110 1083/987/110 1915/1268/110
f 1915/1268/110 1084/979/110 1916/328/110
f 1920/1269/109 110/290/109 980/1270/109
f 1924/1271/109 1077/1251/109 1920/1269/109
f 1928/1272/109 1078/1258/109 1924/1271/109
f 1928/1272/109 1080/327/109 1079/1265/109
f 1069/1019/109 977/1273/109 109/1020/109
f 1917/1274/109 978/1275/109 977/1273/109
f 1918/1276/109 979/1277/109 978/1275/109
f 1919/1278/109 980/1270/109 979/1277/109
f 1070/1022/109 1917/1274/109 1069/1019/109
f 1921/1279/109 1918/1276/109 1917/1274/109
f 1922/1280/109 1919/1278/109 1918/1276/109
f 1923/1281/109 1920/1269/109 1919/1278/109
f 1071/1024/109 1921/1279/109 1070/1022/109
f 1925/1282/109 1922/1280/109 1921/1279/109
f 1922/1280/109 1927/1283/109 1923/1281/109
f 1927/1283/109 1924/1271/109 1923/1281/109
f 1071/1024/109 1929/1284/109 1925/1282/109
f 1925/1282/109 1930/1285/109 1926/1286/109
f 1926/1286/109 1931/1287/109 1927/1283/109
f 1927/1283/109 1932/325/109 1928/1272/109
f 1072/359/109 1073/1004/109 1929/1284/109
f 1929/1284/109 1074/1006/109 1930/1285/109
f 1930/1285/109 1075/1008/109 1931/1287/109
f 1931/1287/109 1076/1001/109 1932/325/109
f 969/286/108 973/1288/108 97/1289/108
f 1936/1290/108 974/1291/108 973/1288/108
f 1944/1292/108 974/1291/108 1940/1293/108
f 1948/324/108 975/1294/108 1944/1292/108
f 108/1295/108 1933/1296/108 972/1297/108
f 972/1297/108 1934/1298/108 971/1299/108
f 971/1299/108 1935/1300/108 970/1301/108
f 970/1301/108 1936/1290/108 969/286/108
f 1061/1302/108 1937/1303/108 1933/1296/108
f 1933/1296/108 1938/1304/108 1934/1298/108
f 1934/1298/108 1939/1305/108 1935/1300/108
f 1935/1300/108 1940/1293/108 1936/1290/108
f 1062/1306/108 1941/1307/108 1937/1303/108
f 1941/1307/108 1938/1304/108 1937/1303/108
f 1942/1308/108 1939/1305/108 1938/1304/108
f 1939/1305/108 1944/1292/108 1940/1293/108
f 1064/320/108 1941/1307/108 1063/1309/108
f 1945/1310/108 1942/1308/108 1941/1307/108
f 1946/1311/108 1943/1312/108 1942/1308/108
f 1947/1313/108 1944/1292/108 1943/1312/108
f 120/1026/108 1945/1310/108 1064/320/108
f 1068/1028/108 1946/1311/108 1945/1310/108
f 1067/1030/108 1947/1313/108 1946/1311/108
f 1066/1032/108 1948/324/108 1947/1313/108
f 964/283/152 1061/1302/152 108/1295/152
f 1952/1314/152 1062/1306/152 1061/1302/152
f 1960/1315/152 1062/1306/152 1956/1316/152
f 1964/321/152 1063/1309/152 1960/1315/152
f 107/1317/152 1949/1318/152 961/1319/152
f 961/1319/152 1950/1320/152 962/1321/152
f 962/1321/152 1951/1322/152 963/1323/152
f 963/1323/152 1952/1314/152 964/283/152
f 1053/1324/152 1953/1325/152 1949/1318/152
f 1949/1318/107 1954/1326/107 1950/1320/107
f 1950/1320/152 1955/1327/152 1951/1322/152
f 1951/1322/152 1956/1316/152 1952/1314/152
f 1055/1328/152 1953/1325/152 1054/1329/152
f 1953/1325/152 1958/1330/152 1954/1326/152
f 1954/1326/152 1959/1331/152 1955/1327/152
f 1959/1331/152 1956/1316/152 1955/1327/152
f 1056/317/152 1957/1332/152 1055/1328/152
f 1961/1333/152 1958/1330/152 1957/1332/152
f 1962/1334/152 1959/1331/152 1958/1330/152
f 1963/1335/152 1960/1315/152 1959/1331/152
f 119/1048/152 1961/1333/152 1056/317/152
f 1057/1050/152 1962/1334/152 1961/1333/152
f 1058/1052/152 1963/1335/152 1962/1334/152
f 1059/1054/152 1964/321/152 1963/1335/152
f 956/280/106 1053/1324/106 107/1317/106
f 1968/1336/106 1054/1329/106 1053/1324/106
f 1976/1337/106 1054/1329/106 1972/1338/106
f 1980/318/106 1055/1328/106 1976/1337/106
f 106/1339/106 1965/1340/106 953/1341/106
f 953/1341/106 1966/1342/106 954/1343/106
f 954/1343/106 1967/1344/106 955/1345/106
f 955/1345/106 1968/1336/106 956/280/106
f 1045/1346/106 1969/1347/106 1965/1340/106
f 1965/1340/106 1970/1348/106 1966/1342/106
f 1966/1342/106 1971/1349/106 1967/1344/106
f 1967/1344/106 1972/1338/106 1968/1336/106
f 1047/1350/106 1969/1347/106 1046/1351/106
f 1969/1347/106 1974/1352/106 1970/1348/106
f 1974/1352/106 1971/1349/106 1970/1348/106
f 1975/1353/106 1972/1338/106 1971/1349/106
f 1048/314/106 1973/1354/106 1047/1350/106
f 1977/1355/106 1974/1352/106 1973/1354/106
f 1978/1356/106 1975/1353/106 1974/1352/106
f 1979/1357/106 1976/1337/106 1975/1353/106
f 118/1070/106 1977/1355/106 1048/314/106
f 1049/1072/106 1978/1356/106 1977/1355/106
f 1050/1074/106 1979/1357/106 1978/1356/106
f 1051/1076/106 1980/318/106 1979/1357/106
f 948/277/105 1045/1346/105 106/1339/105
f 1984/1358/105 1046/1351/105 1045/1346/105
f 1988/1359/105 1047/1350/105 1046/1351/105
f 1996/315/105 1047/1350/105 1992/1360/105
f 105/1361/105 1981/1362/105 945/1363/105
f 945/1363/105 1982/1364/105 946/1365/105
f 946/1365/105 1983/1366/105 947/1367/105
f 947/1367/105 1984/1358/105 948/277/105
f 1037/1368/105 1985/1369/105 1981/1362/105
f 1981/1362/105 1986/1370/105 1982/1364/105
f 1982/1364/105 1987/1371/105 1983/1366/105
f 1983/1366/105 1988/1359/105 1984/1358/105
f 1039/1372/105 1985/1369/105 1038/1373/105
f 1989/1374/105 1986/1370/105 1985/1369/105
f 1986/1370/105 1991/1375/105 1987/1371/105
f 1987/1371/105 1992/1360/105 1988/1359/105
f 1040/311/105 1989/1374/105 1039/1372/105
f 1993/1376/105 1990/1377/105 1989/1374/105
f 1994/1378/105 1991/1375/105 1990/1377/105
f 1995/1379/105 1992/1360/105 1991/1375/105
f 117/1092/105 1993/1376/105 1040/311/105
f 1041/1094/105 1994/1378/105 1993/1376/105
f 1042/1096/105 1995/1379/105 1994/1378/105
f 1043/1098/105 1996/315/105 1995/1379/105
f 940/274/104 1037/1368/104 105/1361/104
f 2000/1380/104 1038/1373/104 1037/1368/104
f 2008/1381/104 1038/1373/104 2004/1382/104
f 2012/312/104 1039/1372/104 2008/1381/104
f 104/1383/153 1997/1384/153 937/1385/153
f 937/1385/104 1998/1386/104 938/1387/104
f 938/1387/104 1999/1388/104 939/1389/104
f 939/1389/104 2000/1380/104 940/274/104
f 1029/1390/104 2001/1391/104 1997/1384/104
f 1997/1384/104 2002/1392/104 1998/1386/104
f 1998/1386/104 2003/1393/104 1999/1388/104
f 1999/1388/104 2004/1382/104 2000/1380/104
f 1031/1394/104 2001/1391/104 1030/1395/104
f 2001/1391/104 2006/1396/104 2002/1392/104
f 2006/1396/104 2003/1393/104 2002/1392/104
f 2003/1393/104 2008/1381/104 2004/1382/104
f 1032/308/104 2005/1397/104 1031/1394/104
f 2009/1398/104 2006/1396/104 2005/1397/104
f 2010/1399/104 2007/1400/104 2006/1396/104
f 2011/1401/153 2008/1381/153 2007/1400/153
f 116/1114/104 2009/1398/104 1032/308/104
f 1033/1116/104 2010/1399/104 2009/1398/104
f 1034/1118/104 2011/1401/104 2010/1399/104
f 1035/1120/104 2012/312/104 2011/1401/104
f 932/271/103 1029/1390/103 104/1383/103
f 2016/1402/103 1030/1395/103 1029/1390/103
f 2024/1403/103 1030/1395/103 2020/1404/103
f 2028/309/103 1031/1394/103 2024/1403/103
f 103/1405/103 2013/1406/103 929/1407/103
f 929/1407/103 2014/1408/103 930/1409/103
f 930/1409/103 2015/1410/103 931/1411/103
f 931/1411/103 2016/1402/103 932/271/103
f 1021/1412/103 2017/1413/103 2013/1406/103
f 2013/1406/103 2018/1414/103 2014/1408/103
f 2014/1408/103 2019/1415/103 2015/1410/103
f 2015/1410/103 2020/1404/103 2016/1402/103
f 1023/1416/103 2017/1413/103 1022/1417/103
f 2021/1418/103 2018/1414/103 2017/1413/103
f 2022/1419/103 2019/1415/103 2018/1414/103
f 2023/1420/103 2020/1404/103 2019/1415/103
f 1024/1421/103 2021/1418/103 1023/1416/103
f 2025/1422/103 2022/1419/103 2021/1418/103
f 2026/1423/103 2023/1420/103 2022/1419/103
f 2027/1424/103 2024/1403/103 2023/1420/103
f 115/1136/103 2025/1422/103 1024/1421/103
f 1025/1138/103 2026/1423/103 2025/1422/103
f 1026/1140/103 2027/1424/103 2026/1423/103
f 1027/1142/103 2028/309/103 2027/1424/103
f 2032/1425/102 103/269/102 924/1426/102
f 2036/1427/102 1021/1428/102 2032/1425/102
f 2036/1427/102 1023/1429/102 1022/1430/102
f 2040/1431/102 1024/306/102 1023/1429/102
f 1013/1432/102 921/1433/102 102/266/102
f 2029/1434/102 922/1435/102 921/1433/102
f 2030/1436/102 923/1437/102 922/1435/102
f 2031/1438/102 924/1426/102 923/1437/102
f 1014/1439/102 2029/1434/102 1013/1432/102
f 2033/1440/102 2030/1436/102 2029/1434/102
f 2034/1441/102 2031/1438/102 2030/1436/102
f 2035/1442/102 2032/1425/102 2031/1438/102
f 1015/1443/102 2033/1440/102 1014/1439/102
f 2037/1444/102 2034/1441/102 2033/1440/102
f 2038/1445/102 2035/1442/102 2034/1441/102
f 2039/1446/102 2036/1427/102 2035/1442/102
f 1015/1443/102 2041/1447/102 2037/1444/102
f 2037/1444/102 2042/1448/102 2038/1445/102
f 2038/1445/102 2043/1449/102 2039/1446/102
f 2039/1446/102 2044/304/102 2040/1431/102
f 1016/303/102 1017/1164/102 2041/1447/102
f 2041/1447/102 1018/1166/102 2042/1448/102
f 2042/1448/102 1019/1168/102 2043/1449/102
f 2043/1449/102 1020/1157/102 2044/304/102
f 2048/1450/101 102/266/101 916/1451/101
f 2052/1452/101 1013/1432/101 2048/1450/101
f 2056/1453/101 1014/1439/101 2052/1452/101
f 2056/1453/101 1016/303/101 1015/1443/101
f 1005/1454/101 913/1455/101 101/263/101
f 2045/1456/101 914/1457/101 913/1455/101
f 2046/1458/101 915/1459/101 914/1457/101
f 2047/1460/101 916/1451/101 915/1459/101
f 1006/1461/101 2045/1456/101 1005/1454/101
f 2049/1462/101 2046/1458/101 2045/1456/101
f 2050/1463/101 2047/1460/101 2046/1458/101
f 2051/1464/101 2048/1450/101 2047/1460/101
f 1006/1461/101 2053/1465/101 2049/1462/101
f 2053/1465/101 2050/1463/101 2049/1462/101
f 2054/1466/101 2051/1464/101 2050/1463/101
f 2055/1467/101 2052/1452/101 2051/1464/101
f 1007/1468/101 2057/1469/101 2053/1465/101
f 2053/1465/101 2058/1470/101 2054/1466/101
f 2054/1466/101 2059/1471/101 2055/1467/101
f 2055/1467/101 2060/301/101 2056/1453/101
f 1008/300/101 1009/1186/101 2057/1469/101
f 2057/1469/101 1010/1188/101 2058/1470/101
f 2058/1470/101 1011/1190/101 2059/1471/101
f 2059/1471/101 1012/1182/101 2060/301/101
f 2064/1472/100 101/263/100 908/1473/100
f 2068/1474/100 1005/1454/100 2064/1472/100
f 2068/1474/100 1007/1468/100 1006/1461/100
f 2072/1475/100 1008/300/100 1007/1468/100
f 997/1476/100 905/1477/100 100/260/100
f 2061/1478/100 906/1479/100 905/1477/100
f 2062/1480/100 907/1481/100 906/1479/100
f 2063/1482/100 908/1473/100 907/1481/100
f 998/1483/100 2061/1478/100 997/1476/100
f 2065/1484/100 2062/1480/100 2061/1478/100
f 2066/1485/100 2063/1482/100 2062/1480/100
f 2067/1486/100 2064/1472/100 2063/1482/100
f 998/1483/100 2069/1487/100 2065/1484/100
f 2065/1484/100 2070/1488/100 2066/1485/100
f 2066/1485/100 2071/1489/100 2067/1486/100
f 2067/1486/100 2072/1475/100 2068/1474/100
f 999/1490/100 2073/1491/100 2069/1487/100
f 2069/1487/100 2074/1492/100 2070/1488/100
f 2070/1488/100 2075/1493/100 2071/1489/100
f 2071/1489/100 2076/298/100 2072/1475/100
f 1000/297/100 1001/1208/100 2073/1491/100
f 2073/1491/100 1002/1210/100 2074/1492/100
f 2074/1492/100 1003/1212/100 2075/1493/100
f 2075/1493/100 1004/1204/100 2076/298/100
f 2080/1494/99 100/260/99 900/1495/99
f 2084/1496/99 997/1476/99 2080/1494/99
f 2084/1496/99 999/1490/99 998/1483/99
f 2088/1497/99 1000/297/99 999/1490/99
f 989/1498/99 897/1499/99 99/257/99
f 2077/1500/99 898/1501/99 897/1499/99
f 2078/1502/99 899/1503/99 898/1501/99
f 2079/1504/99 900/1495/99 899/1503/99
f 990/1505/99 2077/1500/99 989/1498/99
f 2081/1506/99 2078/1502/99 2077/1500/99
f 2082/1507/99 2079/1504/99 2078/1502/99
f 2083/1508/99 2080/1494/99 2079/1504/99
f 991/1509/99 2081/1506/99 990/1505/99
f 2085/1510/99 2082/1507/99 2081/1506/99
f 2086/1511/99 2083/1508/99 2082/1507/99
f 2083/1508/99 2088/1497/99 2084/1496/99
f 991/1509/99 2089/1512/99 2085/1510/99
f 2085/1510/99 2090/1513/99 2086/1511/99
f 2086/1511/99 2091/1514/99 2087/1515/99
f 2087/1515/99 2092/295/99 2088/1497/99
f 992/294/99 993/1230/99 2089/1512/99
f 2089/1512/99 994/1232/99 2090/1513/99
f 2090/1513/99 995/1234/99 2091/1514/99
f 2091/1514/99 996/1226/99 2092/295/99
f 2096/1516/98 99/257/98 892/1517/98
f 2100/1518/98 989/1498/98 2096/1516/98
f 2104/1519/98 990/1505/98 2100/1518/98
f 2104/1519/98 992/294/98 991/1509/98
f 981/1520/98 889/1521/98 98/254/98
f 2093/1522/98 890/1523/98 889/1521/98
f 2094/1524/154 891/1525/154 890/1523/154
f 2095/1526/98 892/1517/98 891/1525/98
f 982/1527/98 2093/1522/98 981/1520/98
f 2097/1528/98 2094/1524/98 2093/1522/98
f 2098/1529/98 2095/1526/98 2094/1524/98
f 2099/1530/98 2096/1516/98 2095/1526/98
f 982/1527/98 2101/1531/98 2097/1528/98
f 2097/1528/98 2102/1532/98 2098/1529/98
f 2098/1529/98 2103/1533/98 2099/1530/98
f 2103/1533/98 2100/1518/98 2099/1530/98
f 983/1534/98 2105/1535/98 2101/1531/98
f 2101/1531/98 2106/1536/98 2102/1532/98
f 2102/1532/98 2107/1537/98 2103/1533/98
f 2103/1533/98 2108/292/98 2104/1519/98
f 984/291/98 985/1252/98 2105/1535/98
f 2105/1535/98 986/1254/98 2106/1536/98
f 2106/1536/98 987/1256/98 2107/1537/98
f 2107/1537/98 988/1248/98 2108/292/98
f 2112/1538/97 98/254/97 884/1539/97
f 2116/1540/97 981/1520/97 2112/1538/97
f 2120/1541/97 982/1527/97 2116/1540/97
f 2120/1541/97 984/291/97 983/1534/97
f 973/1288/97 881/1542/97 97/1289/97
f 2109/1543/97 882/1544/97 881/1542/97
f 2110/1545/97 883/1546/97 882/1544/97
f 2111/1547/97 884/1539/97 883/1546/97
f 974/1291/97 2109/1543/97 973/1288/97
f 2113/1548/97 2110/1545/97 2109/1543/97
f 2114/1549/97 2111/1547/97 2110/1545/97
f 2115/1550/97 2112/1538/97 2111/1547/97
f 975/1294/97 2113/1548/97 974/1291/97
f 2113/1548/97 2118/1551/97 2114/1549/97
f 2118/1551/97 2115/1550/97 2114/1549/97
f 2119/1552/97 2116/1540/97 2115/1550/97
f 975/1294/97 2121/1553/97 2117/1554/97
f 2117/1554/97 2122/1555/97 2118/1551/97
f 2118/1551/97 2123/1556/97 2119/1552/97
f 2119/1552/97 2124/289/97 2120/1541/97
f 976/323/97 977/1273/97 2121/1553/97
f 2121/1553/97 978/1275/97 2122/1555/97
f 2122/1555/97 979/1277/97 2123/1556/97
f 2123/1556/97 980/1270/97 2124/289/97
f 873/250/96 877/1557/96 85/1558/96
f 2128/1559/96 878/1560/96 877/1557/96
f 2136/1561/96 878/1560/96 2132/1562/96
f 2140/288/96 879/1563/96 2136/1561/96
f 96/1564/96 2125/1565/96 876/1566/96
f 876/1566/96 2126/1567/96 875/1568/96
f 875/1568/96 2127/1569/96 874/1570/96
f 874/1570/155 2128/1559/155 873/250/155
f 965/1571/96 2129/1572/96 2125/1565/96
f 2125/1565/96 2130/1573/96 2126/1567/96
f 2126/1567/96 2131/1574/96 2127/1569/96
f 2127/1569/96 2132/1562/96 2128/1559/96
f 967/1575/96 2129/1572/96 966/1576/96
f 2129/1572/96 2134/1577/96 2130/1573/96
f 2130/1573/96 2135/1578/96 2131/1574/96
f 2135/1578/155 2132/1562/155 2131/1574/155
f 968/284/155 2133/1579/155 967/1575/155
f 2137/1580/96 2134/1577/96 2133/1579/96
f 2138/1581/96 2135/1578/96 2134/1577/96
f 2139/1582/96 2136/1561/96 2135/1578/96
f 108/1295/96 2137/1580/96 968/284/96
f 972/1297/96 2138/1581/96 2137/1580/96
f 971/1299/96 2139/1582/96 2138/1581/96
f 970/1301/96 2140/288/96 2139/1582/96
f 868/247/95 965/1571/95 96/1564/95
f 2144/1583/156 966/1576/156 965/1571/156
f 2152/1584/156 966/1576/156 2148/1585/156
f 2156/285/95 967/1575/95 2152/1584/95
f 95/1586/95 2141/1587/95 865/1588/95
f 865/1588/95 2142/1589/95 866/1590/95
f 866/1590/95 2143/1591/95 867/1592/95
f 867/1592/95 2144/1583/95 868/247/95
f 957/1593/156 2145/1594/156 2141/1587/156
f 2141/1587/95 2146/1595/95 2142/1589/95
f 2142/1589/95 2147/1596/95 2143/1591/95
f 2143/1591/95 2148/1585/95 2144/1583/95
f 959/1597/95 2145/1594/95 958/1598/95
f 2149/1599/95 2146/1595/95 2145/1594/95
f 2150/1600/95 2147/1596/95 2146/1595/95
f 2147/1596/95 2152/1584/95 2148/1585/95
f 960/281/95 2149/1599/95 959/1597/95
f 2153/1601/95 2150/1600/95 2149/1599/95
f 2154/1602/95 2151/1603/95 2150/1600/95
f 2155/1604/95 2152/1584/95 2151/1603/95
f 107/1317/95 2153/1601/95 960/281/95
f 961/1319/95 2154/1602/95 2153/1601/95
f 962/1321/95 2155/1604/95 2154/1602/95
f 963/1323/95 2156/285/95 2155/1604/95
f 860/244/94 957/1593/94 95/1586/94
f 2160/1605/94 958/1598/94 957/1593/94
f 2168/1606/94 958/1598/94 2164/1607/94
f 2172/282/94 959/1597/94 2168/1606/94
f 94/1608/94 2157/1609/94 857/1610/94
f 857/1610/94 2158/1611/94 858/1612/94
f 858/1612/94 2159/1613/94 859/1614/94
f 859/1614/94 2160/1605/94 860/244/94
f 949/1615/94 2161/1616/94 2157/1609/94
f 2157/1609/94 2162/1617/94 2158/1611/94
f 2158/1611/94 2163/1618/94 2159/1613/94
f 2159/1613/94 2164/1607/94 2160/1605/94
f 951/1619/94 2161/1616/94 950/1620/94
f 2161/1616/94 2166/1621/94 2162/1617/94
f 2166/1621/94 2163/1618/94 2162/1617/94
f 2167/1622/94 2164/1607/94 2163/1618/94
f 952/278/94 2165/1623/94 951/1619/94
f 2169/1624/94 2166/1621/94 2165/1623/94
f 2170/1625/94 2167/1622/94 2166/1621/94
f 2171/1626/94 2168/1606/94 2167/1622/94
f 106/1339/94 2169/1624/94 952/278/94
f 953/1341/94 2170/1625/94 2169/1624/94
f 954/1343/94 2171/1626/94 2170/1625/94
f 955/1345/94 2172/282/94 2171/1626/94
f 852/241/93 949/1615/93 94/1608/93
f 2176/1627/93 950/1620/93 949/1615/93
f 2180/1628/93 951/1619/93 950/1620/93
f 2188/279/93 951/1619/93 2184/1629/93
f 93/1630/93 2173/1631/93 849/1632/93
f 849/1632/93 2174/1633/93 850/1634/93
f 850/1634/93 2175/1635/93 851/1636/93
f 851/1636/93 2176/1627/93 852/241/93
f 941/1637/93 2177/1638/93 2173/1631/93
f 2173/1631/93 2178/1639/93 2174/1633/93
f 2174/1633/93 2179/1640/93 2175/1635/93
f 2175/1635/93 2180/1628/93 2176/1627/93
f 943/1641/93 2177/1638/93 942/1642/93
f 2181/1643/93 2178/1639/93 2177/1638/93
f 2182/1644/93 2179/1640/93 2178/1639/93
f 2179/1640/93 2184/1629/93 2180/1628/93
f 944/275/93 2181/1643/93 943/1641/93
f 2185/1645/93 2182/1644/93 2181/1643/93
f 2186/1646/93 2183/1647/93 2182/1644/93
f 2187/1648/93 2184/1629/93 2183/1647/93
f 105/1361/93 2185/1645/93 944/275/93
f 945/1363/93 2186/1646/93 2185/1645/93
f 946/1365/93 2187/1648/93 2186/1646/93
f 947/1367/93 2188/279/93 2187/1648/93
f 844/238/92 941/1637/92 93/1630/92
f 2192/1649/92 942/1642/92 941/1637/92
f 2196/1650/92 943/1641/92 942/1642/92
f 2204/276/92 943/1641/92 2200/1651/92
f 92/1652/92 2189/1653/92 841/1654/92
f 841/1654/157 2190/1655/157 842/1656/157
f 842/1656/92 2191/1657/92 843/1658/92
f 843/1658/92 2192/1649/92 844/238/92
f 933/1659/92 2193/1660/92 2189/1653/92
f 2189/1653/92 2194/1661/92 2190/1655/92
f 2190/1655/157 2195/1662/157 2191/1657/157
f 2191/1657/92 2196/1650/92 2192/1649/92
f 935/1663/92 2193/1660/92 934/1664/92
f 2193/1660/92 2198/1665/92 2194/1661/92
f 2194/1661/92 2199/1666/92 2195/1662/92
f 2195/1662/92 2200/1651/92 2196/1650/92
f 936/272/92 2197/1667/92 935/1663/92
f 2201/1668/92 2198/1665/92 2197/1667/92
f 2202/1669/92 2199/1666/92 2198/1665/92
f 2203/1670/92 2200/1651/92 2199/1666/92
f 104/1383/92 2201/1668/92 936/272/92
f 937/1385/92 2202/1669/92 2201/1668/92
f 938/1387/92 2203/1670/92 2202/1669/92
f 939/1389/92 2204/276/92 2203/1670/92
f 836/235/91 933/1659/91 92/1652/91
f 2208/1671/91 934/1664/91 933/1659/91
f 2216/1672/91 934/1664/91 2212/1673/91
f 2220/273/91 935/1663/91 2216/1672/91
f 91/1674/91 2205/1675/91 833/1676/91
f 833/1676/91 2206/1677/91 834/1678/91
f 834/1678/91 2207/1679/91 835/1680/91
f 835/1680/91 2208/1671/91 836/235/91
f 925/1681/91 2209/1682/91 2205/1675/91
f 2205/1675/91 2210/1683/91 2206/1677/91
f 2206/1677/91 2211/1684/91 2207/1679/91
f 2207/1679/91 2212/1673/91 2208/1671/91
f 927/1685/158 2209/1682/158 926/1686/158
f 2213/1687/91 2210/1683/91 2209/1682/91
f 2214/1688/158 2211/1684/158 2210/1683/158
f 2211/1684/91 2216/1672/91 2212/1673/91
f 928/1689/91 2213/1687/91 927/1685/91
f 2217/1690/91 2214/1688/91 2213/1687/91
f 2218/1691/91 2215/1692/91 2214/1688/91
f 2219/1693/91 2216/1672/91 2215/1692/91
f 103/1405/91 2217/1690/91 928/1689/91
f 929/1407/91 2218/1691/91 2217/1690/91
f 930/1409/91 2219/1693/91 2218/1691/91
f 931/1411/91 2220/273/91 2219/1693/91
f 2224/1694/90 91/233/90 828/1695/90
f 2228/1696/90 925/1697/90 2224/1694/90
f 2232/1698/90 926/1699/90 2228/1696/90
f 2232/1698/90 928/270/90 927/1700/90
f 917/1701/90 825/1702/90 90/230/90
f 2221/1703/90 826/1704/90 825/1702/90
f 2222/1705/90 827/1706/90 826/1704/90
f 2223/1707/90 828/1695/90 827/1706/90
f 918/1708/90 2221/1703/90 917/1701/90
f 2225/1709/90 2222/1705/90 2221/1703/90
f 2226/1710/90 2223/1707/90 2222/1705/90
f 2227/1711/90 2224/1694/90 2223/1707/90
f 919/1712/90 2225/1709/90 918/1708/90
f 2225/1709/90 2230/1713/90 2226/1710/90
f 2230/1713/90 2227/1711/90 2226/1710/90
f 2231/1714/90 2228/1696/90 2227/1711/90
f 919/1712/90 2233/1715/90 2229/1716/90
f 2229/1716/90 2234/1717/90 2230/1713/90
f 2230/1713/90 2235/1718/90 2231/1714/90
f 2231/1714/90 2236/268/90 2232/1698/90
f 920/267/90 921/1433/90 2233/1715/90
f 2233/1715/90 922/1435/90 2234/1717/90
f 2234/1717/90 923/1437/90 2235/1718/90
f 2235/1718/90 924/1426/90 2236/268/90
f 2240/1719/89 90/230/89 820/1720/89
f 2244/1721/89 917/1701/89 2240/1719/89
f 2248/1722/89 918/1708/89 2244/1721/89
f 2248/1722/89 920/267/89 919/1712/89
f 909/1723/89 817/1724/89 89/227/89
f 2237/1725/89 818/1726/89 817/1724/89
f 2238/1727/89 819/1728/89 818/1726/89
f 2239/1729/89 820/1720/89 819/1728/89
f 910/1730/159 2237/1725/159 909/1723/159
f 2241/1731/89 2238/1727/89 2237/1725/89
f 2242/1732/89 2239/1729/89 2238/1727/89
f 2243/1733/89 2240/1719/89 2239/1729/89
f 910/1730/89 2245/1734/89 2241/1731/89
f 2241/1731/89 2246/1735/89 2242/1732/89
f 2246/1735/89 2243/1733/89 2242/1732/89
f 2247/1736/89 2244/1721/89 2243/1733/89
f 911/1737/89 2249/1738/89 2245/1734/89
f 2245/1734/89 2250/1739/89 2246/1735/89
f 2246/1735/89 2251/1740/89 2247/1736/89
f 2247/1736/159 2252/265/159 2248/1722/159
f 912/264/89 913/1455/89 2249/1738/89
f 2249/1738/89 914/1457/89 2250/1739/89
f 2250/1739/89 915/1459/89 2251/1740/89
f 2251/1740/159 916/1451/159 2252/265/159
f 2256/1741/88 89/227/88 812/1742/88
f 2260/1743/88 909/1723/88 2256/1741/88
f 2264/1744/88 910/1730/88 2260/1743/88
f 2264/1744/88 912/264/88 911/1737/88
f 901/1745/88 809/1746/88 88/224/88
f 2253/1747/88 810/1748/88 809/1746/88
f 2254/1749/88 811/1750/88 810/1748/88
f 2255/1751/88 812/1742/88 811/1750/88
f 902/1752/88 2253/1747/88 901/1745/88
f 2257/1753/88 2254/1749/88 2253/1747/88
f 2258/1754/88 2255/1751/88 2254/1749/88
f 2259/1755/88 2256/1741/88 2255/1751/88
f 903/1756/88 2257/1753/88 902/1752/88
f 2261/1757/88 2258/1754/88 2257/1753/88
f 2262/1758/88 2259/1755/88 2258/1754/88
f 2263/1759/88 2260/1743/88 2259/1755/88
f 903/1756/88 2265/1760/88 2261/1757/88
f 2261/1757/88 2266/1761/88 2262/1758/88
f 2262/1758/88 2267/1762/88 2263/1759/88
f 2263/1759/88 2268/262/88 2264/1744/88
f 904/261/88 905/1477/88 2265/1760/88
f 2265/1760/88 906/1479/88 2266/1761/88
f 2266/1761/88 907/1481/88 2267/1762/88
f 2267/1762/88 908/1473/88 2268/262/88
f 2272/1763/87 88/224/87 804/1764/87
f 2276/1765/87 901/1745/87 2272/1763/87
f 2280/1766/87 902/1752/87 2276/1765/87
f 2280/1766/87 904/261/87 903/1756/87
f 893/1767/87 801/1768/87 87/221/87
f 2269/1769/87 802/1770/87 801/1768/87
f 2270/1771/87 803/1772/87 802/1770/87
f 2271/1773/87 804/1764/87 803/1772/87
f 894/1774/87 2269/1769/87 893/1767/87
f 2273/1775/87 2270/1771/87 2269/1769/87
f 2274/1776/87 2271/1773/87 2270/1771/87
f 2275/1777/87 2272/1763/87 2271/1773/87
f 895/1778/87 2273/1775/87 894/1774/87
f 2277/1779/87 2274/1776/87 2273/1775/87
f 2274/1776/87 2279/1780/87 2275/1777/87
f 2279/1780/87 2276/1765/87 2275/1777/87
f 895/1778/87 2281/1781/87 2277/1779/87
f 2277/1779/87 2282/1782/87 2278/1783/87
f 2278/1783/87 2283/1784/87 2279/1780/87
f 2279/1780/87 2284/259/87 2280/1766/87
f 896/258/87 897/1499/87 2281/1781/87
f 2281/1781/87 898/1501/87 2282/1782/87
f 2282/1782/87 899/1503/87 2283/1784/87
f 2283/1784/87 900/1495/87 2284/259/87
f 2288/1785/160 87/221/160 796/1786/160
f 2292/1787/160 893/1767/160 2288/1785/160
f 2292/1787/160 895/1778/160 894/1774/160
f 2296/1788/160 896/258/160 895/1778/160
f 885/1789/160 793/1790/160 86/218/160
f 2285/1791/160 794/1792/160 793/1790/160
f 2286/1793/160 795/1794/160 794/1792/160
f 2287/1795/160 796/1786/160 795/1794/160
f 886/1796/86 2285/1791/86 885/1789/86
f 2289/1797/160 2286/1793/160 2285/1791/160
f 2290/1798/160 2287/1795/160 2286/1793/160
f 2291/1799/160 2288/1785/160 2287/1795/160
f 887/1800/160 2289/1797/160 886/1796/160
f 2293/1801/160 2290/1798/160 2289/1797/160
f 2294/1802/160 2291/1799/160 2290/1798/160
f 2295/1803/160 2292/1787/160 2291/1799/160
f 887/1800/160 2297/1804/160 2293/1801/160
f 2293/1801/160 2298/1805/160 2294/1802/160
f 2294/1802/160 2299/1806/160 2295/1803/160
f 2295/1803/160 2300/256/160 2296/1788/160
f 888/255/86 889/1521/86 2297/1804/86
f 2297/1804/160 890/1523/160 2298/1805/160
f 2298/1805/160 891/1525/160 2299/1806/160
f 2299/1806/160 892/1517/160 2300/256/160
f 2304/1807/85 86/218/85 788/1808/85
f 2308/1809/85 885/1789/85 2304/1807/85
f 2308/1809/85 887/1800/85 886/1796/85
f 2312/1810/161 888/255/161 887/1800/161
f 877/1557/85 785/1811/85 85/1558/85
f 2301/1812/85 786/1813/85 785/1811/85
f 2302/1814/85 787/1815/85 786/1813/85
f 2303/1816/85 788/1808/85 787/1815/85
f 878/1560/85 2301/1812/85 877/1557/85
f 2305/1817/85 2302/1814/85 2301/1812/85
f 2306/1818/85 2303/1816/85 2302/1814/85
f 2307/1819/85 2304/1807/85 2303/1816/85
f 879/1563/85 2305/1817/85 878/1560/85
f 2309/1820/85 2306/1818/85 2305/1817/85
f 2310/1821/85 2307/1819/85 2306/1818/85
f 2311/1822/85 2308/1809/85 2307/1819/85
f 879/1563/85 2313/1823/85 2309/1820/85
f 2309/1820/85 2314/1824/85 2310/1821/85
f 2310/1821/85 2315/1825/85 2311/1822/85
f 2311/1822/85 2316/253/85 2312/1810/85
f 880/287/85 881/1542/85 2313/1823/85
f 2313/1823/85 882/1544/85 2314/1824/85
f 2314/1824/85 883/1546/85 2315/1825/85
f 2315/1825/161 884/1539/161 2316/253/161
f 777/214/84 781/1826/84 73/1827/84
f 2320/1828/84 782/1829/84 781/1826/84
f 2324/1830/84 783/1831/84 782/1829/84
f 2332/252/84 783/1831/84 2328/1832/84
f 84/1833/84 2317/1834/84 780/1835/84
f 780/1835/84 2318/1836/84 779/1837/84
f 779/1837/84 2319/1838/84 778/1839/84
f 778/1839/84 2320/1828/84 777/214/84
f 869/1840/84 2321/1841/84 2317/1834/84
f 2317/1834/84 2322/1842/84 2318/1836/84
f 2318/1836/84 2323/1843/84 2319/1838/84
f 2319/1838/84 2324/1830/84 2320/1828/84
f 871/1844/84 2321/1841/84 870/1845/84
f 2321/1841/84 2326/1846/84 2322/1842/84
f 2326/1846/84 2323/1843/84 2322/1842/84
f 2323/1843/84 2328/1832/84 2324/1830/84
f 872/248/84 2325/1847/84 871/1844/84
f 2329/1848/84 2326/1846/84 2325/1847/84
f 2330/1849/84 2327/1850/84 2326/1846/84
f 2331/1851/84 2328/1832/84 2327/1850/84
f 96/1564/84 2329/1848/84 872/248/84
f 876/1566/84 2330/1849/84 2329/1848/84
f 875/1568/84 2331/1851/84 2330/1849/84
f 874/1570/84 2332/252/84 2331/1851/84
f 772/211/83 869/1840/83 84/1833/83
f 2336/1852/162 870/1845/162 869/1840/162
f 2340/1853/83 871/1844/83 870/1845/83
f 2348/249/83 871/1844/83 2344/1854/83
f 83/1855/83 2333/1856/83 769/1857/83
f 769/1857/83 2334/1858/83 770/1859/83
f 770/1859/83 2335/1860/83 771/1861/83
f 771/1861/162 2336/1852/162 772/211/162
f 861/1862/83 2337/1863/83 2333/1856/83
f 2333/1856/83 2338/1864/83 2334/1858/83
f 2334/1858/83 2339/1865/83 2335/1860/83
f 2335/1860/83 2340/1853/83 2336/1852/83
f 863/1866/83 2337/1863/83 862/1867/83
f 2341/1868/83 2338/1864/83 2337/1863/83
f 2342/1869/83 2339/1865/83 2338/1864/83
f 2343/1870/162 2340/1853/162 2339/1865/162
f 864/245/83 2341/1868/83 863/1866/83
f 2345/1871/83 2342/1869/83 2341/1868/83
f 2346/1872/83 2343/1870/83 2342/1869/83
f 2347/1873/83 2344/1854/83 2343/1870/83
f 95/1586/83 2345/1871/83 864/245/83
f 865/1588/83 2346/1872/83 2345/1871/83
f 866/1590/83 2347/1873/83 2346/1872/83
f 867/1592/83 2348/249/83 2347/1873/83
f 764/208/82 861/1862/82 83/1855/82
f 2352/1874/82 862/1867/82 861/1862/82
f 2360/1875/82 862/1867/82 2356/1876/82
f 2364/246/82 863/1866/82 2360/1875/82
f 82/1877/82 2349/1878/82 761/1879/82
f 761/1879/82 2350/1880/82 762/1881/82
f 762/1881/82 2351/1882/82 763/1883/82
f 763/1883/82 2352/1874/82 764/208/82
f 853/1884/82 2353/1885/82 2349/1878/82
f 2349/1878/82 2354/1886/82 2350/1880/82
f 2350/1880/82 2355/1887/82 2351/1882/82
f 2351/1882/82 2356/1876/82 2352/1874/82
f 855/1888/82 2353/1885/82 854/1889/82
f 2353/1885/82 2358/1890/82 2354/1886/82
f 2354/1886/82 2359/1891/82 2355/1887/82
f 2355/1887/82 2360/1875/82 2356/1876/82
f 856/242/82 2357/1892/82 855/1888/82
f 2361/1893/82 2358/1890/82 2357/1892/82
f 2362/1894/82 2359/1891/82 2358/1890/82
f 2363/1895/82 2360/1875/82 2359/1891/82
f 94/1608/82 2361/1893/82 856/242/82
f 857/1610/82 2362/1894/82 2361/1893/82
f 858/1612/82 2363/1895/82 2362/1894/82
f 859/1614/82 2364/246/82 2363/1895/82
f 756/205/81 853/1884/81 82/1877/81
f 2368/1896/81 854/1889/81 853/1884/81
f 2376/1897/81 854/1889/81 2372/1898/81
f 2380/243/81 855/1888/81 2376/1897/81
f 81/1899/81 2365/1900/81 753/1901/81
f 753/1901/81 2366/1902/81 754/1903/81
f 754/1903/81 2367/1904/81 755/1905/81
f 755/1905/81 2368/1896/81 756/205/81
f 845/1906/81 2369/1907/81 2365/1900/81
f 2365/1900/81 2370/1908/81 2366/1902/81
f 2366/1902/81 2371/1909/81 2367/1904/81
f 2367/1904/81 2372/1898/81 2368/1896/81
f 847/1910/81 2369/1907/81 846/1911/81
f 2369/1907/81 2374/1912/81 2370/1908/81
f 2374/1912/81 2371/1909/81 2370/1908/81
f 2375/1913/81 2372/1898/81 2371/1909/81
f 848/239/81 2373/1914/81 847/1910/81
f 2377/1915/81 2374/1912/81 2373/1914/81
f 2378/1916/81 2375/1913/81 2374/1912/81
f 2379/1917/81 2376/1897/81 2375/1913/81
f 93/1630/81 2377/1915/81 848/239/81
f 849/1632/81 2378/1916/81 2377/1915/81
f 850/1634/81 2379/1917/81 2378/1916/81
f 851/1636/81 2380/243/81 2379/1917/81
f 748/202/163 845/1906/163 81/1899/163
f 2384/1918/80 846/1911/80 845/1906/80
f 2392/1919/80 846/1911/80 2388/1920/80
f 2396/240/80 847/1910/80 2392/1919/80
f 80/1921/80 2381/1922/80 745/1923/80
f 745/1923/80 2382/1924/80 746/1925/80
f 746/1925/80 2383/1926/80 747/1927/80
f 747/1927/80 2384/1918/80 748/202/80
f 837/1928/163 2385/1929/163 2381/1922/163
f 2381/1922/80 2386/1930/80 2382/1924/80
f 2382/1924/80 2387/1931/80 2383/1926/80
f 2383/1926/80 2388/1920/80 2384/1918/80
f 838/1932/80 2389/1933/80 2385/1929/80
f 2385/1929/80 2390/1934/80 2386/1930/80
f 2386/1930/80 2391/1935/80 2387/1931/80
f 2391/1935/80 2388/1920/80 2387/1931/80
f 840/236/163 2389/1933/163 839/1936/163
f 2393/1937/80 2390/1934/80 2389/1933/80
f 2394/1938/80 2391/1935/80 2390/1934/80
f 2395/1939/80 2392/1919/80 2391/1935/80
f 92/1652/80 2393/1937/80 840/236/80
f 841/1654/80 2394/1938/80 2393/1937/80
f 842/1656/80 2395/1939/80 2394/1938/80
f 843/1658/163 2396/240/163 2395/1939/163
f 740/199/79 837/1928/79 80/1921/79
f 2400/1940/79 838/1932/79 837/1928/79
f 2404/1941/79 839/1936/79 838/1932/79
f 2412/237/79 839/1936/79 2408/1942/79
f 79/1943/79 2397/1944/79 737/1945/79
f 737/1945/79 2398/1946/79 738/1947/79
f 738/1947/79 2399/1948/79 739/1949/79
f 739/1949/79 2400/1940/79 740/199/79
f 829/1950/79 2401/1951/79 2397/1944/79
f 2397/1944/79 2402/1952/79 2398/1946/79
f 2398/1946/79 2403/1953/79 2399/1948/79
f 2399/1948/79 2404/1941/79 2400/1940/79
f 831/1954/79 2401/1951/79 830/1955/79
f 2401/1951/79 2406/1956/79 2402/1952/79
f 2402/1952/79 2407/1957/79 2403/1953/79
f 2407/1957/79 2404/1941/79 2403/1953/79
f 832/1958/79 2405/1959/79 831/1954/79
f 2409/1960/79 2406/1956/79 2405/1959/79
f 2410/1961/79 2407/1957/79 2406/1956/79
f 2411/1962/79 2408/1942/79 2407/1957/79
f 91/1674/79 2409/1960/79 832/1958/79
f 833/1676/79 2410/1961/79 2409/1960/79
f 834/1678/79 2411/1962/79 2410/1961/79
f 835/1680/79 2412/237/79 2411/1962/79
f 2416/1963/78 79/197/78 732/1964/78
f 2420/1965/78 829/1966/78 2416/1963/78
f 2424/1967/78 830/1968/78 2420/1965/78
f 2424/1967/78 832/234/78 831/1969/78
f 821/1970/78 729/1971/78 78/194/78
f 2413/1972/78 730/1973/78 729/1971/78
f 2414/1974/78 731/1975/78 730/1973/78
f 2415/1976/78 732/1964/78 731/1975/78
f 822/1977/78 2413/1972/78 821/1970/78
f 2417/1978/78 2414/1974/78 2413/1972/78
f 2418/1979/78 2415/1976/78 2414/1974/78
f 2419/1980/78 2416/1963/78 2415/1976/78
f 823/1981/78 2417/1978/78 822/1977/78
f 2421/1982/78 2418/1979/78 2417/1978/78
f 2422/1983/78 2419/1980/78 2418/1979/78
f 2423/1984/78 2420/1965/78 2419/1980/78
f 823/1981/78 2425/1985/78 2421/1982/78
f 2421/1982/78 2426/1986/78 2422/1983/78
f 2422/1983/78 2427/1987/78 2423/1984/78
f 2423/1984/78 2428/232/78 2424/1967/78
f 824/231/78 825/1702/78 2425/1985/78
f 2425/1985/78 826/1704/78 2426/1986/78
f 2426/1986/78 827/1706/78 2427/1987/78
f 2427/1987/78 828/1695/78 2428/232/78
f 2432/1988/77 78/194/77 724/1989/77
f 2436/1990/77 821/1970/77 2432/1988/77
f 2440/1991/164 822/1977/164 2436/1990/164
f 2440/1991/77 824/231/77 823/1981/77
f 813/1992/164 721/1993/164 77/191/164
f 2429/1994/164 722/1995/164 721/1993/164
f 2430/1996/164 723/1997/164 722/1995/164
f 2431/1998/77 724/1989/77 723/1997/77
f 814/1999/164 2429/1994/164 813/1992/164
f 2433/2000/164 2430/1996/164 2429/1994/164
f 2434/2001/164 2431/1998/164 2430/1996/164
f 2435/2002/164 2432/1988/164 2431/1998/164
f 814/1999/164 2437/2003/164 2433/2000/164
f 2433/2000/164 2438/2004/164 2434/2001/164
f 2438/2004/164 2435/2002/164 2434/2001/164
f 2439/2005/164 2436/1990/164 2435/2002/164
f 815/2006/164 2441/2007/164 2437/2003/164
f 2437/2003/164 2442/2008/164 2438/2004/164
f 2438/2004/77 2443/2009/77 2439/2005/77
f 2439/2005/164 2444/229/164 2440/1991/164
f 816/228/77 817/1724/77 2441/2007/77
f 2441/2007/77 818/1726/77 2442/2008/77
f 2442/2008/77 819/1728/77 2443/2009/77
f 2443/2009/164 820/1720/164 2444/229/164
f 2448/2010/76 77/191/76 716/2011/76
f 2452/2012/76 813/1992/76 2448/2010/76
f 2452/2012/76 815/2006/76 814/1999/76
f 2456/2013/76 816/228/76 815/2006/76
f 805/2014/76 713/2015/76 76/188/76
f 2445/2016/76 714/2017/76 713/2015/76
f 2446/2018/76 715/2019/76 714/2017/76
f 2447/2020/76 716/2011/76 715/2019/76
f 806/2021/76 2445/2016/76 805/2014/76
f 2449/2022/76 2446/2018/76 2445/2016/76
f 2450/2023/76 2447/2020/76 2446/2018/76
f 2451/2024/76 2448/2010/76 2447/2020/76
f 807/2025/76 2449/2022/76 806/2021/76
f 2453/2026/76 2450/2023/76 2449/2022/76
f 2450/2023/76 2455/2027/76 2451/2024/76
f 2451/2024/76 2456/2013/76 2452/2012/76
f 807/2025/76 2457/2028/76 2453/2026/76
f 2453/2026/76 2458/2029/76 2454/2030/76
f 2454/2030/76 2459/2031/76 2455/2027/76
f 2455/2027/76 2460/226/76 2456/2013/76
f 808/225/76 809/1746/76 2457/2028/76
f 2457/2028/76 810/1748/76 2458/2029/76
f 2458/2029/76 811/1750/76 2459/2031/76
f 2459/2031/76 812/1742/76 2460/226/76
f 2464/2032/75 76/188/75 708/2033/75
f 2468/2034/75 805/2014/75 2464/2032/75
f 2468/2034/75 807/2025/75 806/2021/75
f 2472/2035/75 808/225/75 807/2025/75
f 797/2036/75 705/2037/75 75/185/75
f 2461/2038/75 706/2039/75 705/2037/75
f 2462/2040/75 707/2041/75 706/2039/75
f 2463/2042/75 708/2033/75 707/2041/75
f 798/2043/75 2461/2038/75 797/2036/75
f 2465/2044/75 2462/2040/75 2461/2038/75
f 2466/2045/75 2463/2042/75 2462/2040/75
f 2467/2046/75 2464/2032/75 2463/2042/75
f 798/2043/75 2469/2047/75 2465/2044/75
f 2469/2047/75 2466/2045/75 2465/2044/75
f 2466/2045/75 2471/2048/75 2467/2046/75
f 2467/2046/75 2472/2035/75 2468/2034/75
f 799/2049/75 2473/2050/75 2469/2047/75
f 2469/2047/75 2474/2051/75 2470/2052/75
f 2470/2052/75 2475/2053/75 2471/2048/75
f 2471/2048/75 2476/223/75 2472/2035/75
f 800/222/75 801/1768/75 2473/2050/75
f 2473/2050/75 802/1770/75 2474/2051/75
f 2474/2051/75 803/1772/75 2475/2053/75
f 2475/2053/75 804/1764/75 2476/223/75
f 2480/2054/74 75/185/74 700/2055/74
f 2484/2056/74 797/2036/74 2480/2054/74
f 2488/2057/74 798/2043/74 2484/2056/74
f 2488/2057/74 800/222/74 799/2049/74
f 789/2058/74 697/2059/74 74/182/74
f 2477/2060/74 698/2061/74 697/2059/74
f 2478/2062/74 699/2063/74 698/2061/74
f 2479/2064/74 700/2055/74 699/2063/74
f 790/2065/165 2477/2060/165 789/2058/165
f 2481/2066/74 2478/2062/74 2477/2060/74
f 2482/2067/74 2479/2064/74 2478/2062/74
f 2483/2068/74 2480/2054/74 2479/2064/74
f 791/2069/74 2481/2066/74 790/2065/74
f 2485/2070/165 2482/2067/165 2481/2066/165
f 2486/2071/74 2483/2068/74 2482/2067/74
f 2487/2072/74 2484/2056/74 2483/2068/74
f 791/2069/74 2489/2073/74 2485/2070/74
f 2485/2070/74 2490/2074/74 2486/2071/74
f 2486/2071/74 2491/2075/74 2487/2072/74
f 2487/2072/74 2492/220/74 2488/2057/74
f 792/219/74 793/1790/74 2489/2073/74
f 2489/2073/74 794/1792/74 2490/2074/74
f 2490/2074/74 795/1794/74 2491/2075/74
f 2491/2075/74 796/1786/74 2492/220/74
f 2496/2076/73 74/182/73 692/2077/73
f 2500/2078/73 789/2058/73 2496/2076/73
f 2500/2078/73 791/2069/73 790/2065/73
f 2504/2079/73 792/219/73 791/2069/73
f 781/1826/73 689/2080/73 73/1827/73
f 2493/2081/73 690/2082/73 689/2080/73
f 2494/2083/73 691/2084/73 690/2082/73
f 2495/2085/73 692/2077/73 691/2084/73
f 782/1829/73 2493/2081/73 781/1826/73
f 2497/2086/73 2494/2083/73 2493/2081/73
f 2498/2087/73 2495/2085/73 2494/2083/73
f 2499/2088/73 2496/2076/73 2495/2085/73
f 783/1831/73 2497/2086/73 782/1829/73
f 2501/2089/73 2498/2087/73 2497/2086/73
f 2498/2087/73 2503/2090/73 2499/2088/73
f 2503/2090/73 2500/2078/73 2499/2088/73
f 783/1831/73 2505/2091/73 2501/2089/73
f 2501/2089/73 2506/2092/73 2502/2093/73
f 2502/2093/73 2507/2094/73 2503/2090/73
f 2503/2090/73 2508/217/73 2504/2079/73
f 784/251/73 785/1811/73 2505/2091/73
f 2505/2091/73 786/1813/73 2506/2092/73
f 2506/2092/73 787/1815/73 2507/2094/73
f 2507/2094/73 788/1808/73 2508/217/73
f 681/178/72 685/2095/72 61/2096/72
f 2512/2097/72 686/2098/72 685/2095/72
f 2516/2099/72 687/2100/72 686/2098/72
f 2524/216/72 687/2100/72 2520/2101/72
f 72/2102/72 2509/2103/72 684/2104/72
f 684/2104/72 2510/2105/72 683/2106/72
f 683/2106/72 2511/2107/72 682/2108/72
f 682/2108/72 2512/2097/72 681/178/72
f 773/2109/72 2513/2110/72 2509/2103/72
f 2509/2103/72 2514/2111/72 2510/2105/72
f 2510/2105/72 2515/2112/72 2511/2107/72
f 2511/2107/72 2516/2099/72 2512/2097/72
f 774/2113/72 2517/2114/72 2513/2110/72
f 2513/2110/72 2518/2115/72 2514/2111/72
f 2514/2111/72 2519/2116/72 2515/2112/72
f 2515/2112/72 2520/2101/72 2516/2099/72
f 776/212/72 2517/2114/72 775/2117/72
f 2521/2118/72 2518/2115/72 2517/2114/72
f 2522/2119/72 2519/2116/72 2518/2115/72
f 2523/2120/72 2520/2101/72 2519/2116/72
f 84/1833/72 2521/2118/72 776/212/72
f 780/1835/72 2522/2119/72 2521/2118/72
f 779/1837/72 2523/2120/72 2522/2119/72
f 778/1839/72 2524/216/72 2523/2120/72
f 676/175/166 773/2109/166 72/2102/166
f 2528/2121/71 774/2113/71 773/2109/71
f 2532/2122/166 775/2117/166 774/2113/166
f 2540/213/71 775/2117/71 2536/2123/71
f 71/2124/166 2525/2125/166 673/2126/166
f 673/2126/166 2526/2127/166 674/2128/166
f 674/2128/71 2527/2129/71 675/2130/71
f 675/2130/166 2528/2121/166 676/175/166
f 765/2131/166 2529/2132/166 2525/2125/166
f 2525/2125/166 2530/2133/166 2526/2127/166
f 2526/2127/166 2531/2134/166 2527/2129/166
f 2527/2129/166 2532/2122/166 2528/2121/166
f 767/2135/166 2529/2132/166 766/2136/166
f 2533/2137/166 2530/2133/166 2529/2132/166
f 2534/2138/166 2531/2134/166 2530/2133/166
f 2531/2134/166 2536/2123/166 2532/2122/166
f 768/209/166 2533/2137/166 767/2135/166
f 2537/2139/166 2534/2138/166 2533/2137/166
f 2538/2140/166 2535/2141/166 2534/2138/166
f 2539/2142/166 2536/2123/166 2535/2141/166
f 83/1855/166 2537/2139/166 768/209/166
f 769/1857/166 2538/2140/166 2537/2139/166
f 770/1859/166 2539/2142/166 2538/2140/166
f 771/1861/166 2540/213/166 2539/2142/166
f 668/172/70 765/2131/70 71/2124/70
f 2544/2143/70 766/2136/70 765/2131/70
f 2548/2144/70 767/2135/70 766/2136/70
f 2556/210/70 767/2135/70 2552/2145/70
f 70/2146/70 2541/2147/70 665/2148/70
f 665/2148/70 2542/2149/70 666/2150/70
f 666/2150/70 2543/2151/70 667/2152/70
f 667/2152/70 2544/2143/70 668/172/70
f 757/2153/70 2545/2154/70 2541/2147/70
f 2541/2147/70 2546/2155/70 2542/2149/70
f 2542/2149/70 2547/2156/70 2543/2151/70
f 2543/2151/70 2548/2144/70 2544/2143/70
f 758/2157/70 2549/2158/70 2545/2154/70
f 2549/2158/70 2546/2155/70 2545/2154/70
f 2550/2159/70 2547/2156/70 2546/2155/70
f 2551/2160/70 2548/2144/70 2547/2156/70
f 760/206/70 2549/2158/70 759/2161/70
f 2553/2162/70 2550/2159/70 2549/2158/70
f 2554/2163/70 2551/2160/70 2550/2159/70
f 2555/2164/70 2552/2145/70 2551/2160/70
f 82/1877/70 2553/2162/70 760/206/70
f 761/1879/70 2554/2163/70 2553/2162/70
f 762/1881/70 2555/2164/70 2554/2163/70
f 763/1883/70 2556/210/70 2555/2164/70
f 660/169/69 757/2153/69 70/2146/69
f 2560/2165/69 758/2157/69 757/2153/69
f 2568/2166/69 758/2157/69 2564/2167/69
f 2572/207/69 759/2161/69 2568/2166/69
f 69/2168/69 2557/2169/69 657/2170/69
f 657/2170/69 2558/2171/69 658/2172/69
f 658/2172/69 2559/2173/69 659/2174/69
f 659/2174/69 2560/2165/69 660/169/69
f 749/2175/69 2561/2176/69 2557/2169/69
f 2557/2169/69 2562/2177/69 2558/2171/69
f 2558/2171/69 2563/2178/69 2559/2173/69
f 2559/2173/69 2564/2167/69 2560/2165/69
f 750/2179/69 2565/2180/69 2561/2176/69
f 2565/2180/69 2562/2177/69 2561/2176/69
f 2566/2181/69 2563/2178/69 2562/2177/69
f 2563/2178/69 2568/2166/69 2564/2167/69
f 752/203/69 2565/2180/69 751/2182/69
f 2569/2183/69 2566/2181/69 2565/2180/69
f 2570/2184/69 2567/2185/69 2566/2181/69
f 2571/2186/69 2568/2166/69 2567/2185/69
f 81/1899/69 2569/2183/69 752/203/69
f 753/1901/69 2570/2184/69 2569/2183/69
f 754/1903/69 2571/2186/69 2570/2184/69
f 755/1905/69 2572/207/69 2571/2186/69
f 652/166/68 749/2175/68 69/2168/68
f 2576/2187/68 750/2179/68 749/2175/68
f 2580/2188/68 751/2182/68 750/2179/68
f 2588/204/68 751/2182/68 2584/2189/68
f 68/2190/68 2573/2191/68 649/2192/68
f 649/2192/68 2574/2193/68 650/2194/68
f 650/2194/68 2575/2195/68 651/2196/68
f 651/2196/167 2576/2187/167 652/166/167
f 741/2197/68 2577/2198/68 2573/2191/68
f 2573/2191/68 2578/2199/68 2574/2193/68
f 2574/2193/68 2579/2200/68 2575/2195/68
f 2575/2195/68 2580/2188/68 2576/2187/68
f 742/2201/167 2581/2202/167 2577/2198/167
f 2581/2202/68 2578/2199/68 2577/2198/68
f 2582/2203/68 2579/2200/68 2578/2199/68
f 2583/2204/68 2580/2188/68 2579/2200/68
f 744/200/68 2581/2202/68 743/2205/68
f 2585/2206/68 2582/2203/68 2581/2202/68
f 2586/2207/167 2583/2204/167 2582/2203/167
f 2587/2208/68 2584/2189/68 2583/2204/68
f 80/1921/68 2585/2206/68 744/200/68
f 745/1923/167 2586/2207/167 2585/2206/167
f 746/1925/68 2587/2208/68 2586/2207/68
f 747/1927/68 2588/204/68 2587/2208/68
f 644/163/67 741/2197/67 68/2190/67
f 2592/2209/67 742/2201/67 741/2197/67
f 2600/2210/67 742/2201/67 2596/2211/67
f 2604/201/67 743/2205/67 2600/2210/67
f 67/2212/67 2589/2213/67 641/2214/67
f 641/2214/67 2590/2215/67 642/2216/67
f 642/2216/67 2591/2217/67 643/2218/67
f 643/2218/67 2592/2209/67 644/163/67
f 733/2219/67 2593/2220/67 2589/2213/67
f 2589/2213/67 2594/2221/67 2590/2215/67
f 2590/2215/67 2595/2222/67 2591/2217/67
f 2591/2217/67 2596/2211/67 2592/2209/67
f 734/2223/67 2597/2224/67 2593/2220/67
f 2597/2224/67 2594/2221/67 2593/2220/67
f 2594/2221/67 2599/2225/67 2595/2222/67
f 2595/2222/67 2600/2210/67 2596/2211/67
f 736/2226/67 2597/2224/67 735/2227/67
f 2601/2228/67 2598/2229/67 2597/2224/67
f 2602/2230/67 2599/2225/67 2598/2229/67
f 2603/2231/67 2600/2210/67 2599/2225/67
f 79/1943/67 2601/2228/67 736/2226/67
f 737/1945/67 2602/2230/67 2601/2228/67
f 738/1947/67 2603/2231/67 2602/2230/67
f 739/1949/67 2604/201/67 2603/2231/67
f 2608/2232/66 67/161/66 636/2233/66
f 2612/2234/66 733/2235/66 2608/2232/66
f 2616/2236/66 734/2237/66 2612/2234/66
f 2616/2236/66 736/198/66 735/2238/66
f 725/2239/66 633/2240/66 66/158/66
f 2605/2241/66 634/2242/66 633/2240/66
f 2606/2243/66 635/2244/66 634/2242/66
f 2607/2245/66 636/2233/66 635/2244/66
f 726/2246/66 2605/2241/66 725/2239/66
f 2609/2247/66 2606/2243/66 2605/2241/66
f 2610/2248/66 2607/2245/66 2606/2243/66
f 2611/2249/66 2608/2232/66 2607/2245/66
f 726/2246/66 2613/2250/66 2609/2247/66
f 2609/2247/66 2614/2251/66 2610/2248/66
f 2610/2248/66 2615/2252/66 2611/2249/66
f 2615/2252/66 2612/2234/66 2611/2249/66
f 727/2253/66 2617/2254/66 2613/2250/66
f 2613/2250/66 2618/2255/66 2614/2251/66
f 2614/2251/66 2619/2256/66 2615/2252/66
f 2615/2252/66 2620/196/66 2616/2236/66
f 728/195/66 729/1971/66 2617/2254/66
f 2617/2254/66 730/1973/66 2618/2255/66
f 2618/2255/66 731/1975/66 2619/2256/66
f 2619/2256/66 732/1964/66 2620/196/66
f 2624/2257/168 66/158/168 628/2258/168
f 2628/2259/65 725/2239/65 2624/2257/65
f 2628/2259/65 727/2253/65 726/2246/65
f 2632/2260/65 728/195/65 727/2253/65
f 717/2261/65 625/2262/65 65/155/65
f 2621/2263/65 626/2264/65 625/2262/65
f 2622/2265/65 627/2266/65 626/2264/65
f 2623/2267/65 628/2258/65 627/2266/65
f 718/2268/65 2621/2263/65 717/2261/65
f 2625/2269/65 2622/2265/65 2621/2263/65
f 2626/2270/65 2623/2267/65 2622/2265/65
f 2627/2271/65 2624/2257/65 2623/2267/65
f 719/2272/65 2625/2269/65 718/2268/65
f 2629/2273/168 2626/2270/168 2625/2269/168
f 2630/2274/65 2627/2271/65 2626/2270/65
f 2627/2271/65 2632/2260/65 2628/2259/65
f 719/2272/65 2633/2275/65 2629/2273/65
f 2629/2273/65 2634/2276/65 2630/2274/65
f 2630/2274/168 2635/2277/168 2631/2278/168
f 2631/2278/65 2636/193/65 2632/2260/65
f 720/192/65 721/1993/65 2633/2275/65
f 2633/2275/65 722/1995/65 2634/2276/65
f 2634/2276/65 723/1997/65 2635/2277/65
f 2635/2277/168 724/1989/168 2636/193/168
f 2640/2279/64 65/155/64 620/2280/64
f 2644/2281/64 717/2261/64 2640/2279/64
f 2644/2281/64 719/2272/64 718/2268/64
f 2648/2282/64 720/192/64 719/2272/64
f 709/2283/64 617/2284/64 64/152/64
f 2637/2285/64 618/2286/64 617/2284/64
f 2638/2287/64 619/2288/64 618/2286/64
f 2639/2289/64 620/2280/64 619/2288/64
f 710/2290/64 2637/2285/64 709/2283/64
f 2641/2291/64 2638/2287/64 2637/2285/64
f 2642/2292/64 2639/2289/64 2638/2287/64
f 2643/2293/64 2640/2279/64 2639/2289/64
f 711/2294/64 2641/2291/64 710/2290/64
f 2645/2295/64 2642/2292/64 2641/2291/64
f 2646/2296/64 2643/2293/64 2642/2292/64
f 2643/2293/64 2648/2282/64 2644/2281/64
f 711/2294/64 2649/2297/64 2645/2295/64
f 2645/2295/64 2650/2298/64 2646/2296/64
f 2646/2296/64 2651/2299/64 2647/2300/64
f 2647/2300/64 2652/190/64 2648/2282/64
f 712/189/64 713/2015/64 2649/2297/64
f 2649/2297/64 714/2017/64 2650/2298/64
f 2650/2298/64 715/2019/64 2651/2299/64
f 2651/2299/64 716/2011/64 2652/190/64
f 2656/2301/63 64/152/63 612/2302/63
f 2660/2303/63 709/2283/63 2656/2301/63
f 2660/2303/63 711/2294/63 710/2290/63
f 2664/2304/63 712/189/63 711/2294/63
f 701/2305/63 609/2306/63 63/149/63
f 2653/2307/63 610/2308/63 609/2306/63
f 2654/2309/63 611/2310/63 610/2308/63
f 2655/2311/63 612/2302/63 611/2310/63
f 702/2312/63 2653/2307/63 701/2305/63
f 2657/2313/63 2654/2309/63 2653/2307/63
f 2658/2314/63 2655/2311/63 2654/2309/63
f 2659/2315/63 2656/2301/63 2655/2311/63
f 702/2312/63 2661/2316/63 2657/2313/63
f 2657/2313/63 2662/2317/63 2658/2314/63
f 2662/2317/63 2659/2315/63 2658/2314/63
f 2659/2315/63 2664/2304/63 2660/2303/63
f 703/2318/63 2665/2319/63 2661/2316/63
f 2661/2316/63 2666/2320/63 2662/2317/63
f 2662/2317/63 2667/2321/63 2663/2322/63
f 2663/2322/63 2668/187/63 2664/2304/63
f 704/186/63 705/2037/63 2665/2319/63
f 2665/2319/63 706/2039/63 2666/2320/63
f 2666/2320/63 707/2041/63 2667/2321/63
f 2667/2321/63 708/2033/63 2668/187/63
f 2672/2323/62 63/149/62 604/2324/62
f 2676/2325/62 701/2305/62 2672/2323/62
f 2676/2325/62 703/2318/62 702/2312/62
f 2680/2326/62 704/186/62 703/2318/62
f 693/2327/62 601/2328/62 62/146/62
f 2669/2329/62 602/2330/62 601/2328/62
f 2670/2331/62 603/2332/62 602/2330/62
f 2671/2333/62 604/2324/62 603/2332/62
f 694/2334/62 2669/2329/62 693/2327/62
f 2673/2335/62 2670/2331/62 2669/2329/62
f 2674/2336/62 2671/2333/62 2670/2331/62
f 2675/2337/169 2672/2323/169 2671/2333/169
f 695/2338/62 2673/2335/62 694/2334/62
f 2677/2339/62 2674/2336/62 2673/2335/62
f 2678/2340/62 2675/2337/62 2674/2336/62
f 2675/2337/62 2680/2326/62 2676/2325/62
f 695/2338/62 2681/2341/62 2677/2339/62
f 2677/2339/62 2682/2342/62 2678/2340/62
f 2678/2340/62 2683/2343/62 2679/2344/62
f 2679/2344/62 2684/184/62 2680/2326/62
f 696/183/62 697/2059/62 2681/2341/62
f 2681/2341/62 698/2061/62 2682/2342/62
f 2682/2342/62 699/2063/62 2683/2343/62
f 2683/2343/62 700/2055/62 2684/184/62
f 2688/2345/61 62/146/61 596/2346/61
f 2692/2347/61 693/2327/61 2688/2345/61
f 2696/2348/61 694/2334/61 2692/2347/61
f 2696/2348/61 696/183/61 695/2338/61
f 685/2095/61 593/2349/61 61/2096/61
f 2685/2350/61 594/2351/61 593/2349/61
f 2686/2352/61 595/2353/61 594/2351/61
f 2687/2354/61 596/2346/61 595/2353/61
f 686/2098/61 2685/2350/61 685/2095/61
f 2689/2355/61 2686/2352/61 2685/2350/61
f 2690/2356/61 2687/2354/61 2686/2352/61
f 2691/2357/61 2688/2345/61 2687/2354/61
f 686/2098/61 2693/2358/61 2689/2355/61
f 2693/2358/61 2690/2356/61 2689/2355/61
f 2694/2359/61 2691/2357/61 2690/2356/61
f 2695/2360/61 2692/2347/61 2691/2357/61
f 687/2100/61 2697/2361/61 2693/2358/61
f 2693/2358/61 2698/2362/61 2694/2359/61
f 2694/2359/61 2699/2363/61 2695/2360/61
f 2695/2360/61 2700/181/61 2696/2348/61
f 688/215/61 689/2080/61 2697/2361/61
f 2697/2361/61 690/2082/61 2698/2362/61
f 2698/2362/61 691/2084/61 2699/2363/61
f 2699/2363/61 692/2077/61 2700/181/61
f 585/142/60 589/2364/60 49/2365/60
f 2704/2366/60 590/2367/60 589/2364/60
f 2708/2368/60 591/2369/60 590/2367/60
f 2716/180/60 591/2369/60 2712/2370/60
f 60/2371/60 2701/2372/60 588/2373/60
f 588/2373/60 2702/2374/60 587/2375/60
f 587/2375/60 2703/2376/60 586/2377/60
f 586/2377/60 2704/2366/60 585/142/60
f 677/2378/60 2705/2379/60 2701/2372/60
f 2701/2372/60 2706/2380/60 2702/2374/60
f 2702/2374/60 2707/2381/60 2703/2376/60
f 2703/2376/60 2708/2368/60 2704/2366/60
f 678/2382/60 2709/2383/60 2705/2379/60
f 2705/2379/60 2710/2384/60 2706/2380/60
f 2710/2384/60 2707/2381/60 2706/2380/60
f 2707/2381/60 2712/2370/60 2708/2368/60
f 680/176/60 2709/2383/60 679/2385/60
f 2713/2386/60 2710/2384/60 2709/2383/60
f 2714/2387/60 2711/2388/60 2710/2384/60
f 2715/2389/60 2712/2370/60 2711/2388/60
f 72/2102/60 2713/2386/60 680/176/60
f 684/2104/60 2714/2387/60 2713/2386/60
f 683/2106/60 2715/2389/60 2714/2387/60
f 682/2108/60 2716/180/60 2715/2389/60
f 580/139/59 677/2378/59 60/2371/59
f 2720/2390/59 678/2382/59 677/2378/59
f 2724/2391/59 679/2385/59 678/2382/59
f 2732/177/59 679/2385/59 2728/2392/59
f 59/2393/170 2717/2394/170 577/2395/170
f 577/2395/59 2718/2396/59 578/2397/59
f 578/2397/59 2719/2398/59 579/2399/59
f 579/2399/170 2720/2390/170 580/139/170
f 669/2400/59 2721/2401/59 2717/2394/59
f 2717/2394/59 2722/2402/59 2718/2396/59
f 2718/2396/59 2723/2403/59 2719/2398/59
f 2719/2398/59 2724/2391/59 2720/2390/59
f 671/2404/59 2721/2401/59 670/2405/59
f 2721/2401/59 2726/2406/59 2722/2402/59
f 2722/2402/170 2727/2407/170 2723/2403/170
f 2727/2407/59 2724/2391/59 2723/2403/59
f 672/173/59 2725/2408/59 671/2404/59
f 2729/2409/59 2726/2406/59 2725/2408/59
f 2730/2410/59 2727/2407/59 2726/2406/59
f 2731/2411/170 2728/2392/170 2727/2407/170
f 71/2124/59 2729/2409/59 672/173/59
f 673/2126/59 2730/2410/59 2729/2409/59
f 674/2128/59 2731/2411/59 2730/2410/59
f 675/2130/59 2732/177/59 2731/2411/59
f 572/136/58 669/2400/58 59/2393/58
f 2736/2412/58 670/2405/58 669/2400/58
f 2744/2413/58 670/2405/58 2740/2414/58
f 2748/174/58 671/2404/58 2744/2413/58
f 58/2415/58 2733/2416/58 569/2417/58
f 569/2417/58 2734/2418/58 570/2419/58
f 570/2419/58 2735/2420/58 571/2421/58
f 571/2421/58 2736/2412/58 572/136/58
f 661/2422/58 2737/2423/58 2733/2416/58
f 2733/2416/58 2738/2424/58 2734/2418/58
f 2734/2418/58 2739/2425/58 2735/2420/58
f 2735/2420/58 2740/2414/58 2736/2412/58
f 662/2426/58 2741/2427/58 2737/2423/58
f 2737/2423/58 2742/2428/58 2738/2424/58
f 2738/2424/58 2743/2429/58 2739/2425/58
f 2739/2425/58 2744/2413/58 2740/2414/58
f 664/170/58 2741/2427/58 663/2430/58
f 2745/2431/58 2742/2428/58 2741/2427/58
f 2746/2432/58 2743/2429/58 2742/2428/58
f 2747/2433/58 2744/2413/58 2743/2429/58
f 70/2146/58 2745/2431/58 664/170/58
f 665/2148/58 2746/2432/58 2745/2431/58
f 666/2150/58 2747/2433/58 2746/2432/58
f 667/2152/58 2748/174/58 2747/2433/58
f 564/133/57 661/2422/57 58/2415/57
f 2752/2434/57 662/2426/57 661/2422/57
f 2756/2435/57 663/2430/57 662/2426/57
f 2764/171/57 663/2430/57 2760/2436/57
f 57/2437/57 2749/2438/57 561/2439/57
f 561/2439/57 2750/2440/57 562/2441/57
f 562/2441/57 2751/2442/57 563/2443/57
f 563/2443/57 2752/2434/57 564/133/57
f 653/2444/57 2753/2445/57 2749/2438/57
f 2749/2438/57 2754/2446/57 2750/2440/57
f 2750/2440/57 2755/2447/57 2751/2442/57
f 2751/2442/57 2756/2435/57 2752/2434/57
f 654/2448/57 2757/2449/57 2753/2445/57
f 2753/2445/57 2758/2450/57 2754/2446/57
f 2754/2446/57 2759/2451/57 2755/2447/57
f 2755/2447/57 2760/2436/57 2756/2435/57
f 656/167/57 2757/2449/57 655/2452/57
f 2761/2453/57 2758/2450/57 2757/2449/57
f 2762/2454/57 2759/2451/57 2758/2450/57
f 2763/2455/57 2760/2436/57 2759/2451/57
f 69/2168/57 2761/2453/57 656/167/57
f 657/2170/57 2762/2454/57 2761/2453/57
f 658/2172/57 2763/2455/57 2762/2454/57
f 659/2174/57 2764/171/57 2763/2455/57
f 556/130/56 653/2444/56 57/2437/56
f 2768/2456/56 654/2448/56 653/2444/56
f 2772/2457/56 655/2452/56 654/2448/56
f 2780/168/56 655/2452/56 2776/2458/56
f 56/2459/56 2765/2460/56 553/2461/56
f 553/2461/56 2766/2462/56 554/2463/56
f 554/2463/56 2767/2464/56 555/2465/56
f 555/2465/56 2768/2456/56 556/130/56
f 645/2466/56 2769/2467/56 2765/2460/56
f 2765/2460/56 2770/2468/56 2766/2462/56
f 2766/2462/56 2771/2469/56 2767/2464/56
f 2767/2464/171 2772/2457/171 2768/2456/171
f 647/2470/56 2769/2467/56 646/2471/56
f 2773/2472/56 2770/2468/56 2769/2467/56
f 2774/2473/56 2771/2469/56 2770/2468/56
f 2775/2474/56 2772/2457/56 2771/2469/56
f 648/164/56 2773/2472/56 647/2470/56
f 2777/2475/171 2774/2473/171 2773/2472/171
f 2778/2476/56 2775/2474/56 2774/2473/56
f 2779/2477/56 2776/2458/56 2775/2474/56
f 68/2190/56 2777/2475/56 648/164/56
f 649/2192/56 2778/2476/56 2777/2475/56
f 650/2194/171 2779/2477/171 2778/2476/171
f 651/2196/56 2780/168/56 2779/2477/56
f 548/127/55 645/2466/55 56/2459/55
f 2784/2478/55 646/2471/55 645/2466/55
f 2788/2479/55 647/2470/55 646/2471/55
f 2796/165/55 647/2470/55 2792/2480/55
f 55/2481/55 2781/2482/55 545/2483/55
f 545/2483/55 2782/2484/55 546/2485/55
f 546/2485/55 2783/2486/55 547/2487/55
f 547/2487/55 2784/2478/55 548/127/55
f 637/2488/55 2785/2489/55 2781/2482/55
f 2781/2482/55 2786/2490/55 2782/2484/55
f 2782/2484/55 2787/2491/55 2783/2486/55
f 2783/2486/55 2788/2479/55 2784/2478/55
f 639/2492/55 2785/2489/55 638/2493/55
f 2789/2494/55 2786/2490/55 2785/2489/55
f 2790/2495/55 2787/2491/55 2786/2490/55
f 2791/2496/55 2788/2479/55 2787/2491/55
f 640/2497/55 2789/2494/55 639/2492/55
f 2793/2498/55 2790/2495/55 2789/2494/55
f 2794/2499/55 2791/2496/55 2790/2495/55
f 2795/2500/55 2792/2480/55 2791/2496/55
f 67/2212/55 2793/2498/55 640/2497/55
f 641/2214/55 2794/2499/55 2793/2498/55
f 642/2216/55 2795/2500/55 2794/2499/55
f 643/2218/55 2796/165/55 2795/2500/55
f 2800/2501/54 55/125/54 540/2502/54
f 2804/2503/54 637/2504/54 2800/2501/54
f 2808/2505/54 638/2506/54 2804/2503/54
f 2808/2505/54 640/162/54 639/2507/54
f 629/2508/54 537/2509/54 54/122/54
f 2797/2510/54 538/2511/54 537/2509/54
f 2798/2512/54 539/2513/54 538/2511/54
f 2799/2514/54 540/2502/54 539/2513/54
f 630/2515/54 2797/2510/54 629/2508/54
f 2801/2516/54 2798/2512/54 2797/2510/54
f 2802/2517/54 2799/2514/54 2798/2512/54
f 2803/2518/54 2800/2501/54 2799/2514/54
f 630/2515/54 2805/2519/54 2801/2516/54
f 2805/2519/54 2802/2517/54 2801/2516/54
f 2806/2520/54 2803/2518/54 2802/2517/54
f 2807/2521/54 2804/2503/54 2803/2518/54
f 631/2522/54 2809/2523/54 2805/2519/54
f 2805/2519/54 2810/2524/54 2806/2520/54
f 2806/2520/54 2811/2525/54 2807/2521/54
f 2807/2521/54 2812/160/54 2808/2505/54
f 632/159/54 633/2240/54 2809/2523/54
f 2809/2523/54 634/2242/54 2810/2524/54
f 2810/2524/54 635/2244/54 2811/2525/54
f 2811/2525/54 636/2233/54 2812/160/54
f 2816/2526/53 54/122/53 532/2527/53
f 2820/2528/53 629/2508/53 2816/2526/53
f 2824/2529/53 630/2515/53 2820/2528/53
f 2824/2529/53 632/159/53 631/2522/53
f 621/2530/53 529/2531/53 53/119/53
f 2813/2532/53 530/2533/53 529/2531/53
f 2814/2534/53 531/2535/53 530/2533/53
f 2815/2536/53 532/2527/53 531/2535/53
f 622/2537/53 2813/2532/53 621/2530/53
f 2817/2538/172 2814/2534/172 2813/2532/172
f 2818/2539/172 2815/2536/172 2814/2534/172
f 2819/2540/53 2816/2526/53 2815/2536/53
f 622/2537/53 2821/2541/53 2817/2538/53
f 2821/2541/53 2818/2539/53 2817/2538/53
f 2822/2542/53 2819/2540/53 2818/2539/53
f 2819/2540/53 2824/2529/53 2820/2528/53
f 623/2543/53 2825/2544/53 2821/2541/53
f 2821/2541/53 2826/2545/53 2822/2542/53
f 2822/2542/53 2827/2546/53 2823/2547/53
f 2823/2547/53 2828/157/53 2824/2529/53
f 624/156/53 625/2262/53 2825/2544/53
f 2825/2544/53 626/2264/53 2826/2545/53
f 2826/2545/53 627/2266/53 2827/2546/53
f 2827/2546/53 628/2258/53 2828/157/53
f 2832/2548/52 53/119/52 524/2549/52
f 2836/2550/52 621/2530/52 2832/2548/52
f 2840/2551/52 622/2537/52 2836/2550/52
f 2840/2551/52 624/156/52 623/2543/52
f 613/2552/52 521/2553/52 52/116/52
f 2829/2554/52 522/2555/52 521/2553/52
f 2830/2556/52 523/2557/52 522/2555/52
f 2831/2558/52 524/2549/52 523/2557/52
f 614/2559/52 2829/2554/52 613/2552/52
f 2833/2560/52 2830/2556/52 2829/2554/52
f 2834/2561/52 2831/2558/52 2830/2556/52
f 2835/2562/52 2832/2548/52 2831/2558/52
f 614/2559/52 2837/2563/52 2833/2560/52
f 2833/2560/52 2838/2564/52 2834/2561/52
f 2834/2561/52 2839/2565/52 2835/2562/52
f 2835/2562/52 2840/2551/52 2836/2550/52
f 615/2566/52 2841/2567/52 2837/2563/52
f 2837/2563/52 2842/2568/52 2838/2564/52
f 2838/2564/52 2843/2569/52 2839/2565/52
f 2839/2565/52 2844/154/52 2840/2551/52
f 616/153/52 617/2284/52 2841/2567/52
f 2841/2567/52 618/2286/52 2842/2568/52
f 2842/2568/52 619/2288/52 2843/2569/52
f 2843/2569/52 620/2280/52 2844/154/52
f 2848/2570/51 52/116/51 516/2571/51
f 2852/2572/51 613/2552/51 2848/2570/51
f 2852/2572/51 615/2566/51 614/2559/51
f 2856/2573/51 616/153/51 615/2566/51
f 605/2574/51 513/2575/51 51/113/51
f 2845/2576/51 514/2577/51 513/2575/51
f 2846/2578/51 515/2579/51 514/2577/51
f 2847/2580/51 516/2571/51 515/2579/51
f 606/2581/51 2845/2576/51 605/2574/51
f 2849/2582/51 2846/2578/51 2845/2576/51
f 2850/2583/51 2847/2580/51 2846/2578/51
f 2851/2584/51 2848/2570/51 2847/2580/51
f 607/2585/51 2849/2582/51 606/2581/51
f 2849/2582/51 2854/2586/51 2850/2583/51
f 2850/2583/51 2855/2587/51 2851/2584/51
f 2851/2584/51 2856/2573/51 2852/2572/51
f 607/2585/51 2857/2588/51 2853/2589/51
f 2853/2589/51 2858/2590/51 2854/2586/51
f 2854/2586/51 2859/2591/51 2855/2587/51
f 2855/2587/51 2860/151/51 2856/2573/51
f 608/150/51 609/2306/51 2857/2588/51
f 2857/2588/51 610/2308/51 2858/2590/51
f 2858/2590/51 611/2310/51 2859/2591/51
f 2859/2591/51 612/2302/51 2860/151/51
f 2864/2592/173 51/113/173 508/2593/173
f 2868/2594/50 605/2574/50 2864/2592/50
f 2868/2594/50 607/2585/50 606/2581/50
f 2872/2595/50 608/150/50 607/2585/50
f 597/2596/50 505/2597/50 50/110/50
f 2861/2598/50 506/2599/50 505/2597/50
f 2862/2600/50 507/2601/50 506/2599/50
f 2863/2602/173 508/2593/173 507/2601/173
f 598/2603/50 2861/2598/50 597/2596/50
f 2865/2604/50 2862/2600/50 2861/2598/50
f 2866/2605/50 2863/2602/50 2862/2600/50
f 2867/2606/50 2864/2592/50 2863/2602/50
f 599/2607/50 2865/2604/50 598/2603/50
f 2869/2608/50 2866/2605/50 2865/2604/50
f 2870/2609/50 2867/2606/50 2866/2605/50
f 2867/2606/50 2872/2595/50 2868/2594/50
f 599/2607/173 2873/2610/173 2869/2608/173
f 2869/2608/50 2874/2611/50 2870/2609/50
f 2870/2609/50 2875/2612/50 2871/2613/50
f 2871/2613/50 2876/148/50 2872/2595/50
f 600/147/50 601/2328/50 2873/2610/50
f 2873/2610/50 602/2330/50 2874/2611/50
f 2874/2611/173 603/2332/173 2875/2612/173
f 2875/2612/50 604/2324/50 2876/148/50
f 2880/2614/49 50/110/49 500/2615/49
f 2884/2616/49 597/2596/49 2880/2614/49
f 2888/2617/49 598/2603/49 2884/2616/49
f 2888/2617/49 600/147/49 599/2607/49
f 589/2364/49 497/2618/49 49/2365/49
f 2877/2619/49 498/2620/49 497/2618/49
f 2878/2621/49 499/2622/49 498/2620/49
f 2879/2623/49 500/2615/49 499/2622/49
f 590/2367/49 2877/2619/49 589/2364/49
f 2881/2624/49 2878/2621/49 2877/2619/49
f 2882/2625/49 2879/2623/49 2878/2621/49
f 2883/2626/49 2880/2614/49 2879/2623/49
f 591/2369/49 2881/2624/49 590/2367/49
f 2885/2627/49 2882/2625/49 2881/2624/49
f 2886/2628/49 2883/2626/49 2882/2625/49
f 2887/2629/49 2884/2616/49 2883/2626/49
f 591/2369/49 2889/2630/49 2885/2627/49
f 2885/2627/174 2890/2631/174 2886/2628/174
f 2886/2628/49 2891/2632/49 2887/2629/49
f 2887/2629/49 2892/145/49 2888/2617/49
f 592/179/49 593/2349/49 2889/2630/49
f 2889/2630/49 594/2351/49 2890/2631/49
f 2890/2631/49 595/2353/49 2891/2632/49
f 2891/2632/49 596/2346/49 2892/145/49
f 489/106/48 493/2633/48 37/2634/48
f 2896/2635/48 494/2636/48 493/2633/48
f 2900/2637/48 495/2638/48 494/2636/48
f 2908/144/48 495/2638/48 2904/2639/48
f 48/2640/48 2893/2641/48 492/2642/48
f 492/2642/48 2894/2643/48 491/2644/48
f 491/2644/48 2895/2645/48 490/2646/48
f 490/2646/48 2896/2635/48 489/106/48
f 581/2647/48 2897/2648/48 2893/2641/48
f 2893/2641/48 2898/2649/48 2894/2643/48
f 2894/2643/48 2899/2650/48 2895/2645/48
f 2895/2645/48 2900/2637/48 2896/2635/48
f 583/2651/48 2897/2648/48 582/2652/48
f 2901/2653/48 2898/2649/48 2897/2648/48
f 2902/2654/48 2899/2650/48 2898/2649/48
f 2903/2655/48 2900/2637/48 2899/2650/48
f 584/140/48 2901/2653/48 583/2651/48
f 2905/2656/48 2902/2654/48 2901/2653/48
f 2906/2657/48 2903/2655/48 2902/2654/48
f 2907/2658/48 2904/2639/48 2903/2655/48
f 60/2371/48 2905/2656/48 584/140/48
f 588/2373/48 2906/2657/48 2905/2656/48
f 587/2375/48 2907/2658/48 2906/2657/48
f 586/2377/48 2908/144/48 2907/2658/48
f 484/103/47 581/2647/47 48/2640/47
f 2912/2659/47 582/2652/47 581/2647/47
f 2920/2660/47 582/2652/47 2916/2661/47
f 2924/141/175 583/2651/175 2920/2660/175
f 47/2662/175 2909/2663/175 481/2664/175
f 481/2664/175 2910/2665/175 482/2666/175
f 482/2666/47 2911/2667/47 483/2668/47
f 483/2668/47 2912/2659/47 484/103/47
f 573/2669/47 2913/2670/47 2909/2663/47
f 2909/2663/47 2914/2671/47 2910/2665/47
f 2910/2665/47 2915/2672/47 2911/2667/47
f 2911/2667/175 2916/2661/175 2912/2659/175
f 574/2673/47 2917/2674/47 2913/2670/47
f 2917/2674/47 2914/2671/47 2913/2670/47
f 2918/2675/47 2915/2672/47 2914/2671/47
f 2919/2676/47 2916/2661/47 2915/2672/47
f 576/137/47 2917/2674/47 575/2677/47
f 2921/2678/47 2918/2675/47 2917/2674/47
f 2922/2679/47 2919/2676/47 2918/2675/47
f 2923/2680/47 2920/2660/47 2919/2676/47
f 59/2393/47 2921/2678/47 576/137/47
f 577/2395/47 2922/2679/47 2921/2678/47
f 578/2397/47 2923/2680/47 2922/2679/47
f 579/2399/47 2924/141/47 2923/2680/47
f 476/100/46 573/2669/46 47/2662/46
f 2928/2681/46 574/2673/46 573/2669/46
f 2936/2682/46 574/2673/46 2932/2683/46
f 2940/138/46 575/2677/46 2936/2682/46
f 46/2684/46 2925/2685/46 473/2686/46
f 473/2686/46 2926/2687/46 474/2688/46
f 474/2688/46 2927/2689/46 475/2690/46
f 475/2690/46 2928/2681/46 476/100/46
f 565/2691/46 2929/2692/46 2925/2685/46
f 2925/2685/46 2930/2693/46 2926/2687/46
f 2926/2687/46 2931/2694/46 2927/2689/46
f 2927/2689/46 2932/2683/46 2928/2681/46
f 566/2695/46 2933/2696/46 2929/2692/46
f 2929/2692/46 2934/2697/46 2930/2693/46
f 2930/2693/46 2935/2698/46 2931/2694/46
f 2931/2694/46 2936/2682/46 2932/2683/46
f 568/134/46 2933/2696/46 567/2699/46
f 2937/2700/46 2934/2697/46 2933/2696/46
f 2938/2701/46 2935/2698/46 2934/2697/46
f 2939/2702/46 2936/2682/46 2935/2698/46
f 58/2415/46 2937/2700/46 568/134/46
f 569/2417/46 2938/2701/46 2937/2700/46
f 570/2419/46 2939/2702/46 2938/2701/46
f 571/2421/46 2940/138/46 2939/2702/46
f 468/97/45 565/2691/45 46/2684/45
f 2944/2703/45 566/2695/45 565/2691/45
f 2952/2704/45 566/2695/45 2948/2705/45
f 2956/135/45 567/2699/45 2952/2704/45
f 45/2706/45 2941/2707/45 465/2708/45
f 465/2708/45 2942/2709/45 466/2710/45
f 466/2710/45 2943/2711/45 467/2712/45
f 467/2712/45 2944/2703/45 468/97/45
f 557/2713/45 2945/2714/45 2941/2707/45
f 2941/2707/45 2946/2715/45 2942/2709/45
f 2942/2709/45 2947/2716/45 2943/2711/45
f 2943/2711/45 2948/2705/45 2944/2703/45
f 558/2717/45 2949/2718/45 2945/2714/45
f 2949/2718/45 2946/2715/45 2945/2714/45
f 2950/2719/45 2947/2716/45 2946/2715/45
f 2951/2720/45 2948/2705/45 2947/2716/45
f 560/131/45 2949/2718/45 559/2721/45
f 2953/2722/45 2950/2719/45 2949/2718/45
f 2954/2723/45 2951/2720/45 2950/2719/45
f 2955/2724/45 2952/2704/45 2951/2720/45
f 57/2437/45 2953/2722/45 560/131/45
f 561/2439/45 2954/2723/45 2953/2722/45
f 562/2441/45 2955/2724/45 2954/2723/45
f 563/2443/45 2956/135/45 2955/2724/45
f 460/94/44 557/2713/44 45/2706/44
f 2960/2725/44 558/2717/44 557/2713/44
f 2968/2726/44 558/2717/44 2964/2727/44
f 2972/132/44 559/2721/44 2968/2726/44
f 44/2728/44 2957/2729/44 457/2730/44
f 457/2730/176 2958/2731/176 458/2732/176
f 458/2732/44 2959/2733/44 459/2734/44
f 459/2734/44 2960/2725/44 460/94/44
f 549/2735/44 2961/2736/44 2957/2729/44
f 2957/2729/44 2962/2737/44 2958/2731/44
f 2958/2731/44 2963/2738/44 2959/2733/44
f 2959/2733/44 2964/2727/44 2960/2725/44
f 550/2739/44 2965/2740/44 2961/2736/44
f 2961/2736/44 2966/2741/44 2962/2737/44
f 2962/2737/44 2967/2742/44 2963/2738/44
f 2967/2742/44 2964/2727/44 2963/2738/44
f 552/128/44 2965/2740/44 551/2743/44
f 2969/2744/44 2966/2741/44 2965/2740/44
f 2970/2745/44 2967/2742/44 2966/2741/44
f 2971/2746/44 2968/2726/44 2967/2742/44
f 56/2459/176 2969/2744/176 552/128/176
f 553/2461/44 2970/2745/44 2969/2744/44
f 554/2463/44 2971/2746/44 2970/2745/44
f 555/2465/44 2972/132/44 2971/2746/44
f 452/91/43 549/2735/43 44/2728/43
f 2976/2747/43 550/2739/43 549/2735/43
f 2984/2748/43 550/2739/43 2980/2749/43
f 2988/129/43 551/2743/43 2984/2748/43
f 43/2750/43 2973/2751/43 449/2752/43
f 449/2752/43 2974/2753/43 450/2754/43
f 450/2754/43 2975/2755/43 451/2756/43
f 451/2756/43 2976/2747/43 452/91/43
f 541/2757/43 2977/2758/43 2973/2751/43
f 2973/2751/43 2978/2759/43 2974/2753/43
f 2974/2753/43 2979/2760/43 2975/2755/43
f 2975/2755/43 2980/2749/43 2976/2747/43
f 542/2761/43 2981/2762/43 2977/2758/43
f 2977/2758/43 2982/2763/43 2978/2759/43
f 2978/2759/43 2983/2764/43 2979/2760/43
f 2979/2760/43 2984/2748/43 2980/2749/43
f 544/2765/43 2981/2762/43 543/2766/43
f 2985/2767/43 2982/2763/43 2981/2762/43
f 2986/2768/43 2983/2764/43 2982/2763/43
f 2987/2769/43 2984/2748/43 2983/2764/43
f 55/2481/43 2985/2767/43 544/2765/43
f 545/2483/43 2986/2768/43 2985/2767/43
f 546/2485/43 2987/2769/43 2986/2768/43
f 547/2487/43 2988/129/43 2987/2769/43
f 2992/2770/42 43/89/42 444/2771/42
f 2996/2772/42 541/2773/42 2992/2770/42
f 3000/2774/42 542/2775/42 2996/2772/42
f 3000/2774/42 544/126/42 543/2776/42
f 533/2777/42 441/2778/42 42/86/42
f 2989/2779/42 442/2780/42 441/2778/42
f 2990/2781/42 443/2782/42 442/2780/42
f 2991/2783/42 444/2771/42 443/2782/42
f 534/2784/42 2989/2779/42 533/2777/42
f 2993/2785/42 2990/2781/42 2989/2779/42
f 2994/2786/42 2991/2783/42 2990/2781/42
f 2995/2787/42 2992/2770/42 2991/2783/42
f 534/2784/42 2997/2788/42 2993/2785/42
f 2997/2788/42 2994/2786/42 2993/2785/42
f 2998/2789/42 2995/2787/42 2994/2786/42
f 2995/2787/42 3000/2774/42 2996/2772/42
f 535/2790/42 3001/2791/42 2997/2788/42
f 2997/2788/42 3002/2792/42 2998/2789/42
f 2998/2789/42 3003/2793/42 2999/2794/42
f 2999/2794/42 3004/124/42 3000/2774/42
f 536/123/42 537/2509/42 3001/2791/42
f 3001/2791/42 538/2511/42 3002/2792/42
f 3002/2792/42 539/2513/42 3003/2793/42
f 3003/2793/42 540/2502/42 3004/124/42
f 3008/2795/41 42/86/41 436/2796/41
f 3012/2797/41 533/2777/41 3008/2795/41
f 3016/2798/41 534/2784/41 3012/2797/41
f 3016/2798/41 536/123/41 535/2790/41
f 525/2799/41 433/2800/41 41/83/41
f 3005/2801/41 434/2802/41 433/2800/41
f 3006/2803/41 435/2804/41 434/2802/41
f 3007/2805/177 436/2796/177 435/2804/177
f 526/2806/41 3005/2801/41 525/2799/41
f 3009/2807/41 3006/2803/41 3005/2801/41
f 3010/2808/41 3007/2805/41 3006/2803/41
f 3011/2809/41 3008/2795/41 3007/2805/41
f 526/2806/41 3013/2810/41 3009/2807/41
f 3009/2807/41 3014/2811/41 3010/2808/41
f 3010/2808/41 3015/2812/41 3011/2809/41
f 3011/2809/41 3016/2798/41 3012/2797/41
f 527/2813/41 3017/2814/41 3013/2810/41
f 3013/2810/41 3018/2815/41 3014/2811/41
f 3014/2811/41 3019/2816/41 3015/2812/41
f 3015/2812/41 3020/121/41 3016/2798/41
f 528/120/41 529/2531/41 3017/2814/41
f 3017/2814/41 530/2533/41 3018/2815/41
f 3018/2815/41 531/2535/41 3019/2816/41
f 3019/2816/41 532/2527/41 3020/121/41
f 3024/2817/40 41/83/40 428/2818/40
f 3028/2819/40 525/2799/40 3024/2817/40
f 3032/2820/40 526/2806/40 3028/2819/40
f 3032/2820/40 528/120/40 527/2813/40
f 517/2821/40 425/2822/40 40/80/40
f 3021/2823/40 426/2824/40 425/2822/40
f 3022/2825/40 427/2826/40 426/2824/40
f 3023/2827/40 428/2818/40 427/2826/40
f 518/2828/40 3021/2823/40 517/2821/40
f 3025/2829/40 3022/2825/40 3021/2823/40
f 3026/2830/40 3023/2827/40 3022/2825/40
f 3027/2831/40 3024/2817/40 3023/2827/40
f 519/2832/40 3025/2829/40 518/2828/40
f 3029/2833/40 3026/2830/40 3025/2829/40
f 3030/2834/40 3027/2831/40 3026/2830/40
f 3031/2835/40 3028/2819/40 3027/2831/40
f 519/2832/40 3033/2836/40 3029/2833/40
f 3029/2833/40 3034/2837/40 3030/2834/40
f 3030/2834/40 3035/2838/40 3031/2835/40
f 3031/2835/40 3036/118/40 3032/2820/40
f 520/117/40 521/2553/40 3033/2836/40
f 3033/2836/40 522/2555/40 3034/2837/40
f 3034/2837/40 523/2557/40 3035/2838/40
f 3035/2838/40 524/2549/40 3036/118/40
f 3040/2839/39 40/80/39 420/2840/39
f 3044/2841/39 517/2821/39 3040/2839/39
f 3048/2842/39 518/2828/39 3044/2841/39
f 3048/2842/39 520/117/39 519/2832/39
f 509/2843/39 417/2844/39 39/77/39
f 3037/2845/39 418/2846/39 417/2844/39
f 3038/2847/39 419/2848/39 418/2846/39
f 3039/2849/39 420/2840/39 419/2848/39
f 510/2850/39 3037/2845/39 509/2843/39
f 3041/2851/39 3038/2847/39 3037/2845/39
f 3042/2852/39 3039/2849/39 3038/2847/39
f 3043/2853/39 3040/2839/39 3039/2849/39
f 511/2854/39 3041/2851/39 510/2850/39
f 3045/2855/39 3042/2852/39 3041/2851/39
f 3046/2856/39 3043/2853/39 3042/2852/39
f 3047/2857/39 3044/2841/39 3043/2853/39
f 511/2854/39 3049/2858/39 3045/2855/39
f 3045/2855/39 3050/2859/39 3046/2856/39
f 3046/2856/39 3051/2860/39 3047/2857/39
f 3047/2857/39 3052/115/39 3048/2842/39
f 512/114/39 513/2575/39 3049/2858/39
f 3049/2858/39 514/2577/39 3050/2859/39
f 3050/2859/39 515/2579/39 3051/2860/39
f 3051/2860/39 516/2571/39 3052/115/39
f 3056/2861/38 39/77/38 412/2862/38
f 3060/2863/178 509/2843/178 3056/2861/178
f 3064/2864/178 510/2850/178 3060/2863/178
f 3064/2864/178 512/114/178 511/2854/178
f 501/2865/178 409/2866/178 38/74/178
f 3053/2867/38 410/2868/38 409/2866/38
f 3054/2869/178 411/2870/178 410/2868/178
f 3055/2871/38 412/2862/38 411/2870/38
f 502/2872/178 3053/2867/178 501/2865/178
f 3057/2873/38 3054/2869/38 3053/2867/38
f 3058/2874/178 3055/2871/178 3054/2869/178
f 3059/2875/178 3056/2861/178 3055/2871/178
f 503/2876/178 3057/2873/178 502/2872/178
f 3057/2873/178 3062/2877/178 3058/2874/178
f 3058/2874/178 3063/2878/178 3059/2875/178
f 3059/2875/178 3064/2864/178 3060/2863/178
f 503/2876/178 3065/2879/178 3061/2880/178
f 3061/2880/178 3066/2881/178 3062/2877/178
f 3062/2877/178 3067/2882/178 3063/2878/178
f 3063/2878/178 3068/112/178 3064/2864/178
f 504/111/178 505/2597/178 3065/2879/178
f 3065/2879/178 506/2599/178 3066/2881/178
f 3066/2881/178 507/2601/178 3067/2882/178
f 3067/2882/178 508/2593/178 3068/112/178
f 3072/2883/37 38/74/37 404/2884/37
f 3076/2885/37 501/2865/37 3072/2883/37
f 3076/2885/37 503/2876/37 502/2872/37
f 3080/2886/37 504/111/37 503/2876/37
f 493/2633/37 401/2887/37 37/2634/37
f 3069/2888/37 402/2889/37 401/2887/37
f 3070/2890/37 403/2891/37 402/2889/37
f 3071/2892/37 404/2884/37 403/2891/37
f 494/2636/37 3069/2888/37 493/2633/37
f 3073/2893/37 3070/2890/37 3069/2888/37
f 3074/2894/37 3071/2892/37 3070/2890/37
f 3075/2895/37 3072/2883/37 3071/2892/37
f 495/2638/37 3073/2893/37 494/2636/37
f 3077/2896/37 3074/2894/37 3073/2893/37
f 3078/2897/37 3075/2895/37 3074/2894/37
f 3075/2895/37 3080/2886/37 3076/2885/37
f 495/2638/37 3081/2898/37 3077/2896/37
f 3077/2896/37 3082/2899/37 3078/2897/37
f 3078/2897/37 3083/2900/37 3079/2901/37
f 3079/2901/37 3084/109/37 3080/2886/37
f 496/143/37 497/2618/37 3081/2898/37
f 3081/2898/37 498/2620/37 3082/2899/37
f 3082/2899/37 499/2622/37 3083/2900/37
f 3083/2900/37 500/2615/37 3084/109/37
f 393/70/36 397/2902/36 25/2903/36
f 3088/2904/36 398/2905/36 397/2902/36
f 3092/2906/36 399/2907/36 398/2905/36
f 3100/108/36 399/2907/36 3096/2908/36
f 36/2909/36 3085/2910/36 396/2911/36
f 396/2911/36 3086/2912/36 395/2913/36
f 395/2913/36 3087/2914/36 394/2915/36
f 394/2915/36 3088/2904/36 393/70/36
f 485/2916/36 3089/2917/36 3085/2910/36
f 3085/2910/36 3090/2918/36 3086/2912/36
f 3086/2912/36 3091/2919/36 3087/2914/36
f 3087/2914/36 3092/2906/36 3088/2904/36
f 486/2920/36 3093/2921/36 3089/2917/36
f 3093/2921/36 3090/2918/36 3089/2917/36
f 3090/2918/36 3095/2922/36 3091/2919/36
f 3095/2922/36 3092/2906/36 3091/2919/36
f 488/104/36 3093/2921/36 487/2923/36
f 3097/2924/36 3094/2925/36 3093/2921/36
f 3098/2926/36 3095/2922/36 3094/2925/36
f 3099/2927/36 3096/2908/36 3095/2922/36
f 48/2640/36 3097/2924/36 488/104/36
f 492/2642/36 3098/2926/36 3097/2924/36
f 491/2644/36 3099/2927/36 3098/2926/36
f 490/2646/36 3100/108/36 3099/2927/36
f 388/67/35 485/2916/35 36/2909/35
f 3104/2928/179 486/2920/179 485/2916/179
f 3112/2929/179 486/2920/179 3108/2930/179
f 3116/105/179 487/2923/179 3112/2929/179
f 35/2931/179 3101/2932/179 385/2933/179
f 385/2933/179 3102/2934/179 386/2935/179
f 386/2935/179 3103/2936/179 387/2937/179
f 387/2937/179 3104/2928/179 388/67/179
f 477/2938/179 3105/2939/179 3101/2932/179
f 3101/2932/179 3106/2940/179 3102/2934/179
f 3102/2934/179 3107/2941/179 3103/2936/179
f 3103/2936/35 3108/2930/35 3104/2928/35
f 479/2942/179 3105/2939/179 478/2943/179
f 3109/2944/179 3106/2940/179 3105/2939/179
f 3110/2945/179 3107/2941/179 3106/2940/179
f 3111/2946/179 3108/2930/179 3107/2941/179
f 480/101/179 3109/2944/179 479/2942/179
f 3113/2947/179 3110/2945/179 3109/2944/179
f 3114/2948/35 3111/2946/35 3110/2945/35
f 3115/2949/179 3112/2929/179 3111/2946/179
f 47/2662/35 3113/2947/35 480/101/35
f 481/2664/179 3114/2948/179 3113/2947/179
f 482/2666/179 3115/2949/179 3114/2948/179
f 483/2668/179 3116/105/179 3115/2949/179
f 380/64/34 477/2938/34 35/2931/34
f 3120/2950/34 478/2943/34 477/2938/34
f 3128/2951/34 478/2943/34 3124/2952/34
f 3132/102/34 479/2942/34 3128/2951/34
f 34/2953/34 3117/2954/34 377/2955/34
f 377/2955/34 3118/2956/34 378/2957/34
f 378/2957/34 3119/2958/34 379/2959/34
f 379/2959/34 3120/2950/34 380/64/34
f 469/2960/34 3121/2961/34 3117/2954/34
f 3117/2954/34 3122/2962/34 3118/2956/34
f 3118/2956/34 3123/2963/34 3119/2958/34
f 3119/2958/34 3124/2952/34 3120/2950/34
f 471/2964/34 3121/2961/34 470/2965/34
f 3125/2966/34 3122/2962/34 3121/2961/34
f 3126/2967/34 3123/2963/34 3122/2962/34
f 3127/2968/34 3124/2952/34 3123/2963/34
f 472/98/34 3125/2966/34 471/2964/34
f 3129/2969/34 3126/2967/34 3125/2966/34
f 3130/2970/34 3127/2968/34 3126/2967/34
f 3131/2971/34 3128/2951/34 3127/2968/34
f 46/2684/34 3129/2969/34 472/98/34
f 473/2686/34 3130/2970/34 3129/2969/34
f 474/2688/34 3131/2971/34 3130/2970/34
f 475/2690/34 3132/102/34 3131/2971/34
f 372/61/33 469/2960/33 34/2953/33
f 3136/2972/33 470/2965/33 469/2960/33
f 3144/2973/33 470/2965/33 3140/2974/33
f 3148/99/33 471/2964/33 3144/2973/33
f 33/2975/33 3133/2976/33 369/2977/33
f 369/2977/33 3134/2978/33 370/2979/33
f 370/2979/33 3135/2980/33 371/2981/33
f 371/2981/33 3136/2972/33 372/61/33
f 461/2982/33 3137/2983/33 3133/2976/33
f 3133/2976/33 3138/2984/33 3134/2978/33
f 3134/2978/33 3139/2985/33 3135/2980/33
f 3135/2980/33 3140/2974/33 3136/2972/33
f 463/2986/33 3137/2983/33 462/2987/33
f 3141/2988/33 3138/2984/33 3137/2983/33
f 3138/2984/33 3143/2989/33 3139/2985/33
f 3139/2985/33 3144/2973/33 3140/2974/33
f 464/95/33 3141/2988/33 463/2986/33
f 3145/2990/33 3142/2991/33 3141/2988/33
f 3146/2992/33 3143/2989/33 3142/2991/33
f 3147/2993/33 3144/2973/33 3143/2989/33
f 45/2706/33 3145/2990/33 464/95/33
f 465/2708/33 3146/2992/33 3145/2990/33
f 466/2710/33 3147/2993/33 3146/2992/33
f 467/2712/33 3148/99/33 3147/2993/33
f 364/58/32 461/2982/32 33/2975/32
f 3152/2994/32 462/2987/32 461/2982/32
f 3160/2995/32 462/2987/32 3156/2996/32
f 3164/96/32 463/2986/32 3160/2995/32
f 32/2997/32 3149/2998/32 361/2999/32
f 361/2999/32 3150/3000/32 362/3001/32
f 362/3001/32 3151/3002/32 363/3003/32
f 363/3003/32 3152/2994/32 364/58/32
f 453/3004/32 3153/3005/32 3149/2998/32
f 3149/2998/180 3154/3006/180 3150/3000/180
f 3150/3000/32 3155/3007/32 3151/3002/32
f 3151/3002/32 3156/2996/32 3152/2994/32
f 454/3008/180 3157/3009/180 3153/3005/180
f 3153/3005/32 3158/3010/32 3154/3006/32
f 3154/3006/32 3159/3011/32 3155/3007/32
f 3159/3011/32 3156/2996/32 3155/3007/32
f 456/92/32 3157/3009/32 455/3012/32
f 3161/3013/32 3158/3010/32 3157/3009/32
f 3162/3014/32 3159/3011/32 3158/3010/32
f 3163/3015/32 3160/2995/32 3159/3011/32
f 44/2728/32 3161/3013/32 456/92/32
f 457/2730/32 3162/3014/32 3161/3013/32
f 458/2732/32 3163/3015/32 3162/3014/32
f 459/2734/32 3164/96/32 3163/3015/32
f 356/55/31 453/3004/31 32/2997/31
f 3168/3016/31 454/3008/31 453/3004/31
f 3172/3017/31 455/3012/31 454/3008/31
f 3180/93/31 455/3012/31 3176/3018/31
f 31/3019/31 3165/3020/31 353/3021/31
f 353/3021/31 3166/3022/31 354/3023/31
f 354/3023/31 3167/3024/31 355/3025/31
f 355/3025/31 3168/3016/31 356/55/31
f 445/3026/31 3169/3027/31 3165/3020/31
f 3165/3020/31 3170/3028/31 3166/3022/31
f 3166/3022/31 3171/3029/31 3167/3024/31
f 3167/3024/31 3172/3017/31 3168/3016/31
f 446/3030/31 3173/3031/31 3169/3027/31
f 3169/3027/31 3174/3032/31 3170/3028/31
f 3174/3032/31 3171/3029/31 3170/3028/31
f 3175/3033/31 3172/3017/31 3171/3029/31
f 448/3034/31 3173/3031/31 447/3035/31
f 3177/3036/31 3174/3032/31 3173/3031/31
f 3178/3037/31 3175/3033/31 3174/3032/31
f 3179/3038/31 3176/3018/31 3175/3033/31
f 43/2750/31 3177/3036/31 448/3034/31
f 449/2752/31 3178/3037/31 3177/3036/31
f 450/2754/31 3179/3038/31 3178/3037/31
f 451/2756/31 3180/93/31 3179/3038/31
f 3184/3039/30 31/53/30 348/3040/30
f 3188/3041/30 445/3042/30 3184/3039/30
f 3192/3043/30 446/3044/30 3188/3041/30
f 3192/3043/30 448/90/30 447/3045/30
f 437/3046/30 345/3047/30 30/50/30
f 3181/3048/30 346/3049/30 345/3047/30
f 3182/3050/30 347/3051/30 346/3049/30
f 3183/3052/30 348/3040/30 347/3051/30
f 438/3053/30 3181/3048/30 437/3046/30
f 3185/3054/30 3182/3050/30 3181/3048/30
f 3186/3055/30 3183/3052/30 3182/3050/30
f 3187/3056/30 3184/3039/30 3183/3052/30
f 439/3057/30 3185/3054/30 438/3053/30
f 3185/3054/30 3190/3058/30 3186/3055/30
f 3186/3055/30 3191/3059/30 3187/3056/30
f 3191/3059/30 3188/3041/30 3187/3056/30
f 439/3057/30 3193/3060/30 3189/3061/30
f 3189/3061/30 3194/3062/30 3190/3058/30
f 3190/3058/30 3195/3063/30 3191/3059/30
f 3191/3059/30 3196/88/30 3192/3043/30
f 440/87/30 441/2778/30 3193/3060/30
f 3193/3060/30 442/2780/30 3194/3062/30
f 3194/3062/30 443/2782/30 3195/3063/30
f 3195/3063/30 444/2771/30 3196/88/30
f 3200/3064/29 30/50/29 340/3065/29
f 3204/3066/29 437/3046/29 3200/3064/29
f 3208/3067/29 438/3053/29 3204/3066/29
f 3208/3067/29 440/87/29 439/3057/29
f 429/3068/29 337/3069/29 29/47/29
f 3197/3070/29 338/3071/29 337/3069/29
f 3198/3072/29 339/3073/29 338/3071/29
f 3199/3074/29 340/3065/29 339/3073/29
f 430/3075/29 3197/3070/29 429/3068/29
f 3201/3076/29 3198/3072/29 3197/3070/29
f 3202/3077/29 3199/3074/29 3198/3072/29
f 3203/3078/29 3200/3064/29 3199/3074/29
f 431/3079/29 3201/3076/29 430/3075/29
f 3205/3080/181 3202/3077/181 3201/3076/181
f 3206/3081/29 3203/3078/29 3202/3077/29
f 3207/3082/29 3204/3066/29 3203/3078/29
f 431/3079/29 3209/3083/29 3205/3080/29
f 3205/3080/29 3210/3084/29 3206/3081/29
f 3206/3081/29 3211/3085/29 3207/3082/29
f 3207/3082/29 3212/85/29 3208/3067/29
f 432/84/29 433/2800/29 3209/3083/29
f 3209/3083/181 434/2802/181 3210/3084/181
f 3210/3084/29 435/2804/29 3211/3085/29
f 3211/3085/29 436/2796/29 3212/85/29
f 3216/3086/28 29/47/28 332/3087/28
f 3220/3088/28 429/3068/28 3216/3086/28
f 3220/3088/28 431/3079/28 430/3075/28
f 3224/3089/28 432/84/28 431/3079/28
f 421/3090/28 329/3091/28 28/44/28
f 3213/3092/28 330/3093/28 329/3091/28
f 3214/3094/28 331/3095/28 330/3093/28
f 3215/3096/28 332/3087/28 331/3095/28
f 422/3097/28 3213/3092/28 421/3090/28
f 3217/3098/28 3214/3094/28 3213/3092/28
f 3218/3099/28 3215/3096/28 3214/3094/28
f 3219/3100/28 3216/3086/28 3215/3096/28
f 423/3101/28 3217/3098/28 422/3097/28
f 3221/3102/28 3218/3099/28 3217/3098/28
f 3222/3103/28 3219/3100/28 3218/3099/28
f 3223/3104/28 3220/3088/28 3219/3100/28
f 423/3101/28 3225/3105/28 3221/3102/28
f 3221/3102/28 3226/3106/28 3222/3103/28
f 3222/3103/28 3227/3107/28 3223/3104/28
f 3223/3104/28 3228/82/28 3224/3089/28
f 424/81/28 425/2822/28 3225/3105/28
f 3225/3105/28 426/2824/28 3226/3106/28
f 3226/3106/28 427/2826/28 3227/3107/28
f 3227/3107/28 428/2818/28 3228/82/28
f 3232/3108/27 28/44/27 324/3109/27
f 3236/3110/27 421/3090/27 3232/3108/27
f 3236/3110/27 423/3101/27 422/3097/27
f 3240/3111/27 424/81/27 423/3101/27
f 413/3112/27 321/3113/27 27/41/27
f 3229/3114/27 322/3115/27 321/3113/27
f 3230/3116/27 323/3117/27 322/3115/27
f 3231/3118/27 324/3109/27 323/3117/27
f 414/3119/27 3229/3114/27 413/3112/27
f 3233/3120/27 3230/3116/27 3229/3114/27
f 3234/3121/27 3231/3118/27 3230/3116/27
f 3235/3122/27 3232/3108/27 3231/3118/27
f 414/3119/27 3237/3123/27 3233/3120/27
f 3233/3120/27 3238/3124/27 3234/3121/27
f 3234/3121/27 3239/3125/27 3235/3122/27
f 3235/3122/27 3240/3111/27 3236/3110/27
f 415/3126/27 3241/3127/27 3237/3123/27
f 3237/3123/27 3242/3128/27 3238/3124/27
f 3238/3124/27 3243/3129/27 3239/3125/27
f 3239/3125/27 3244/79/27 3240/3111/27
f 416/78/27 417/2844/27 3241/3127/27
f 3241/3127/27 418/2846/27 3242/3128/27
f 3242/3128/27 419/2848/27 3243/3129/27
f 3243/3129/27 420/2840/27 3244/79/27
f 3248/3130/182 27/41/182 316/3131/182
f 3252/3132/26 413/3112/26 3248/3130/26
f 3252/3132/182 415/3126/182 414/3119/182
f 3256/3133/26 416/78/26 415/3126/26
f 405/3134/182 313/3135/182 26/38/182
f 3245/3136/26 314/3137/26 313/3135/26
f 3246/3138/26 315/3139/26 314/3137/26
f 3247/3140/26 316/3131/26 315/3139/26
f 406/3141/26 3245/3136/26 405/3134/26
f 3249/3142/26 3246/3138/26 3245/3136/26
f 3250/3143/26 3247/3140/26 3246/3138/26
f 3251/3144/26 3248/3130/26 3247/3140/26
f 406/3141/26 3253/3145/26 3249/3142/26
f 3253/3145/26 3250/3143/26 3249/3142/26
f 3254/3146/26 3251/3144/26 3250/3143/26
f 3255/3147/182 3252/3132/182 3251/3144/182
f 407/3148/26 3257/3149/26 3253/3145/26
f 3253/3145/182 3258/3150/182 3254/3146/182
f 3254/3146/26 3259/3151/26 3255/3147/26
f 3255/3147/26 3260/76/26 3256/3133/26
f 408/75/26 409/2866/26 3257/3149/26
f 3257/3149/26 410/2868/26 3258/3150/26
f 3258/3150/26 411/2870/26 3259/3151/26
f 3259/3151/26 412/2862/26 3260/76/26
f 3264/3152/25 26/38/25 308/3153/25
f 3268/3154/25 405/3134/25 3264/3152/25
f 3272/3155/25 406/3141/25 3268/3154/25
f 3272/3155/25 408/75/25 407/3148/25
f 397/2902/25 305/3156/25 25/2903/25
f 3261/3157/25 306/3158/25 305/3156/25
f 3262/3159/25 307/3160/25 306/3158/25
f 3263/3161/25 308/3153/25 307/3160/25
f 398/2905/25 3261/3157/25 397/2902/25
f 3265/3162/25 3262/3159/25 3261/3157/25
f 3266/3163/25 3263/3161/25 3262/3159/25
f 3267/3164/25 3264/3152/25 3263/3161/25
f 399/2907/25 3265/3162/25 398/2905/25
f 3269/3165/25 3266/3163/25 3265/3162/25
f 3266/3163/25 3271/3166/25 3267/3164/25
f 3267/3164/25 3272/3155/25 3268/3154/25
f 399/2907/25 3273/3167/25 3269/3165/25
f 3269/3165/25 3274/3168/25 3270/3169/25
f 3270/3169/25 3275/3170/25 3271/3166/25
f 3271/3166/25 3276/73/25 3272/3155/25
f 400/107/25 401/2887/25 3273/3167/25
f 3273/3167/25 402/2889/25 3274/3168/25
f 3274/3168/25 403/2891/25 3275/3170/25
f 3275/3170/25 404/2884/25 3276/73/25
f 297/34/24 301/3171/24 13/3172/24
f 3280/3173/24 302/3174/24 301/3171/24
f 3288/3175/24 302/3174/24 3284/3176/24
f 3292/72/24 303/3177/24 3288/3175/24
f 24/3178/24 3277/3179/24 300/3180/24
f 300/3180/24 3278/3181/24 299/3182/24
f 299/3182/24 3279/3183/24 298/3184/24
f 298/3184/24 3280/3173/24 297/34/24
f 389/3185/24 3281/3186/24 3277/3179/24
f 3277/3179/24 3282/3187/24 3278/3181/24
f 3278/3181/24 3283/3188/24 3279/3183/24
f 3279/3183/24 3284/3176/24 3280/3173/24
f 390/3189/24 3285/3190/24 3281/3186/24
f 3281/3186/24 3286/3191/24 3282/3187/24
f 3282/3187/24 3287/3192/24 3283/3188/24
f 3287/3192/24 3284/3176/24 3283/3188/24
f 392/68/24 3285/3190/24 391/3193/24
f 3289/3194/24 3286/3191/24 3285/3190/24
f 3290/3195/24 3287/3192/24 3286/3191/24
f 3291/3196/24 3288/3175/24 3287/3192/24
f 36/2909/24 3289/3194/24 392/68/24
f 396/2911/24 3290/3195/24 3289/3194/24
f 395/2913/24 3291/3196/24 3290/3195/24
f 394/2915/24 3292/72/24 3291/3196/24
f 292/31/23 389/3185/23 24/3178/23
f 3296/3197/23 390/3189/23 389/3185/23
f 3300/3198/23 391/3193/23 390/3189/23
f 3308/69/183 391/3193/183 3304/3199/183
f 23/3200/183 3293/3201/183 289/3202/183
f 289/3202/23 3294/3203/23 290/3204/23
f 290/3204/23 3295/3205/23 291/3206/23
f 291/3206/23 3296/3197/23 292/31/23
f 381/3207/23 3297/3208/23 3293/3201/23
f 3293/3201/23 3298/3209/23 3294/3203/23
f 3294/3203/23 3299/3210/23 3295/3205/23
f 3295/3205/183 3300/3198/183 3296/3197/183
f 382/3211/183 3301/3212/183 3297/3208/183
f 3297/3208/23 3302/3213/23 3298/3209/23
f 3298/3209/23 3303/3214/23 3299/3210/23
f 3299/3210/23 3304/3199/23 3300/3198/23
f 384/65/23 3301/3212/23 383/3215/23
f 3305/3216/23 3302/3213/23 3301/3212/23
f 3306/3217/23 3303/3214/23 3302/3213/23
f 3307/3218/23 3304/3199/23 3303/3214/23
f 35/2931/183 3305/3216/183 384/65/183
f 385/2933/23 3306/3217/23 3305/3216/23
f 386/2935/23 3307/3218/23 3306/3217/23
f 387/2937/23 3308/69/23 3307/3218/23
f 284/28/22 381/3207/22 23/3200/22
f 3312/3219/22 382/3211/22 381/3207/22
f 3316/3220/22 383/3215/22 382/3211/22
f 3324/66/22 383/3215/22 3320/3221/22
f 22/3222/22 3309/3223/22 281/3224/22
f 281/3224/22 3310/3225/22 282/3226/22
f 282/3226/22 3311/3227/22 283/3228/22
f 283/3228/22 3312/3219/22 284/28/22
f 373/3229/22 3313/3230/22 3309/3223/22
f 3309/3223/22 3314/3231/22 3310/3225/22
f 3310/3225/22 3315/3232/22 3311/3227/22
f 3311/3227/22 3316/3220/22 3312/3219/22
f 374/3233/22 3317/3234/22 3313/3230/22
f 3313/3230/22 3318/3235/22 3314/3231/22
f 3318/3235/22 3315/3232/22 3314/3231/22
f 3315/3232/22 3320/3221/22 3316/3220/22
f 376/62/22 3317/3234/22 375/3236/22
f 3321/3237/22 3318/3235/22 3317/3234/22
f 3322/3238/22 3319/3239/22 3318/3235/22
f 3323/3240/22 3320/3221/22 3319/3239/22
f 34/2953/22 3321/3237/22 376/62/22
f 377/2955/22 3322/3238/22 3321/3237/22
f 378/2957/22 3323/3240/22 3322/3238/22
f 379/2959/22 3324/66/22 3323/3240/22
f 276/25/21 373/3229/21 22/3222/21
f 3328/3241/21 374/3233/21 373/3229/21
f 3336/3242/21 374/3233/21 3332/3243/21
f 3340/63/21 375/3236/21 3336/3242/21
f 21/3244/21 3325/3245/21 273/3246/21
f 273/3246/21 3326/3247/21 274/3248/21
f 274/3248/21 3327/3249/21 275/3250/21
f 275/3250/21 3328/3241/21 276/25/21
f 365/3251/21 3329/3252/21 3325/3245/21
f 3325/3245/21 3330/3253/21 3326/3247/21
f 3326/3247/21 3331/3254/21 3327/3249/21
f 3327/3249/21 3332/3243/21 3328/3241/21
f 367/3255/21 3329/3252/21 366/3256/21
f 3333/3257/21 3330/3253/21 3329/3252/21
f 3334/3258/21 3331/3254/21 3330/3253/21
f 3335/3259/21 3332/3243/21 3331/3254/21
f 368/59/21 3333/3257/21 367/3255/21
f 3337/3260/21 3334/3258/21 3333/3257/21
f 3338/3261/21 3335/3259/21 3334/3258/21
f 3339/3262/21 3336/3242/21 3335/3259/21
f 33/2975/21 3337/3260/21 368/59/21
f 369/2977/21 3338/3261/21 3337/3260/21
f 370/2979/21 3339/3262/21 3338/3261/21
f 371/2981/21 3340/63/21 3339/3262/21
f 268/22/20 365/3251/20 21/3244/20
f 3344/3263/20 366/3256/20 365/3251/20
f 3352/3264/20 366/3256/20 3348/3265/20
f 3356/60/20 367/3255/20 3352/3264/20
f 20/3266/20 3341/3267/20 265/3268/20
f 265/3268/20 3342/3269/20 266/3270/20
f 266/3270/20 3343/3271/20 267/3272/20
f 267/3272/20 3344/3263/20 268/22/20
f 357/3273/20 3345/3274/20 3341/3267/20
f 3341/3267/20 3346/3275/20 3342/3269/20
f 3342/3269/20 3347/3276/20 3343/3271/20
f 3343/3271/184 3348/3265/184 3344/3263/184
f 358/3277/20 3349/3278/20 3345/3274/20
f 3345/3274/20 3350/3279/20 3346/3275/20
f 3346/3275/20 3351/3280/20 3347/3276/20
f 3347/3276/20 3352/3264/20 3348/3265/20
f 360/56/184 3349/3278/184 359/3281/184
f 3353/3282/20 3350/3279/20 3349/3278/20
f 3354/3283/20 3351/3280/20 3350/3279/20
f 3355/3284/20 3352/3264/20 3351/3280/20
f 32/2997/20 3353/3282/20 360/56/20
f 361/2999/20 3354/3283/20 3353/3282/20
f 362/3001/20 3355/3284/20 3354/3283/20
f 363/3003/20 3356/60/20 3355/3284/20
f 260/19/19 357/3273/19 20/3266/19
f 3360/3285/19 358/3277/19 357/3273/19
f 3368/3286/19 358/3277/19 3364/3287/19
f 3372/57/19 359/3281/19 3368/3286/19
f 19/3288/19 3357/3289/19 257/3290/19
f 257/3290/19 3358/3291/19 258/3292/19
f 258/3292/19 3359/3293/19 259/3294/19
f 259/3294/19 3360/3285/19 260/19/19
f 349/3295/19 3361/3296/19 3357/3289/19
f 3357/3289/19 3362/3297/19 3358/3291/19
f 3358/3291/19 3363/3298/19 3359/3293/19
f 3359/3293/19 3364/3287/19 3360/3285/19
f 351/3299/19 3361/3296/19 350/3300/19
f 3361/3296/19 3366/3301/19 3362/3297/19
f 3362/3297/19 3367/3302/19 3363/3298/19
f 3367/3302/19 3364/3287/19 3363/3298/19
f 352/3303/19 3365/3304/19 351/3299/19
f 3369/3305/19 3366/3301/19 3365/3304/19
f 3370/3306/19 3367/3302/19 3366/3301/19
f 3371/3307/19 3368/3286/19 3367/3302/19
f 31/3019/19 3369/3305/19 352/3303/19
f 353/3021/19 3370/3306/19 3369/3305/19
f 354/3023/19 3371/3307/19 3370/3306/19
f 355/3025/19 3372/57/19 3371/3307/19
f 3376/3308/18 19/17/18 252/3309/18
f 3380/3310/18 349/3311/18 3376/3308/18
f 3384/3312/18 350/3313/18 3380/3310/18
f 3384/3312/18 352/54/18 351/3314/18
f 341/3315/18 249/3316/18 18/14/18
f 3373/3317/18 250/3318/18 249/3316/18
f 3374/3319/18 251/3320/18 250/3318/18
f 3375/3321/18 252/3309/18 251/3320/18
f 342/3322/18 3373/3317/18 341/3315/18
f 3377/3323/18 3374/3319/18 3373/3317/18
f 3378/3324/18 3375/3321/18 3374/3319/18
f 3379/3325/18 3376/3308/18 3375/3321/18
f 342/3322/18 3381/3326/18 3377/3323/18
f 3377/3323/18 3382/3327/18 3378/3324/18
f 3378/3324/18 3383/3328/18 3379/3325/18
f 3383/3328/18 3380/3310/18 3379/3325/18
f 343/3329/18 3385/3330/18 3381/3326/18
f 3381/3326/18 3386/3331/18 3382/3327/18
f 3382/3327/18 3387/3332/18 3383/3328/18
f 3383/3328/18 3388/52/18 3384/3312/18
f 344/51/18 345/3047/18 3385/3330/18
f 3385/3330/18 346/3049/18 3386/3331/18
f 3386/3331/18 347/3051/18 3387/3332/18
f 3387/3332/18 348/3040/18 3388/52/18
f 3392/3333/17 18/14/17 244/3334/17
f 3396/3335/17 341/3315/17 3392/3333/17
f 3400/3336/17 342/3322/17 3396/3335/17
f 3400/3336/185 344/51/185 343/3329/185
f 333/3337/17 241/3338/17 17/11/17
f 3389/3339/17 242/3340/17 241/3338/17
f 3390/3341/17 243/3342/17 242/3340/17
f 3391/3343/17 244/3334/17 243/3342/17
f 334/3344/17 3389/3339/17 333/3337/17
f 3393/3345/17 3390/3341/17 3389/3339/17
f 3394/3346/17 3391/3343/17 3390/3341/17
f 3395/3347/17 3392/3333/17 3391/3343/17
f 334/3344/17 3397/3348/17 3393/3345/17
f 3393/3345/17 3398/3349/17 3394/3346/17
f 3398/3349/17 3395/3347/17 3394/3346/17
f 3395/3347/17 3400/3336/17 3396/3335/17
f 335/3350/17 3401/3351/17 3397/3348/17
f 3397/3348/17 3402/3352/17 3398/3349/17
f 3398/3349/17 3403/3353/17 3399/3354/17
f 3399/3354/185 3404/49/185 3400/3336/185
f 336/48/17 337/3069/17 3401/3351/17
f 3401/3351/17 338/3071/17 3402/3352/17
f 3402/3352/17 339/3073/17 3403/3353/17
f 3403/3353/17 340/3065/17 3404/49/17
f 3408/3355/16 17/11/16 236/3356/16
f 3412/3357/16 333/3337/16 3408/3355/16
f 3416/3358/16 334/3344/16 3412/3357/16
f 3416/3358/16 336/48/16 335/3350/16
f 325/3359/16 233/3360/16 16/8/16
f 3405/3361/16 234/3362/16 233/3360/16
f 3406/3363/16 235/3364/16 234/3362/16
f 3407/3365/16 236/3356/16 235/3364/16
f 326/3366/16 3405/3361/16 325/3359/16
f 3409/3367/16 3406/3363/16 3405/3361/16
f 3410/3368/16 3407/3365/16 3406/3363/16
f 3411/3369/16 3408/3355/16 3407/3365/16
f 327/3370/16 3409/3367/16 326/3366/16
f 3413/3371/16 3410/3368/16 3409/3367/16
f 3414/3372/16 3411/3369/16 3410/3368/16
f 3415/3373/16 3412/3357/16 3411/3369/16
f 327/3370/16 3417/3374/16 3413/3371/16
f 3413/3371/16 3418/3375/16 3414/3372/16
f 3414/3372/16 3419/3376/16 3415/3373/16
f 3415/3373/16 3420/46/16 3416/3358/16
f 328/45/16 329/3091/16 3417/3374/16
f 3417/3374/16 330/3093/16 3418/3375/16
f 3418/3375/16 331/3095/16 3419/3376/16
f 3419/3376/16 332/3087/16 3420/46/16
f 3424/3377/15 16/8/15 228/3378/15
f 3428/3379/15 325/3359/15 3424/3377/15
f 3428/3379/15 327/3370/15 326/3366/15
f 3432/3380/15 328/45/15 327/3370/15
f 317/3381/15 225/3382/15 15/5/15
f 3421/3383/15 226/3384/15 225/3382/15
f 3422/3385/15 227/3386/15 226/3384/15
f 3423/3387/15 228/3378/15 227/3386/15
f 318/3388/15 3421/3383/15 317/3381/15
f 3425/3389/15 3422/3385/15 3421/3383/15
f 3426/3390/15 3423/3387/15 3422/3385/15
f 3427/3391/15 3424/3377/15 3423/3387/15
f 318/3388/15 3429/3392/15 3425/3389/15
f 3429/3392/15 3426/3390/15 3425/3389/15
f 3426/3390/15 3431/3393/15 3427/3391/15
f 3427/3391/15 3432/3380/15 3428/3379/15
f 319/3394/15 3433/3395/15 3429/3392/15
f 3429/3392/15 3434/3396/15 3430/3397/15
f 3430/3397/15 3435/3398/15 3431/3393/15
f 3431/3393/15 3436/43/15 3432/3380/15
f 320/42/15 321/3113/15 3433/3395/15
f 3433/3395/15 322/3115/15 3434/3396/15
f 3434/3396/15 323/3117/15 3435/3398/15
f 3435/3398/15 324/3109/15 3436/43/15
f 3440/3399/14 15/5/14 220/3400/14
f 3444/3401/186 317/3381/186 3440/3399/186
f 3444/3401/14 319/3394/14 318/3388/14
f 3448/3402/14 320/42/14 319/3394/14
f 309/3403/186 217/3404/186 14/2/186
f 3437/3405/14 218/3406/14 217/3404/14
f 3438/3407/14 219/3408/14 218/3406/14
f 3439/3409/14 220/3400/14 219/3408/14
f 310/3410/14 3437/3405/14 309/3403/14
f 3441/3411/14 3438/3407/14 3437/3405/14
f 3442/3412/14 3439/3409/14 3438/3407/14
f 3443/3413/14 3440/3399/14 3439/3409/14
f 310/3410/14 3445/3414/14 3441/3411/14
f 3441/3411/14 3446/3415/14 3442/3412/14
f 3442/3412/14 3447/3416/14 3443/3413/14
f 3443/3413/14 3448/3402/14 3444/3401/14
f 311/3417/14 3449/3418/14 3445/3414/14
f 3445/3414/14 3450/3419/14 3446/3415/14
f 3446/3415/14 3451/3420/14 3447/3416/14
f 3447/3416/186 3452/40/186 3448/3402/186
f 312/39/14 313/3135/14 3449/3418/14
f 3449/3418/14 314/3137/14 3450/3419/14
f 3450/3419/14 315/3139/14 3451/3420/14
f 3451/3420/14 316/3131/14 3452/40/14
f 3456/3421/13 14/2/13 212/3422/13
f 3460/3423/13 309/3403/13 3456/3421/13
f 3464/3424/13 310/3410/13 3460/3423/13
f 3464/3424/13 312/39/13 311/3417/13
f 301/3171/13 209/3425/13 13/3172/13
f 3453/3426/13 210/3427/13 209/3425/13
f 3454/3428/13 211/3429/13 210/3427/13
f 3455/3430/13 212/3422/13 211/3429/13
f 302/3174/13 3453/3426/13 301/3171/13
f 3457/3431/13 3454/3428/13 3453/3426/13
f 3458/3432/13 3455/3430/13 3454/3428/13
f 3459/3433/13 3456/3421/13 3455/3430/13
f 303/3177/13 3457/3431/13 302/3174/13
f 3457/3431/13 3462/3434/13 3458/3432/13
f 3458/3432/13 3463/3435/13 3459/3433/13
f 3463/3435/13 3460/3423/13 3459/3433/13
f 303/3177/13 3465/3436/13 3461/3437/13
f 3461/3437/13 3466/3438/13 3462/3434/13
f 3462/3434/13 3467/3439/13 3463/3435/13
f 3463/3435/13 3468/37/13 3464/3424/13
f 304/71/13 305/3156/13 3465/3436/13
f 3465/3436/13 306/3158/13 3466/3438/13
f 3466/3438/13 307/3160/13 3467/3439/13
f 3467/3439/13 308/3153/13 3468/37/13
f 201/3440/12 205/3441/12 1/3442/12
f 3472/3443/12 206/3444/12 205/3441/12
f 3476/3445/12 207/3446/12 206/3444/12
f 3484/36/12 207/3446/12 3480/3447/12
f 12/3448/12 3469/3449/12 204/3450/12
f 204/3450/12 3470/3451/12 203/3452/12
f 203/3452/12 3471/3453/12 202/3454/12
f 202/3454/12 3472/3443/12 201/3440/12
f 293/3455/12 3473/3456/12 3469/3449/12
f 3469/3449/12 3474/3457/12 3470/3451/12
f 3470/3451/12 3475/3458/12 3471/3453/12
f 3471/3453/12 3476/3445/12 3472/3443/12
f 295/3459/12 3473/3456/12 294/3460/12
f 3477/3461/12 3474/3457/12 3473/3456/12
f 3478/3462/12 3475/3458/12 3474/3457/12
f 3479/3463/12 3476/3445/12 3475/3458/12
f 296/32/12 3477/3461/12 295/3459/12
f 3481/3464/12 3478/3462/12 3477/3461/12
f 3482/3465/12 3479/3463/12 3478/3462/12
f 3483/3466/12 3480/3447/12 3479/3463/12
f 24/3178/12 3481/3464/12 296/32/12
f 300/3180/12 3482/3465/12 3481/3464/12
f 299/3182/12 3483/3466/12 3482/3465/12
f 298/3184/12 3484/36/12 3483/3466/12
f 200/3467/187 293/3455/187 12/3448/187
f 3488/3468/188 294/3460/188 293/3455/188
f 3496/3469/11 294/3460/11 3492/3470/11
f 3500/33/11 295/3459/11 3496/3469/11
f 11/3471/188 3485/3472/188 197/3473/188
f 197/3473/11 3486/3474/11 198/3475/11
f 198/3475/11 3487/3476/11 199/3477/11
f 199/3477/188 3488/3468/188 200/3467/188
f 285/3478/11 3489/3479/11 3485/3472/11
f 3485/3472/11 3490/3480/11 3486/3474/11
f 3486/3474/11 3491/3481/11 3487/3476/11
f 3487/3476/11 3492/3470/11 3488/3468/11
f 286/3482/188 3493/3483/188 3489/3479/188
f 3493/3483/187 3490/3480/187 3489/3479/187
f 3490/3480/11 3495/3484/11 3491/3481/11
f 3491/3481/188 3496/3469/188 3492/3470/188
f 288/29/188 3493/3483/188 287/3485/188
f 3497/3486/11 3494/3487/11 3493/3483/11
f 3498/3488/188 3495/3484/188 3494/3487/188
f 3499/3489/188 3496/3469/188 3495/3484/188
f 23/3200/11 3497/3486/11 288/29/11
f 289/3202/11 3498/3488/11 3497/3486/11
f 290/3204/11 3499/3489/11 3498/3488/11
f 291/3206/11 3500/33/11 3499/3489/11
f 196/3490/10 285/3478/10 11/3471/10
f 3504/3491/10 286/3482/10 285/3478/10
f 3508/3492/10 287/3485/10 286/3482/10
f 3516/30/10 287/3485/10 3512/3493/10
f 10/3494/10 3501/3495/10 193/3496/10
f 193/3496/10 3502/3497/10 194/3498/10
f 194/3498/10 3503/3499/10 195/3500/10
f 195/3500/10 3504/3491/10 196/3490/10
f 277/3501/10 3505/3502/10 3501/3495/10
f 3501/3495/10 3506/3503/10 3502/3497/10
f 3502/3497/10 3507/3504/10 3503/3499/10
f 3503/3499/10 3508/3492/10 3504/3491/10
f 278/3505/10 3509/3506/10 3505/3502/10
f 3505/3502/10 3510/3507/10 3506/3503/10
f 3510/3507/10 3507/3504/10 3506/3503/10
f 3511/3508/10 3508/3492/10 3507/3504/10
f 280/26/10 3509/3506/10 279/3509/10
f 3513/3510/10 3510/3507/10 3509/3506/10
f 3514/3511/10 3511/3508/10 3510/3507/10
f 3515/3512/10 3512/3493/10 3511/3508/10
f 22/3222/10 3513/3510/10 280/26/10
f 281/3224/10 3514/3511/10 3513/3510/10
f 282/3226/10 3515/3512/10 3514/3511/10
f 283/3228/10 3516/30/10 3515/3512/10
f 192/3513/9 277/3501/9 10/3494/9
f 3520/3514/9 278/3505/9 277/3501/9
f 3524/3515/9 279/3509/9 278/3505/9
f 3532/27/9 279/3509/9 3528/3516/9
f 9/3517/9 3517/3518/9 189/3519/9
f 189/3519/9 3518/3520/9 190/3521/9
f 190/3521/9 3519/3522/9 191/3523/9
f 191/3523/9 3520/3514/9 192/3513/9
f 269/3524/9 3521/3525/9 3517/3518/9
f 3517/3518/9 3522/3526/9 3518/3520/9
f 3518/3520/9 3523/3527/9 3519/3522/9
f 3519/3522/9 3524/3515/9 3520/3514/9
f 271/3528/9 3521/3525/9 270/3529/9
f 3525/3530/9 3522/3526/9 3521/3525/9
f 3522/3526/9 3527/3531/9 3523/3527/9
f 3523/3527/9 3528/3516/9 3524/3515/9
f 272/23/9 3525/3530/9 271/3528/9
f 3529/3532/9 3526/3533/9 3525/3530/9
f 3530/3534/9 3527/3531/9 3526/3533/9
f 3531/3535/9 3528/3516/9 3527/3531/9
f 21/3244/9 3529/3532/9 272/23/9
f 273/3246/9 3530/3534/9 3529/3532/9
f 274/3248/9 3531/3535/9 3530/3534/9
f 275/3250/9 3532/27/9 3531/3535/9
f 188/3536/189 269/3524/189 9/3517/189
f 3536/3537/8 270/3529/8 269/3524/8
f 3540/3538/189 271/3528/189 270/3529/189
f 3548/24/189 271/3528/189 3544/3539/189
f 8/3540/8 3533/3541/8 185/3542/8
f 185/3542/8 3534/3543/8 186/3544/8
f 186/3544/8 3535/3545/8 187/3546/8
f 187/3546/189 3536/3537/189 188/3536/189
f 261/3547/189 3537/3548/189 3533/3541/189
f 3533/3541/190 3538/3549/190 3534/3543/190
f 3534/3543/8 3539/3550/8 3535/3545/8
f 3535/3545/189 3540/3538/189 3536/3537/189
f 263/3551/8 3537/3548/8 262/3552/8
f 3537/3548/189 3542/3553/189 3538/3549/189
f 3538/3549/8 3543/3554/8 3539/3550/8
f 3539/3550/189 3544/3539/189 3540/3538/189
f 264/20/190 3541/3555/190 263/3551/190
f 3545/3556/190 3542/3553/190 3541/3555/190
f 3546/3557/8 3543/3554/8 3542/3553/8
f 3547/3558/8 3544/3539/8 3543/3554/8
f 20/3266/8 3545/3556/8 264/20/8
f 265/3268/189 3546/3557/189 3545/3556/189
f 266/3270/8 3547/3558/8 3546/3557/8
f 267/3272/190 3548/24/190 3547/3558/190
f 184/3559/7 261/3547/7 8/3540/7
f 3552/3560/7 262/3552/7 261/3547/7
f 3556/3561/7 263/3551/7 262/3552/7
f 3564/21/7 263/3551/7 3560/3562/7
f 7/3563/7 3549/3564/7 181/3565/7
f 181/3565/7 3550/3566/7 182/3567/7
f 182/3567/7 3551/3568/7 183/3569/7
f 183/3569/7 3552/3560/7 184/3559/7
f 253/3570/7 3553/3571/7 3549/3564/7
f 3549/3564/7 3554/3572/7 3550/3566/7
f 3550/3566/7 3555/3573/7 3551/3568/7
f 3551/3568/7 3556/3561/7 3552/3560/7
f 255/3574/7 3553/3571/7 254/3575/7
f 3557/3576/7 3554/3572/7 3553/3571/7
f 3554/3572/7 3559/3577/7 3555/3573/7
f 3559/3577/7 3556/3561/7 3555/3573/7
f 256/3578/7 3557/3576/7 255/3574/7
f 3561/3579/7 3558/3580/7 3557/3576/7
f 3562/3581/7 3559/3577/7 3558/3580/7
f 3563/3582/7 3560/3562/7 3559/3577/7
f 19/3288/7 3561/3579/7 256/3578/7
f 257/3290/7 3562/3581/7 3561/3579/7
f 258/3292/7 3563/3582/7 3562/3581/7
f 259/3294/7 3564/21/7 3563/3582/7
f 3568/3583/6 7/3584/6 180/3585/6
f 3572/3586/6 253/3587/6 3568/3583/6
f 3576/3588/6 254/3589/6 3572/3586/6
f 3576/3588/6 256/18/6 255/3590/6
f 245/3591/6 177/3592/6 6/3593/6
f 3565/3594/6 178/3595/6 177/3592/6
f 3566/3596/6 179/3597/6 178/3595/6
f 3567/3598/6 180/3585/6 179/3597/6
f 246/3599/6 3565/3594/6 245/3591/6
f 3569/3600/6 3566/3596/6 3565/3594/6
f 3570/3601/6 3567/3598/6 3566/3596/6
f 3571/3602/6 3568/3583/6 3567/3598/6
f 247/3603/6 3569/3600/6 246/3599/6
f 3569/3600/6 3574/3604/6 3570/3601/6
f 3574/3604/6 3571/3602/6 3570/3601/6
f 3571/3602/6 3576/3588/6 3572/3586/6
f 247/3603/6 3577/3605/6 3573/3606/6
f 3573/3606/6 3578/3607/6 3574/3604/6
f 3574/3604/6 3579/3608/6 3575/3609/6
f 3575/3609/6 3580/16/6 3576/3588/6
f 248/15/6 249/3316/6 3577/3605/6
f 3577/3605/6 250/3318/6 3578/3607/6
f 3578/3607/6 251/3320/6 3579/3608/6
f 3579/3608/6 252/3309/6 3580/16/6
f 3584/3610/5 6/3593/5 176/3611/5
f 3588/3612/5 245/3591/5 3584/3610/5
f 3588/3612/191 247/3603/191 246/3599/191
f 3592/3613/5 248/15/5 247/3603/5
f 237/3614/191 173/3615/191 5/3616/191
f 3581/3617/191 174/3618/191 173/3615/191
f 3582/3619/5 175/3620/5 174/3618/5
f 3583/3621/5 176/3611/5 175/3620/5
f 238/3622/5 3581/3617/5 237/3614/5
f 3585/3623/5 3582/3619/5 3581/3617/5
f 3586/3624/5 3583/3621/5 3582/3619/5
f 3587/3625/5 3584/3610/5 3583/3621/5
f 238/3622/5 3589/3626/5 3585/3623/5
f 3585/3623/5 3590/3627/5 3586/3624/5
f 3586/3624/5 3591/3628/5 3587/3625/5
f 3587/3625/5 3592/3613/5 3588/3612/5
f 239/3629/191 3593/3630/191 3589/3626/191
f 3589/3626/5 3594/3631/5 3590/3627/5
f 3590/3627/5 3595/3632/5 3591/3628/5
f 3591/3628/5 3596/13/5 3592/3613/5
f 240/12/192 241/3338/192 3593/3630/192
f 3593/3630/5 242/3340/5 3594/3631/5
f 3594/3631/191 243/3342/191 3595/3632/191
f 3595/3632/5 244/3334/5 3596/13/5
f 3600/3633/4 5/3616/4 172/3634/4
f 3604/3635/4 237/3614/4 3600/3633/4
f 3604/3635/4 239/3629/4 238/3622/4
f 3608/3636/4 240/12/4 239/3629/4
f 229/3637/4 169/3638/4 4/3639/4
f 3597/3640/4 170/3641/4 169/3638/4
f 3598/3642/4 171/3643/4 170/3641/4
f 3599/3644/4 172/3634/4 171/3643/4
f 230/3645/4 3597/3640/4 229/3637/4
f 3601/3646/4 3598/3642/4 3597/3640/4
f 3602/3647/4 3599/3644/4 3598/3642/4
f 3603/3648/4 3600/3633/4 3599/3644/4
f 231/3649/4 3601/3646/4 230/3645/4
f 3605/3650/4 3602/3647/4 3601/3646/4
f 3602/3647/4 3607/3651/4 3603/3648/4
f 3603/3648/4 3608/3636/4 3604/3635/4
f 231/3649/4 3609/3652/4 3605/3650/4
f 3605/3650/4 3610/3653/4 3606/3654/4
f 3606/3654/4 3611/3655/4 3607/3651/4
f 3607/3651/4 3612/10/4 3608/3636/4
f 232/9/4 233/3360/4 3609/3652/4
f 3609/3652/4 234/3362/4 3610/3653/4
f 3610/3653/4 235/3364/4 3611/3655/4
f 3611/3655/4 236/3356/4 3612/10/4
f 3616/3656/3 4/3639/3 168/3657/3
f 3620/3658/3 229/3637/3 3616/3656/3
f 3624/3659/3 230/3645/3 3620/3658/3
f 3624/3659/3 232/9/3 231/3649/3
f 221/3660/3 165/3661/3 3/3662/3
f 3613/3663/3 166/3664/3 165/3661/3
f 3614/3665/3 167/3666/3 166/3664/3
f 3615/3667/3 168/3657/3 167/3666/3
f 222/3668/3 3613/3663/3 221/3660/3
f 3617/3669/3 3614/3665/3 3613/3663/3
f 3618/3670/3 3615/3667/3 3614/3665/3
f 3619/3671/3 3616/3656/3 3615/3667/3
f 223/3672/3 3617/3669/3 222/3668/3
f 3621/3673/3 3618/3670/3 3617/3669/3
f 3622/3674/3 3619/3671/3 3618/3670/3
f 3623/3675/3 3620/3658/3 3619/3671/3
f 223/3672/3 3625/3676/3 3621/3673/3
f 3621/3673/3 3626/3677/3 3622/3674/3
f 3622/3674/3 3627/3678/3 3623/3675/3
f 3623/3675/3 3628/7/3 3624/3659/3
f 224/6/3 225/3382/3 3625/3676/3
f 3625/3676/3 226/3384/3 3626/3677/3
f 3626/3677/3 227/3386/3 3627/3678/3
f 3627/3678/3 228/3378/3 3628/7/3
f 3632/3679/2 3/3662/2 164/3680/2
f 3636/3681/193 221/3660/193 3632/3679/193
f 3636/3681/194 223/3672/194 222/3668/194
f 3640/3682/193 224/6/193 223/3672/193
f 213/3683/194 161/3684/194 2/3685/194
f 3629/3686/2 162/3687/2 161/3684/2
f 3630/3688/194 163/3689/194 162/3687/194
f 3631/3690/193 164/3680/193 163/3689/193
f 214/3691/193 3629/3686/193 213/3683/193
f 3633/3692/194 3630/3688/194 3629/3686/194
f 3634/3693/193 3631/3690/193 3630/3688/193
f 3635/3694/193 3632/3679/193 3631/3690/193
f 214/3691/193 3637/3695/193 3633/3692/193
f 3633/3692/193 3638/3696/193 3634/3693/193
f 3638/3696/194 3635/3694/194 3634/3693/194
f 3635/3694/194 3640/3682/194 3636/3681/194
f 215/3697/2 3641/3698/2 3637/3695/2
f 3637/3695/2 3642/3699/2 3638/3696/2
f 3638/3696/193 3643/3700/193 3639/3701/193
f 3639/3701/2 3644/4/2 3640/3682/2
f 216/3/194 217/3404/194 3641/3698/194
f 3641/3698/193 218/3406/193 3642/3699/193
f 3642/3699/194 219/3408/194 3643/3700/194
f 3643/3700/2 220/3400/2 3644/4/2
f 3648/3702/1 2/3685/1 160/3703/1
f 3652/3704/1 213/3683/1 3648/3702/1
f 3656/3705/1 214/3691/1 3652/3704/1
f 3656/3705/1 216/3/1 215/3697/1
f 205/3441/1 157/3706/1 1/3442/1
f 3645/3707/1 158/3708/1 157/3706/1
f 3646/3709/1 159/3710/1 158/3708/1
f 3647/3711/1 160/3703/1 159/3710/1
f 206/3444/1 3645/3707/1 205/3441/1
f 3649/3712/1 3646/3709/1 3645/3707/1
f 3650/3713/1 3647/3711/1 3646/3709/1
f 3651/3714/1 3648/3702/1 3647/3711/1
f 207/3446/1 3649/3712/1 206/3444/1
f 3653/3715/1 3650/3713/1 3649/3712/1
f 3654/3716/1 3651/3714/1 3650/3713/1
f 3655/3717/1 3652/3704/1 3651/3714/1
f 207/3446/1 3657/3718/1 3653/3715/1
f 3653/3715/1 3658/3719/1 3654/3716/1
f 3654/3716/1 3659/3720/1 3655/3717/1
f 3655/3717/1 3660/1/1 3656/3705/1
f 208/35/1 209/3425/1 3657/3718/1
f 3657/3718/1 210/3427/1 3658/3719/1
f 3658/3719/1 211/3429/1 3659/3720/1
f 3659/3720/1 212/3422/1 3660/1/1
f 3660/1/1 212/3422/1 14/2/1
f 3644/4/193 220/3400/193 15/5/193
f 3628/7/3 228/3378/3 16/8/3
f 3612/10/4 236/3356/4 17/11/4
f 3596/13/192 244/3334/192 18/14/192
f 3580/16/6 252/3309/6 19/17/6
f 260/19/7 20/3266/7 264/20/7
f 268/22/190 21/3244/190 272/23/190
f 276/25/9 22/3222/9 280/26/9
f 284/28/10 23/3200/10 288/29/10
f 292/31/11 24/3178/11 296/32/11
f 297/34/12 13/3172/12 208/35/12
f 3468/37/13 308/3153/13 26/38/13
f 3452/40/14 316/3131/14 27/41/14
f 3436/43/15 324/3109/15 28/44/15
f 3420/46/16 332/3087/16 29/47/16
f 3404/49/17 340/3065/17 30/50/17
f 3388/52/18 348/3040/18 31/53/18
f 356/55/19 32/2997/19 360/56/19
f 364/58/20 33/2975/20 368/59/20
f 372/61/21 34/2953/21 376/62/21
f 380/64/22 35/2931/22 384/65/22
f 388/67/183 36/2909/183 392/68/183
f 393/70/24 25/2903/24 304/71/24
f 3276/73/25 404/2884/25 38/74/25
f 3260/76/182 412/2862/182 39/77/182
f 3244/79/27 420/2840/27 40/80/27
f 3228/82/28 428/2818/28 41/83/28
f 3212/85/181 436/2796/181 42/86/181
f 3196/88/30 444/2771/30 43/89/30
f 452/91/31 44/2728/31 456/92/31
f 460/94/32 45/2706/32 464/95/32
f 468/97/33 46/2684/33 472/98/33
f 476/100/34 47/2662/34 480/101/34
f 484/103/179 48/2640/179 488/104/179
f 489/106/36 37/2634/36 400/107/36
f 3084/109/37 500/2615/37 50/110/37
f 3068/112/178 508/2593/178 51/113/178
f 3052/115/39 516/2571/39 52/116/39
f 3036/118/40 524/2549/40 53/119/40
f 3020/121/41 532/2527/41 54/122/41
f 3004/124/42 540/2502/42 55/125/42
f 548/127/43 56/2459/43 552/128/43
f 556/130/44 57/2437/44 560/131/44
f 564/133/45 58/2415/45 568/134/45
f 572/136/46 59/2393/46 576/137/46
f 580/139/47 60/2371/47 584/140/47
f 585/142/48 49/2365/48 496/143/48
f 2892/145/49 596/2346/49 62/146/49
f 2876/148/50 604/2324/50 63/149/50
f 2860/151/51 612/2302/51 64/152/51
f 2844/154/52 620/2280/52 65/155/52
f 2828/157/53 628/2258/53 66/158/53
f 2812/160/54 636/2233/54 67/161/54
f 644/163/55 68/2190/55 648/164/55
f 652/166/56 69/2168/56 656/167/56
f 660/169/57 70/2146/57 664/170/57
f 668/172/58 71/2124/58 672/173/58
f 676/175/59 72/2102/59 680/176/59
f 681/178/60 61/2096/60 592/179/60
f 2700/181/61 692/2077/61 74/182/61
f 2684/184/62 700/2055/62 75/185/62
f 2668/187/63 708/2033/63 76/188/63
f 2652/190/64 716/2011/64 77/191/64
f 2636/193/65 724/1989/65 78/194/65
f 2620/196/66 732/1964/66 79/197/66
f 740/199/67 80/1921/67 744/200/67
f 748/202/68 81/1899/68 752/203/68
f 756/205/69 82/1877/69 760/206/69
f 764/208/70 83/1855/70 768/209/70
f 772/211/166 84/1833/166 776/212/166
f 777/214/72 73/1827/72 688/215/72
f 2508/217/73 788/1808/73 86/218/73
f 2492/220/74 796/1786/74 87/221/74
f 2476/223/75 804/1764/75 88/224/75
f 2460/226/76 812/1742/76 89/227/76
f 2444/229/164 820/1720/164 90/230/164
f 2428/232/78 828/1695/78 91/233/78
f 836/235/79 92/1652/79 840/236/79
f 844/238/80 93/1630/80 848/239/80
f 852/241/81 94/1608/81 856/242/81
f 860/244/82 95/1586/82 864/245/82
f 868/247/83 96/1564/83 872/248/83
f 873/250/84 85/1558/84 784/251/84
f 2316/253/85 884/1539/85 98/254/85
f 2300/256/160 892/1517/160 99/257/160
f 2284/259/87 900/1495/87 100/260/87
f 2268/262/88 908/1473/88 101/263/88
f 2252/265/89 916/1451/89 102/266/89
f 2236/268/90 924/1426/90 103/269/90
f 932/271/91 104/1383/91 936/272/91
f 940/274/92 105/1361/92 944/275/92
f 948/277/93 106/1339/93 952/278/93
f 956/280/94 107/1317/94 960/281/94
f 964/283/95 108/1295/95 968/284/95
f 969/286/96 97/1289/96 880/287/96
f 2124/289/97 980/1270/97 110/290/97
f 2108/292/98 988/1248/98 111/293/98
f 2092/295/99 996/1226/99 112/296/99
f 2076/298/100 1004/1204/100 113/299/100
f 2060/301/101 1012/1182/101 114/302/101
f 2044/304/102 1020/1157/102 115/305/102
f 1028/307/103 116/1114/103 1032/308/103
f 1036/310/104 117/1092/104 1040/311/104
f 1044/313/105 118/1070/105 1048/314/105
f 1052/316/106 119/1048/106 1056/317/106
f 1060/319/152 120/1026/152 1064/320/152
f 1065/322/108 109/1020/108 976/323/108
f 1932/325/109 1076/1001/109 122/326/109
f 1916/328/110 1084/979/110 123/329/110
f 1900/331/111 1092/957/111 124/332/111
f 1884/334/112 1100/935/112 125/335/112
f 1868/337/113 1108/913/113 126/338/113
f 1852/340/114 1116/888/114 127/341/114
f 1124/343/115 128/845/115 1128/344/115
f 1132/346/116 129/823/116 1136/347/116
f 1140/349/117 130/801/117 1144/350/117
f 1148/352/118 131/779/118 1152/353/118
f 1156/355/119 132/757/119 1160/356/119
f 1161/358/120 121/751/120 1072/359/120
f 1740/361/121 1172/728/121 134/362/121
f 1724/364/122 1180/702/122 135/365/122
f 1708/367/123 1188/676/123 136/368/123
f 1692/370/124 1196/650/124 137/371/124
f 1676/373/125 1204/624/125 138/374/125
f 1660/376/126 1212/595/126 139/377/126
f 1220/379/127 140/544/127 1224/380/127
f 1228/382/128 141/518/128 1232/383/128
f 1236/385/129 142/492/129 1240/386/129
f 1244/388/130 143/466/130 1248/389/130
f 1252/391/131 144/440/131 1256/392/131
f 1257/394/132 133/434/132 1168/395/132
f 1548/397/133 1268/749/133 146/398/133
f 1532/400/134 1276/726/134 147/401/134
f 1516/403/135 1284/700/135 148/404/135
f 1500/406/136 1292/674/136 149/407/136
f 1484/409/137 1300/648/137 150/410/137
f 1468/412/138 1308/622/138 151/413/138
f 1316/415/139 152/563/139 1320/416/139
f 1324/418/140 153/537/140 1328/419/140
f 1332/421/141 154/511/141 1336/422/141
f 1340/424/142 155/485/142 1344/425/142
f 1348/427/143 156/459/143 1352/428/143
f 1353/430/144 145/3721/144 1264/431/144
f 1257/394/144 1360/435/144 1261/433/144
f 1360/435/144 1364/438/144 1262/436/144
f 1368/437/144 1263/439/144 1262/436/144
f 1372/432/144 1264/431/144 1263/439/144
f 144/440/144 1349/447/144 1357/441/144
f 1260/442/144 1357/441/144 1358/443/144
f 1259/444/144 1358/443/144 1359/445/144
f 1258/446/144 1359/445/144 1360/435/144
f 1349/447/144 1350/452/144 1361/448/144
f 1357/441/144 1361/448/144 1362/449/144
f 1358/443/144 1362/449/144 1363/450/144
f 1359/445/144 1363/450/144 1364/438/144
f 1351/451/144 1365/453/144 1361/448/144
f 1365/453/144 1366/454/144 1362/449/144
f 1366/454/144 1367/455/144 1363/450/144
f 1367/455/144 1368/437/144 1364/438/144
f 1352/428/144 1369/456/144 1365/453/144
f 1369/456/144 1370/457/144 1366/454/144
f 1370/457/144 1371/458/144 1367/455/144
f 1371/458/144 1372/432/144 1368/437/144
f 156/459/144 1356/460/144 1369/456/144
f 1356/460/144 1355/461/144 1370/457/144
f 1355/461/144 1354/462/144 1371/458/144
f 1354/462/144 1353/430/144 1372/432/144
f 1252/391/143 1376/463/143 1349/447/143
f 1376/463/143 1380/464/143 1350/452/143
f 1380/464/143 1384/465/143 1351/451/143
f 1388/429/195 1352/428/195 1351/451/195
f 143/466/143 1341/473/143 1373/467/143
f 1249/468/143 1373/467/143 1374/469/143
f 1250/470/143 1374/469/143 1375/471/143
f 1251/472/143 1375/471/143 1376/463/143
f 1341/473/143 1342/478/143 1377/474/143
f 1373/467/143 1377/474/143 1378/475/143
f 1374/469/143 1378/475/143 1379/476/143
f 1375/471/143 1379/476/143 1380/464/143
f 1343/477/143 1381/479/143 1377/474/143
f 1381/479/143 1382/482/143 1378/475/143
f 1378/475/143 1382/482/143 1383/480/143
f 1379/476/143 1383/480/143 1384/465/143
f 1344/425/143 1385/481/143 1381/479/143
f 1385/481/143 1386/483/143 1382/482/143
f 1386/483/143 1387/484/143 1383/480/143
f 1387/484/143 1388/429/143 1384/465/143
f 155/485/143 1345/486/143 1385/481/143
f 1345/486/143 1346/487/143 1386/483/143
f 1346/487/143 1347/488/143 1387/484/143
f 1347/488/143 1348/427/143 1388/429/143
f 1244/388/142 1392/489/142 1341/473/142
f 1392/489/142 1396/491/142 1342/478/142
f 1400/490/142 1343/477/142 1342/478/142
f 1404/426/142 1344/425/142 1343/477/142
f 142/492/142 1333/499/142 1389/493/142
f 1241/494/142 1389/493/142 1390/495/142
f 1242/496/142 1390/495/142 1391/497/142
f 1243/498/142 1391/497/142 1392/489/142
f 1333/499/142 1334/504/142 1393/500/142
f 1389/493/142 1393/500/142 1394/501/142
f 1390/495/142 1394/501/142 1395/502/142
f 1391/497/142 1395/502/142 1396/491/142
f 1335/503/142 1397/507/142 1393/500/142
f 1393/500/142 1397/507/142 1398/505/142
f 1394/501/142 1398/505/142 1399/506/142
f 1395/502/142 1399/506/142 1400/490/142
f 1336/422/142 1401/508/142 1397/507/142
f 1401/508/142 1402/509/142 1398/505/142
f 1402/509/142 1403/510/142 1399/506/142
f 1403/510/142 1404/426/142 1400/490/142
f 154/511/142 1337/512/142 1401/508/142
f 1337/512/142 1338/513/142 1402/509/142
f 1338/513/142 1339/514/142 1403/510/142
f 1339/514/142 1340/424/142 1404/426/142
f 1236/385/141 1408/515/141 1333/499/141
f 1408/515/141 1412/517/141 1334/504/141
f 1416/516/141 1335/503/141 1334/504/141
f 1420/423/141 1336/422/141 1335/503/141
f 141/518/141 1325/525/141 1405/519/141
f 1233/520/141 1405/519/141 1406/521/141
f 1234/522/141 1406/521/141 1407/523/141
f 1235/524/141 1407/523/141 1408/515/141
f 1325/525/141 1326/529/141 1409/526/141
f 1405/519/141 1409/526/141 1410/527/141
f 1406/521/141 1410/527/141 1411/528/141
f 1407/523/141 1411/528/141 1412/517/141
f 1326/529/141 1327/533/141 1413/530/141
f 1413/530/141 1414/531/141 1410/527/141
f 1414/531/141 1415/532/141 1411/528/141
f 1415/532/141 1416/516/141 1412/517/141
f 1328/419/141 1417/534/141 1413/530/141
f 1417/534/141 1418/535/141 1414/531/141
f 1418/535/141 1419/536/141 1415/532/141
f 1419/536/141 1420/423/141 1416/516/141
f 153/537/141 1329/538/141 1417/534/141
f 1329/538/141 1330/539/141 1418/535/141
f 1330/539/141 1331/540/141 1419/536/141
f 1331/540/141 1332/421/141 1420/423/141
f 1228/382/140 1424/541/140 1325/525/140
f 1424/541/140 1428/542/140 1326/529/140
f 1428/542/140 1432/543/140 1327/533/140
f 1436/420/140 1328/419/140 1327/533/140
f 140/544/140 1317/551/140 1421/545/140
f 1225/546/140 1421/545/140 1422/547/140
f 1226/548/140 1422/547/140 1423/549/140
f 1227/550/140 1423/549/140 1424/541/140
f 1317/551/140 1318/556/140 1425/552/140
f 1421/545/140 1425/552/140 1426/553/140
f 1422/547/140 1426/553/140 1427/554/140
f 1423/549/140 1427/554/140 1428/542/140
f 1319/555/140 1429/557/140 1425/552/140
f 1429/557/140 1430/558/140 1426/553/140
f 1430/558/140 1431/561/140 1427/554/140
f 1427/554/140 1431/561/140 1432/543/140
f 1320/416/140 1433/559/140 1429/557/140
f 1433/559/140 1434/560/140 1430/558/140
f 1434/560/140 1435/562/140 1431/561/140
f 1435/562/140 1436/420/140 1432/543/140
f 152/563/140 1321/564/140 1433/559/140
f 1321/564/140 1322/565/140 1434/560/140
f 1322/565/140 1323/566/140 1435/562/140
f 1323/566/140 1324/418/140 1436/420/140
f 1220/379/139 1440/567/139 1317/551/139
f 1440/567/139 1444/568/139 1318/556/139
f 1444/568/139 1448/569/139 1319/555/139
f 1452/417/139 1320/416/139 1319/555/139
f 139/570/139 1309/577/139 1437/571/139
f 1217/572/139 1437/571/139 1438/573/139
f 1218/574/139 1438/573/139 1439/575/139
f 1219/576/139 1439/575/139 1440/567/139
f 1309/577/139 1310/581/139 1441/578/139
f 1437/571/139 1441/578/139 1442/579/139
f 1438/573/139 1442/579/139 1443/580/139
f 1439/575/139 1443/580/139 1444/568/139
f 1310/581/139 1311/586/139 1445/582/139
f 1445/582/139 1446/583/139 1442/579/139
f 1446/583/139 1447/584/139 1443/580/139
f 1447/584/139 1448/569/139 1444/568/139
f 1312/585/139 1449/587/139 1445/582/139
f 1449/587/139 1450/588/139 1446/583/139
f 1450/588/139 1451/589/139 1447/584/139
f 1451/589/139 1452/417/139 1448/569/139
f 151/590/139 1313/591/139 1449/587/139
f 1313/591/139 1314/592/139 1450/588/139
f 1314/592/139 1315/593/139 1451/589/139
f 1315/593/139 1316/415/139 1452/417/139
f 1456/594/138 1309/597/138 139/377/138
f 1460/596/138 1310/599/138 1309/597/138
f 1464/598/138 1311/600/138 1310/599/138
f 1464/598/138 1468/412/138 1312/414/138
f 1301/601/138 1453/603/138 1209/602/138
f 1453/603/138 1454/605/138 1210/604/138
f 1454/605/138 1455/607/138 1211/606/138
f 1455/607/138 1456/594/138 1212/595/138
f 1302/608/138 1457/609/138 1453/603/138
f 1457/609/138 1458/610/138 1454/605/138
f 1458/610/138 1459/611/138 1455/607/138
f 1459/611/138 1460/596/138 1456/594/138
f 1303/612/138 1461/613/138 1457/609/138
f 1461/613/138 1462/614/138 1458/610/138
f 1462/614/138 1463/615/138 1459/611/138
f 1463/615/138 1464/598/138 1460/596/138
f 1303/612/138 1304/411/138 1465/616/138
f 1461/613/138 1465/616/138 1466/617/138
f 1462/614/138 1466/617/138 1467/618/138
f 1463/615/138 1467/618/138 1468/412/138
f 1304/411/138 150/410/138 1305/619/138
f 1465/616/138 1305/619/138 1306/620/138
f 1466/617/138 1306/620/138 1307/621/138
f 1467/618/138 1307/621/138 1308/622/138
f 1472/623/137 1301/601/137 138/374/137
f 1476/625/137 1302/608/137 1301/601/137
f 1480/626/137 1303/612/137 1302/608/137
f 1480/626/137 1484/409/137 1304/411/137
f 1293/627/137 1469/629/137 1201/628/137
f 1469/629/137 1470/631/137 1202/630/137
f 1470/631/137 1471/633/137 1203/632/137
f 1471/633/137 1472/623/137 1204/624/137
f 1294/634/137 1473/635/137 1469/629/137
f 1473/635/137 1474/636/137 1470/631/137
f 1474/636/137 1475/637/137 1471/633/137
f 1475/637/137 1476/625/137 1472/623/137
f 1295/638/137 1477/642/137 1473/635/137
f 1473/635/137 1477/642/137 1478/639/137
f 1478/639/137 1479/640/137 1475/637/137
f 1479/640/137 1480/626/137 1476/625/137
f 1295/638/137 1296/408/137 1481/641/137
f 1477/642/137 1481/641/137 1482/643/137
f 1478/639/137 1482/643/137 1483/644/137
f 1479/640/137 1483/644/137 1484/409/137
f 1296/408/137 149/407/137 1297/645/137
f 1481/641/137 1297/645/137 1298/646/137
f 1482/643/137 1298/646/137 1299/647/137
f 1483/644/137 1299/647/137 1300/648/137
f 1488/649/136 1293/627/136 137/371/136
f 1492/651/136 1294/634/136 1293/627/136
f 1492/651/136 1496/652/136 1295/638/136
f 1496/652/136 1500/406/136 1296/408/136
f 1285/653/136 1485/655/136 1193/654/136
f 1485/655/136 1486/657/136 1194/656/136
f 1486/657/136 1487/659/136 1195/658/136
f 1487/659/136 1488/649/136 1196/650/136
f 1286/660/136 1489/661/136 1485/655/136
f 1489/661/136 1490/662/136 1486/657/136
f 1490/662/136 1491/663/136 1487/659/136
f 1491/663/136 1492/651/136 1488/649/136
f 1286/660/136 1287/667/136 1493/664/136
f 1489/661/136 1493/664/136 1494/665/136
f 1494/665/136 1495/666/136 1491/663/136
f 1495/666/136 1496/652/136 1492/651/136
f 1287/667/136 1288/405/136 1497/668/136
f 1493/664/136 1497/668/136 1498/669/136
f 1494/665/136 1498/669/136 1499/670/136
f 1495/666/136 1499/670/136 1500/406/136
f 1288/405/136 148/404/136 1289/671/136
f 1497/668/136 1289/671/136 1290/672/136
f 1498/669/136 1290/672/136 1291/673/136
f 1499/670/136 1291/673/136 1292/674/136
f 1504/675/135 1285/653/135 136/368/135
f 1508/677/135 1286/660/135 1285/653/135
f 1508/677/135 1512/678/135 1287/667/135
f 1512/678/135 1516/403/135 1288/405/135
f 1277/679/135 1501/681/135 1185/680/135
f 1501/681/135 1502/683/135 1186/682/135
f 1502/683/135 1503/685/135 1187/684/135
f 1503/685/135 1504/675/135 1188/676/135
f 1278/686/135 1505/687/135 1501/681/135
f 1505/687/135 1506/688/135 1502/683/135
f 1506/688/135 1507/689/135 1503/685/135
f 1507/689/135 1508/677/135 1504/675/135
f 1278/686/135 1279/693/135 1509/690/135
f 1505/687/135 1509/690/135 1510/691/135
f 1506/688/135 1510/691/135 1511/692/135
f 1511/692/135 1512/678/135 1508/677/135
f 1279/693/135 1280/402/135 1513/694/135
f 1509/690/135 1513/694/135 1514/695/135
f 1510/691/135 1514/695/135 1515/696/135
f 1511/692/135 1515/696/135 1516/403/135
f 1280/402/135 147/401/135 1281/697/135
f 1513/694/135 1281/697/135 1282/698/135
f 1514/695/135 1282/698/135 1283/699/135
f 1515/696/135 1283/699/135 1284/700/135
f 1520/701/134 1277/679/134 135/365/134
f 1524/703/134 1278/686/134 1277/679/134
f 1524/703/134 1528/704/134 1279/693/134
f 1528/704/134 1532/400/134 1280/402/134
f 1269/705/134 1517/707/134 1177/706/134
f 1517/707/134 1518/709/134 1178/708/134
f 1518/709/134 1519/711/134 1179/710/134
f 1519/711/134 1520/701/134 1180/702/134
f 1270/712/134 1521/713/134 1517/707/134
f 1521/713/134 1522/714/134 1518/709/134
f 1522/714/134 1523/715/134 1519/711/134
f 1523/715/134 1524/703/134 1520/701/134
f 1271/716/134 1525/720/134 1521/713/134
f 1521/713/134 1525/720/134 1526/717/134
f 1522/714/134 1526/717/134 1527/718/134
f 1523/715/134 1527/718/134 1528/704/134
f 1271/716/134 1272/399/134 1529/719/134
f 1525/720/134 1529/719/134 1530/721/134
f 1526/717/134 1530/721/134 1531/722/134
f 1527/718/134 1531/722/134 1532/400/134
f 1272/399/134 146/398/134 1273/723/134
f 1529/719/134 1273/723/134 1274/724/134
f 1530/721/134 1274/724/134 1275/725/134
f 1531/722/134 1275/725/134 1276/726/134
f 1536/727/133 1269/705/133 134/362/133
f 1540/729/133 1270/712/133 1269/705/133
f 1540/729/133 1544/730/133 1271/716/133
f 1544/730/133 1548/397/133 1272/399/133
f 1261/433/133 1533/732/133 1169/731/133
f 1533/732/133 1534/734/133 1170/733/133
f 1534/734/133 1535/736/133 1171/735/133
f 1535/736/133 1536/727/133 1172/728/133
f 1262/436/133 1537/737/133 1533/732/133
f 1537/737/133 1538/738/133 1534/734/133
f 1538/738/133 1539/739/133 1535/736/133
f 1539/739/133 1540/729/133 1536/727/133
f 1262/436/133 1263/439/133 1541/740/133
f 1541/740/133 1542/741/133 1538/738/133
f 1542/741/133 1543/745/133 1539/739/133
f 1539/739/133 1543/745/133 1544/730/133
f 1263/439/133 1264/431/133 1545/742/133
f 1541/740/133 1545/742/133 1546/743/133
f 1542/741/133 1546/743/133 1547/744/133
f 1543/745/133 1547/744/133 1548/397/133
f 1264/431/133 145/3721/133 1265/746/133
f 1545/742/133 1265/746/133 1266/747/133
f 1546/743/133 1266/747/133 1267/748/133
f 1547/744/133 1267/748/133 1268/749/133
f 1161/358/132 1552/752/132 1165/750/132
f 1552/752/132 1556/754/132 1166/753/132
f 1556/754/132 1560/756/132 1167/755/132
f 1564/396/132 1168/395/132 1167/755/132
f 132/757/132 1253/764/132 1549/758/132
f 1164/759/132 1549/758/132 1550/760/132
f 1163/761/132 1550/760/132 1551/762/132
f 1162/763/132 1551/762/132 1552/752/132
f 1253/764/132 1254/768/132 1553/765/132
f 1549/758/132 1553/765/132 1554/766/132
f 1550/760/132 1554/766/132 1555/767/132
f 1551/762/132 1555/767/132 1556/754/132
f 1254/768/132 1255/772/132 1557/769/132
f 1557/769/132 1558/770/132 1554/766/132
f 1558/770/132 1559/771/132 1555/767/132
f 1559/771/132 1560/756/132 1556/754/132
f 1256/392/132 1561/773/132 1557/769/132
f 1561/773/132 1562/774/132 1558/770/132
f 1562/774/132 1563/775/132 1559/771/132
f 1563/775/132 1564/396/132 1560/756/132
f 144/440/132 1260/442/132 1561/773/132
f 1260/442/132 1259/444/132 1562/774/132
f 1259/444/132 1258/446/132 1563/775/132
f 1258/446/132 1257/394/132 1564/396/132
f 1156/355/131 1568/776/131 1253/764/131
f 1568/776/131 1572/777/131 1254/768/131
f 1572/777/146 1576/778/146 1255/772/146
f 1580/393/131 1256/392/131 1255/772/131
f 131/779/131 1245/786/131 1565/780/131
f 1153/781/131 1565/780/131 1566/782/131
f 1154/783/131 1566/782/131 1567/784/131
f 1155/785/131 1567/784/131 1568/776/131
f 1245/786/131 1246/790/131 1569/787/131
f 1565/780/131 1569/787/131 1570/788/131
f 1566/782/131 1570/788/131 1571/789/131
f 1567/784/146 1571/789/146 1572/777/146
f 1246/790/131 1247/794/131 1573/791/131
f 1569/787/131 1573/791/131 1574/792/131
f 1570/788/131 1574/792/131 1575/793/131
f 1571/789/131 1575/793/131 1576/778/131
f 1248/389/131 1577/795/131 1573/791/131
f 1577/795/131 1578/796/131 1574/792/131
f 1578/796/131 1579/797/131 1575/793/131
f 1579/797/131 1580/393/131 1576/778/131
f 143/466/131 1249/468/131 1577/795/131
f 1249/468/131 1250/470/131 1578/796/131
f 1250/470/131 1251/472/131 1579/797/131
f 1251/472/131 1252/391/131 1580/393/131
f 1148/352/130 1584/798/130 1245/786/130
f 1584/798/130 1588/799/130 1246/790/130
f 1588/799/130 1592/800/130 1247/794/130
f 1596/390/130 1248/389/130 1247/794/130
f 130/801/130 1237/808/130 1581/802/130
f 1145/803/130 1581/802/130 1582/804/130
f 1146/805/130 1582/804/130 1583/806/130
f 1147/807/130 1583/806/130 1584/798/130
f 1237/808/130 1238/813/130 1585/809/130
f 1581/802/130 1585/809/130 1586/810/130
f 1582/804/130 1586/810/130 1587/811/130
f 1583/806/130 1587/811/130 1588/799/130
f 1239/812/130 1589/814/130 1585/809/130
f 1589/814/130 1590/815/130 1586/810/130
f 1590/815/130 1591/818/130 1587/811/130
f 1587/811/130 1591/818/130 1592/800/130
f 1240/386/130 1593/816/130 1589/814/130
f 1593/816/130 1594/817/130 1590/815/130
f 1594/817/130 1595/819/130 1591/818/130
f 1595/819/130 1596/390/130 1592/800/130
f 142/492/130 1241/494/130 1593/816/130
f 1241/494/130 1242/496/130 1594/817/130
f 1242/496/130 1243/498/130 1595/819/130
f 1243/498/130 1244/388/130 1596/390/130
f 1140/349/129 1600/820/129 1237/808/129
f 1600/820/129 1604/821/129 1238/813/129
f 1604/821/129 1608/822/129 1239/812/129
f 1612/387/129 1240/386/129 1239/812/129
f 129/823/129 1229/830/129 1597/824/129
f 1137/825/129 1597/824/129 1598/826/129
f 1138/827/129 1598/826/129 1599/828/129
f 1139/829/129 1599/828/129 1600/820/129
f 1229/830/129 1230/835/129 1601/831/129
f 1597/824/129 1601/831/129 1602/832/129
f 1598/826/129 1602/832/129 1603/833/129
f 1599/828/129 1603/833/129 1604/821/129
f 1231/834/129 1605/838/129 1601/831/129
f 1601/831/129 1605/838/129 1606/836/129
f 1602/832/129 1606/836/129 1607/837/129
f 1603/833/129 1607/837/129 1608/822/129
f 1232/383/129 1609/839/129 1605/838/129
f 1609/839/129 1610/840/129 1606/836/129
f 1610/840/129 1611/841/129 1607/837/129
f 1611/841/129 1612/387/129 1608/822/129
f 141/518/129 1233/520/129 1609/839/129
f 1233/520/129 1234/522/129 1610/840/129
f 1234/522/129 1235/524/129 1611/841/129
f 1235/524/129 1236/385/129 1612/387/129
f 1132/346/128 1616/842/128 1229/830/128
f 1616/842/128 1620/844/128 1230/835/128
f 1624/843/128 1231/834/128 1230/835/128
f 1628/384/128 1232/383/128 1231/834/128
f 128/845/128 1221/852/128 1613/846/128
f 1129/847/128 1613/846/128 1614/848/128
f 1130/849/128 1614/848/128 1615/850/128
f 1131/851/196 1615/850/196 1616/842/196
f 1221/852/128 1222/856/128 1617/853/128
f 1613/846/128 1617/853/128 1618/854/128
f 1614/848/128 1618/854/128 1619/855/128
f 1615/850/128 1619/855/128 1620/844/128
f 1222/856/128 1223/859/128 1621/857/128
f 1621/857/128 1622/861/128 1618/854/128
f 1618/854/128 1622/861/128 1623/858/128
f 1623/858/128 1624/843/128 1620/844/128
f 1224/380/128 1625/860/128 1621/857/128
f 1625/860/128 1626/862/128 1622/861/128
f 1626/862/128 1627/863/128 1623/858/128
f 1627/863/128 1628/384/128 1624/843/128
f 140/544/128 1225/546/128 1625/860/128
f 1225/546/128 1226/548/128 1626/862/128
f 1226/548/128 1227/550/128 1627/863/128
f 1227/550/128 1228/382/128 1628/384/128
f 1124/343/127 1632/864/127 1221/852/127
f 1632/864/127 1636/866/127 1222/856/127
f 1640/865/127 1223/859/127 1222/856/127
f 1644/381/127 1224/380/127 1223/859/127
f 127/867/127 1213/874/127 1629/868/127
f 1121/869/127 1629/868/127 1630/870/127
f 1122/871/127 1630/870/127 1631/872/127
f 1123/873/127 1631/872/127 1632/864/127
f 1213/874/127 1214/878/127 1633/875/127
f 1629/868/127 1633/875/127 1634/876/127
f 1630/870/127 1634/876/127 1635/877/127
f 1631/872/127 1635/877/127 1636/866/127
f 1214/878/127 1215/883/127 1637/879/127
f 1633/875/127 1637/879/127 1638/880/127
f 1634/876/127 1638/880/127 1639/881/127
f 1635/877/127 1639/881/127 1640/865/127
f 1216/882/127 1641/884/127 1637/879/127
f 1641/884/127 1642/885/127 1638/880/127
f 1642/885/127 1643/886/127 1639/881/127
f 1643/886/127 1644/381/127 1640/865/127
f 139/570/127 1217/572/127 1641/884/127
f 1217/572/127 1218/574/127 1642/885/127
f 1218/574/127 1219/576/127 1643/886/127
f 1219/576/127 1220/379/127 1644/381/127
f 1648/887/126 1213/890/126 127/341/126
f 1652/889/126 1214/892/126 1213/890/126
f 1656/891/126 1215/893/126 1214/892/126
f 1656/891/126 1660/376/126 1216/378/126
f 1205/894/126 1645/896/126 1113/895/126
f 1645/896/126 1646/898/126 1114/897/126
f 1646/898/126 1647/900/126 1115/899/126
f 1647/900/126 1648/887/126 1116/888/126
f 1206/901/126 1649/902/126 1645/896/126
f 1649/902/126 1650/903/126 1646/898/126
f 1650/903/126 1651/904/126 1647/900/126
f 1651/904/126 1652/889/126 1648/887/126
f 1207/905/126 1653/906/126 1649/902/126
f 1653/906/126 1654/907/126 1650/903/126
f 1654/907/126 1655/908/126 1651/904/126
f 1655/908/126 1656/891/126 1652/889/126
f 1207/905/126 1208/375/126 1657/909/126
f 1653/906/126 1657/909/126 1658/910/126
f 1654/907/126 1658/910/126 1659/911/126
f 1655/908/126 1659/911/126 1660/376/126
f 1208/375/126 138/374/126 1209/602/126
f 1657/909/126 1209/602/126 1210/604/126
f 1658/910/126 1210/604/126 1211/606/126
f 1659/911/126 1211/606/126 1212/595/126
f 1664/912/125 1205/894/125 126/338/125
f 1668/914/125 1206/901/125 1205/894/125
f 1668/914/125 1672/915/125 1207/905/125
f 1672/915/125 1676/373/125 1208/375/125
f 1197/916/125 1661/918/125 1105/917/125
f 1661/918/125 1662/920/125 1106/919/125
f 1662/920/125 1663/922/125 1107/921/125
f 1663/922/125 1664/912/125 1108/913/125
f 1198/923/125 1665/924/125 1661/918/125
f 1665/924/125 1666/925/125 1662/920/125
f 1666/925/125 1667/926/125 1663/922/125
f 1667/926/125 1668/914/125 1664/912/125
f 1198/923/125 1199/930/125 1669/927/125
f 1669/927/125 1670/928/125 1666/925/125
f 1670/928/125 1671/929/125 1667/926/125
f 1671/929/125 1672/915/125 1668/914/125
f 1199/930/125 1200/372/125 1673/931/125
f 1669/927/125 1673/931/125 1674/932/125
f 1670/928/125 1674/932/125 1675/933/125
f 1671/929/147 1675/933/147 1676/373/147
f 1200/372/125 137/371/125 1201/628/125
f 1673/931/125 1201/628/125 1202/630/125
f 1674/932/125 1202/630/125 1203/632/125
f 1675/933/125 1203/632/125 1204/624/125
f 1680/934/124 1197/916/124 125/335/124
f 1684/936/124 1198/923/124 1197/916/124
f 1688/937/124 1199/930/124 1198/923/124
f 1688/937/124 1692/370/124 1200/372/124
f 1189/938/124 1677/940/124 1097/939/124
f 1677/940/124 1678/942/124 1098/941/124
f 1678/942/124 1679/944/124 1099/943/124
f 1679/944/124 1680/934/124 1100/935/124
f 1190/945/124 1681/946/124 1677/940/124
f 1681/946/124 1682/947/124 1678/942/124
f 1682/947/124 1683/948/124 1679/944/124
f 1683/948/124 1684/936/124 1680/934/124
f 1191/949/124 1685/953/124 1681/946/124
f 1681/946/124 1685/953/124 1686/950/124
f 1682/947/124 1686/950/124 1687/951/124
f 1683/948/124 1687/951/124 1688/937/124
f 1191/949/124 1192/369/124 1689/952/124
f 1685/953/124 1689/952/124 1690/954/124
f 1686/950/124 1690/954/124 1691/955/124
f 1687/951/124 1691/955/124 1692/370/124
f 1192/369/124 136/368/124 1193/654/124
f 1689/952/124 1193/654/124 1194/656/124
f 1690/954/124 1194/656/124 1195/658/124
f 1691/955/124 1195/658/124 1196/650/124
f 1696/956/123 1189/938/123 124/332/123
f 1700/958/123 1190/945/123 1189/938/123
f 1704/959/123 1191/949/123 1190/945/123
f 1704/959/123 1708/367/123 1192/369/123
f 1181/960/123 1693/962/123 1089/961/123
f 1693/962/123 1694/964/123 1090/963/123
f 1694/964/123 1695/966/123 1091/965/123
f 1695/966/123 1696/956/123 1092/957/123
f 1182/967/123 1697/968/123 1693/962/123
f 1697/968/123 1698/969/123 1694/964/123
f 1698/969/123 1699/970/123 1695/966/123
f 1699/970/123 1700/958/123 1696/956/123
f 1183/971/123 1701/972/123 1697/968/123
f 1701/972/123 1702/973/123 1698/969/123
f 1702/973/123 1703/974/123 1699/970/123
f 1703/974/123 1704/959/123 1700/958/123
f 1183/971/123 1184/366/123 1705/975/123
f 1701/972/123 1705/975/123 1706/976/123
f 1702/973/123 1706/976/123 1707/977/123
f 1703/974/123 1707/977/123 1708/367/123
f 1184/366/123 135/365/123 1185/680/123
f 1705/975/123 1185/680/123 1186/682/123
f 1706/976/123 1186/682/123 1187/684/123
f 1707/977/123 1187/684/123 1188/676/123
f 1712/978/122 1181/960/122 123/329/122
f 1716/980/122 1182/967/122 1181/960/122
f 1720/981/122 1183/971/122 1182/967/122
f 1720/981/122 1724/364/122 1184/366/122
f 1173/982/122 1709/984/122 1081/983/122
f 1709/984/122 1710/986/122 1082/985/122
f 1710/986/122 1711/988/122 1083/987/122
f 1711/988/122 1712/978/122 1084/979/122
f 1174/989/122 1713/990/122 1709/984/122
f 1713/990/122 1714/991/122 1710/986/122
f 1714/991/122 1715/992/122 1711/988/122
f 1715/992/122 1716/980/122 1712/978/122
f 1174/989/122 1175/996/122 1717/993/122
f 1713/990/122 1717/993/122 1718/994/122
f 1714/991/122 1718/994/122 1719/995/122
f 1715/992/148 1719/995/148 1720/981/148
f 1175/996/122 1176/363/122 1721/997/122
f 1717/993/122 1721/997/122 1722/998/122
f 1718/994/122 1722/998/122 1723/999/122
f 1719/995/122 1723/999/122 1724/364/122
f 1176/363/122 134/362/122 1177/706/122
f 1721/997/148 1177/706/148 1178/708/148
f 1722/998/122 1178/708/122 1179/710/122
f 1723/999/122 1179/710/122 1180/702/122
f 1728/1000/121 1173/982/121 122/326/121
f 1732/1002/121 1174/989/121 1173/982/121
f 1736/1003/121 1175/996/121 1174/989/121
f 1736/1003/121 1740/361/121 1176/363/121
f 1165/750/121 1725/1005/121 1073/1004/121
f 1725/1005/121 1726/1007/121 1074/1006/121
f 1726/1007/121 1727/1009/121 1075/1008/121
f 1727/1009/121 1728/1000/121 1076/1001/121
f 1166/753/121 1729/1010/121 1725/1005/121
f 1729/1010/121 1730/1011/121 1726/1007/121
f 1730/1011/121 1731/1012/121 1727/1009/121
f 1731/1012/121 1732/1002/121 1728/1000/121
f 1167/755/121 1733/1016/121 1729/1010/121
f 1729/1010/121 1733/1016/121 1734/1013/121
f 1730/1011/121 1734/1013/121 1735/1014/121
f 1731/1012/121 1735/1014/121 1736/1003/121
f 1167/755/121 1168/395/121 1737/1015/121
f 1733/1016/121 1737/1015/121 1738/1017/121
f 1734/1013/121 1738/1017/121 1739/1018/121
f 1735/1014/121 1739/1018/121 1740/361/121
f 1168/395/121 133/434/121 1169/731/121
f 1737/1015/121 1169/731/121 1170/733/121
f 1738/1017/121 1170/733/121 1171/735/121
f 1739/1018/121 1171/735/121 1172/728/121
f 1065/322/120 1744/1021/120 1069/1019/120
f 1744/1021/120 1748/1023/120 1070/1022/120
f 1748/1023/120 1752/1025/120 1071/1024/120
f 1756/360/120 1072/359/120 1071/1024/120
f 120/1026/120 1157/1033/120 1741/1027/120
f 1068/1028/120 1741/1027/120 1742/1029/120
f 1067/1030/120 1742/1029/120 1743/1031/120
f 1066/1032/120 1743/1031/120 1744/1021/120
f 1157/1033/120 1158/1037/120 1745/1034/120
f 1741/1027/120 1745/1034/120 1746/1035/120
f 1742/1029/120 1746/1035/120 1747/1036/120
f 1743/1031/120 1747/1036/120 1748/1023/120
f 1158/1037/120 1159/1041/120 1749/1038/120
f 1749/1038/120 1750/1039/120 1746/1035/120
f 1750/1039/120 1751/1040/120 1747/1036/120
f 1751/1040/120 1752/1025/120 1748/1023/120
f 1160/356/120 1753/1042/120 1749/1038/120
f 1753/1042/120 1754/1043/120 1750/1039/120
f 1754/1043/120 1755/1044/120 1751/1040/120
f 1755/1044/120 1756/360/120 1752/1025/120
f 132/757/120 1164/759/120 1753/1042/120
f 1164/759/120 1163/761/120 1754/1043/120
f 1163/761/120 1162/763/120 1755/1044/120
f 1162/763/120 1161/358/120 1756/360/120
f 1060/319/119 1760/1045/119 1157/1033/119
f 1760/1045/119 1764/1046/119 1158/1037/119
f 1764/1046/149 1768/1047/149 1159/1041/149
f 1772/357/119 1160/356/119 1159/1041/119
f 119/1048/119 1149/1055/119 1757/1049/119
f 1057/1050/119 1757/1049/119 1758/1051/119
f 1058/1052/119 1758/1051/119 1759/1053/119
f 1059/1054/119 1759/1053/119 1760/1045/119
f 1149/1055/119 1150/1059/119 1761/1056/119
f 1757/1049/119 1761/1056/119 1762/1057/119
f 1758/1051/119 1762/1057/119 1763/1058/119
f 1759/1053/119 1763/1058/119 1764/1046/119
f 1150/1059/119 1151/1063/119 1765/1060/119
f 1761/1056/119 1765/1060/119 1766/1061/119
f 1762/1057/119 1766/1061/119 1767/1062/119
f 1763/1058/119 1767/1062/119 1768/1047/119
f 1152/353/119 1769/1064/119 1765/1060/119
f 1769/1064/119 1770/1065/119 1766/1061/119
f 1770/1065/119 1771/1066/119 1767/1062/119
f 1771/1066/119 1772/357/119 1768/1047/119
f 131/779/119 1153/781/119 1769/1064/119
f 1153/781/119 1154/783/119 1770/1065/119
f 1154/783/119 1155/785/119 1771/1066/119
f 1155/785/119 1156/355/119 1772/357/119
f 1052/316/118 1776/1067/118 1149/1055/118
f 1776/1067/118 1780/1068/118 1150/1059/118
f 1780/1068/118 1784/1069/118 1151/1063/118
f 1788/354/118 1152/353/118 1151/1063/118
f 118/1070/118 1141/1077/118 1773/1071/118
f 1049/1072/118 1773/1071/118 1774/1073/118
f 1050/1074/118 1774/1073/118 1775/1075/118
f 1051/1076/118 1775/1075/118 1776/1067/118
f 1141/1077/118 1142/1082/118 1777/1078/118
f 1773/1071/118 1777/1078/118 1778/1079/118
f 1774/1073/118 1778/1079/118 1779/1080/118
f 1775/1075/118 1779/1080/118 1780/1068/118
f 1143/1081/118 1781/1083/118 1777/1078/118
f 1781/1083/118 1782/1086/118 1778/1079/118
f 1778/1079/118 1782/1086/118 1783/1084/118
f 1783/1084/118 1784/1069/118 1780/1068/118
f 1144/350/118 1785/1085/118 1781/1083/118
f 1785/1085/118 1786/1087/118 1782/1086/118
f 1786/1087/118 1787/1088/118 1783/1084/118
f 1787/1088/118 1788/354/118 1784/1069/118
f 130/801/118 1145/803/118 1785/1085/118
f 1145/803/118 1146/805/118 1786/1087/118
f 1146/805/118 1147/807/118 1787/1088/118
f 1147/807/118 1148/352/118 1788/354/118
f 1044/313/117 1792/1089/117 1141/1077/117
f 1792/1089/117 1796/1090/117 1142/1082/117
f 1796/1090/117 1800/1091/117 1143/1081/117
f 1804/351/117 1144/350/117 1143/1081/117
f 117/1092/117 1133/1099/117 1789/1093/117
f 1041/1094/117 1789/1093/117 1790/1095/117
f 1042/1096/117 1790/1095/117 1791/1097/117
f 1043/1098/117 1791/1097/117 1792/1089/117
f 1133/1099/117 1134/1104/117 1793/1100/117
f 1789/1093/117 1793/1100/117 1794/1101/117
f 1790/1095/117 1794/1101/117 1795/1102/117
f 1791/1097/117 1795/1102/117 1796/1090/117
f 1135/1103/117 1797/1105/117 1793/1100/117
f 1797/1105/117 1798/1106/117 1794/1101/117
f 1798/1106/117 1799/1109/117 1795/1102/117
f 1795/1102/117 1799/1109/117 1800/1091/117
f 1136/347/117 1801/1107/117 1797/1105/117
f 1801/1107/117 1802/1108/117 1798/1106/117
f 1802/1108/117 1803/1110/117 1799/1109/117
f 1803/1110/117 1804/351/117 1800/1091/117
f 129/823/117 1137/825/117 1801/1107/117
f 1137/825/117 1138/827/117 1802/1108/117
f 1138/827/117 1139/829/117 1803/1110/117
f 1139/829/117 1140/349/117 1804/351/117
f 1036/310/116 1808/1111/116 1133/1099/116
f 1808/1111/116 1812/1113/116 1134/1104/116
f 1816/1112/116 1135/1103/116 1134/1104/116
f 1820/348/116 1136/347/116 1135/1103/116
f 116/1114/116 1125/1121/116 1805/1115/116
f 1033/1116/116 1805/1115/116 1806/1117/116
f 1034/1118/116 1806/1117/116 1807/1119/116
f 1035/1120/116 1807/1119/116 1808/1111/116
f 1125/1121/116 1126/1125/116 1809/1122/116
f 1805/1115/116 1809/1122/116 1810/1123/116
f 1806/1117/116 1810/1123/116 1811/1124/116
f 1807/1119/116 1811/1124/116 1812/1113/116
f 1126/1125/116 1127/1128/116 1813/1126/116
f 1813/1126/116 1814/1130/116 1810/1123/116
f 1810/1123/116 1814/1130/116 1815/1127/116
f 1815/1127/116 1816/1112/116 1812/1113/116
f 1128/344/116 1817/1129/116 1813/1126/116
f 1817/1129/116 1818/1131/116 1814/1130/116
f 1818/1131/116 1819/1132/116 1815/1127/116
f 1819/1132/116 1820/348/116 1816/1112/116
f 128/845/116 1129/847/116 1817/1129/116
f 1129/847/116 1130/849/116 1818/1131/116
f 1130/849/116 1131/851/116 1819/1132/116
f 1131/851/116 1132/346/116 1820/348/116
f 1028/307/115 1824/1133/115 1125/1121/115
f 1824/1133/115 1828/1134/115 1126/1125/115
f 1828/1134/115 1832/1135/115 1127/1128/115
f 1836/345/115 1128/344/115 1127/1128/115
f 115/1136/115 1117/1143/115 1821/1137/115
f 1025/1138/115 1821/1137/115 1822/1139/115
f 1026/1140/115 1822/1139/115 1823/1141/115
f 1027/1142/115 1823/1141/115 1824/1133/115
f 1117/1143/115 1118/1147/115 1825/1144/115
f 1821/1137/115 1825/1144/115 1826/1145/115
f 1822/1139/115 1826/1145/115 1827/1146/115
f 1823/1141/115 1827/1146/115 1828/1134/115
f 1118/1147/115 1119/1151/115 1829/1148/115
f 1829/1148/115 1830/1153/115 1826/1145/115
f 1826/1145/115 1830/1153/115 1831/1149/115
f 1827/1146/115 1831/1149/115 1832/1135/115
f 1120/1150/115 1833/1152/115 1829/1148/115
f 1833/1152/115 1834/1154/115 1830/1153/115
f 1834/1154/115 1835/1155/115 1831/1149/115
f 1835/1155/115 1836/345/115 1832/1135/115
f 127/867/115 1121/869/115 1833/1152/115
f 1121/869/115 1122/871/115 1834/1154/115
f 1122/871/115 1123/873/115 1835/1155/115
f 1123/873/115 1124/343/115 1836/345/115
f 1840/1156/114 1117/1159/114 115/305/114
f 1844/1158/114 1118/1161/114 1117/1159/114
f 1844/1158/114 1848/1162/114 1119/1160/114
f 1848/1162/114 1852/340/114 1120/342/114
f 1109/1163/114 1837/1165/114 1017/1164/114
f 1837/1165/114 1838/1167/114 1018/1166/114
f 1838/1167/114 1839/1169/114 1019/1168/114
f 1839/1169/114 1840/1156/114 1020/1157/114
f 1110/1170/114 1841/1171/114 1837/1165/114
f 1841/1171/114 1842/1172/114 1838/1167/114
f 1842/1172/114 1843/1173/114 1839/1169/114
f 1843/1173/114 1844/1158/114 1840/1156/114
f 1111/1174/114 1845/1177/114 1841/1171/114
f 1841/1171/114 1845/1177/114 1846/1175/114
f 1846/1175/114 1847/1180/114 1843/1173/114
f 1843/1173/114 1847/1180/114 1848/1162/114
f 1111/1174/114 1112/339/114 1849/1176/114
f 1845/1177/114 1849/1176/114 1850/1178/114
f 1846/1175/114 1850/1178/114 1851/1179/114
f 1847/1180/114 1851/1179/114 1852/340/114
f 1112/339/114 126/338/114 1113/895/114
f 1849/1176/114 1113/895/114 1114/897/114
f 1850/1178/114 1114/897/114 1115/899/114
f 1851/1179/114 1115/899/114 1116/888/114
f 1856/1181/113 1109/1163/113 114/302/113
f 1860/1183/113 1110/1170/113 1109/1163/113
f 1860/1183/113 1864/1184/113 1111/1174/113
f 1864/1184/113 1868/337/113 1112/339/113
f 1101/1185/113 1853/1187/113 1009/1186/113
f 1853/1187/113 1854/1189/113 1010/1188/113
f 1854/1189/113 1855/1191/113 1011/1190/113
f 1855/1191/113 1856/1181/113 1012/1182/113
f 1102/1192/113 1857/1193/113 1853/1187/113
f 1857/1193/113 1858/1194/113 1854/1189/113
f 1858/1194/113 1859/1195/113 1855/1191/113
f 1859/1195/113 1860/1183/113 1856/1181/113
f 1103/1196/113 1861/1197/113 1857/1193/113
f 1861/1197/113 1862/1198/113 1858/1194/113
f 1862/1198/113 1863/1199/113 1859/1195/113
f 1863/1199/113 1864/1184/113 1860/1183/113
f 1103/1196/113 1104/336/113 1865/1200/113
f 1861/1197/113 1865/1200/113 1866/1201/113
f 1862/1198/113 1866/1201/113 1867/1202/113
f 1863/1199/113 1867/1202/113 1868/337/113
f 1104/336/113 125/335/113 1105/917/113
f 1865/1200/113 1105/917/113 1106/919/113
f 1866/1201/113 1106/919/113 1107/921/113
f 1867/1202/113 1107/921/113 1108/913/113
f 1872/1203/112 1101/1185/112 113/299/112
f 1876/1205/112 1102/1192/112 1101/1185/112
f 1876/1205/112 1880/1206/112 1103/1196/112
f 1880/1206/112 1884/334/112 1104/336/112
f 1093/1207/112 1869/1209/112 1001/1208/112
f 1869/1209/112 1870/1211/112 1002/1210/112
f 1870/1211/112 1871/1213/112 1003/1212/112
f 1871/1213/112 1872/1203/112 1004/1204/112
f 1094/1214/112 1873/1215/112 1869/1209/112
f 1873/1215/112 1874/1216/112 1870/1211/112
f 1874/1216/112 1875/1217/112 1871/1213/112
f 1875/1217/112 1876/1205/112 1872/1203/112
f 1095/1218/112 1877/1219/112 1873/1215/112
f 1877/1219/112 1878/1223/112 1874/1216/112
f 1874/1216/112 1878/1223/112 1879/1220/112
f 1875/1217/112 1879/1220/112 1880/1206/112
f 1095/1218/112 1096/333/112 1881/1221/112
f 1877/1219/112 1881/1221/112 1882/1222/112
f 1878/1223/112 1882/1222/112 1883/1224/112
f 1879/1220/112 1883/1224/112 1884/334/112
f 1096/333/112 124/332/112 1097/939/112
f 1881/1221/112 1097/939/112 1098/941/112
f 1882/1222/112 1098/941/112 1099/943/112
f 1883/1224/112 1099/943/112 1100/935/112
f 1888/1225/111 1093/1207/111 112/296/111
f 1892/1227/111 1094/1214/111 1093/1207/111
f 1896/1228/111 1095/1218/111 1094/1214/111
f 1896/1228/111 1900/331/111 1096/333/111
f 1085/1229/111 1885/1231/111 993/1230/111
f 1885/1231/111 1886/1233/111 994/1232/111
f 1886/1233/111 1887/1235/111 995/1234/111
f 1887/1235/111 1888/1225/111 996/1226/111
f 1086/1236/111 1889/1237/111 1885/1231/111
f 1889/1237/111 1890/1238/111 1886/1233/111
f 1890/1238/111 1891/1239/111 1887/1235/111
f 1891/1239/111 1892/1227/111 1888/1225/111
f 1087/1240/111 1893/1241/111 1889/1237/111
f 1893/1241/111 1894/1242/111 1890/1238/111
f 1894/1242/111 1895/1243/111 1891/1239/111
f 1895/1243/111 1896/1228/111 1892/1227/111
f 1087/1240/111 1088/330/111 1897/1244/111
f 1893/1241/111 1897/1244/111 1898/1245/111
f 1894/1242/111 1898/1245/111 1899/1246/111
f 1895/1243/111 1899/1246/111 1900/331/111
f 1088/330/111 123/329/111 1089/961/111
f 1897/1244/111 1089/961/111 1090/963/111
f 1898/1245/111 1090/963/111 1091/965/111
f 1899/1246/111 1091/965/111 1092/957/111
f 1904/1247/110 1085/1229/110 111/293/110
f 1908/1249/110 1086/1236/110 1085/1229/110
f 1912/1250/110 1087/1240/110 1086/1236/110
f 1912/1250/110 1916/328/110 1088/330/110
f 1077/1251/110 1901/1253/110 985/1252/110
f 1901/1253/110 1902/1255/110 986/1254/110
f 1902/1255/110 1903/1257/110 987/1256/110
f 1903/1257/110 1904/1247/110 988/1248/110
f 1078/1258/110 1905/1259/110 1901/1253/110
f 1905/1259/110 1906/1260/110 1902/1255/110
f 1906/1260/110 1907/1261/110 1903/1257/110
f 1907/1261/110 1908/1249/110 1904/1247/110
f 1078/1258/110 1079/1265/110 1909/1262/110
f 1905/1259/110 1909/1262/110 1910/1263/110
f 1910/1263/110 1911/1264/110 1907/1261/110
f 1911/1264/110 1912/1250/110 1908/1249/110
f 1079/1265/110 1080/327/110 1913/1266/110
f 1909/1262/110 1913/1266/110 1914/1267/110
f 1910/1263/110 1914/1267/110 1915/1268/110
f 1911/1264/151 1915/1268/151 1916/328/151
f 1080/327/110 122/326/110 1081/983/110
f 1913/1266/110 1081/983/110 1082/985/110
f 1914/1267/110 1082/985/110 1083/987/110
f 1915/1268/110 1083/987/110 1084/979/110
f 1920/1269/109 1077/1251/109 110/290/109
f 1924/1271/109 1078/1258/109 1077/1251/109
f 1928/1272/109 1079/1265/109 1078/1258/109
f 1928/1272/109 1932/325/109 1080/327/109
f 1069/1019/109 1917/1274/109 977/1273/109
f 1917/1274/109 1918/1276/109 978/1275/109
f 1918/1276/109 1919/1278/109 979/1277/109
f 1919/1278/109 1920/1269/109 980/1270/109
f 1070/1022/109 1921/1279/109 1917/1274/109
f 1921/1279/109 1922/1280/109 1918/1276/109
f 1922/1280/109 1923/1281/109 1919/1278/109
f 1923/1281/109 1924/1271/109 1920/1269/109
f 1071/1024/109 1925/1282/109 1921/1279/109
f 1925/1282/109 1926/1286/109 1922/1280/109
f 1922/1280/109 1926/1286/109 1927/1283/109
f 1927/1283/109 1928/1272/109 1924/1271/109
f 1071/1024/109 1072/359/109 1929/1284/109
f 1925/1282/109 1929/1284/109 1930/1285/109
f 1926/1286/109 1930/1285/109 1931/1287/109
f 1927/1283/109 1931/1287/109 1932/325/109
f 1072/359/109 121/751/109 1073/1004/109
f 1929/1284/109 1073/1004/109 1074/1006/109
f 1930/1285/109 1074/1006/109 1075/1008/109
f 1931/1287/109 1075/1008/109 1076/1001/109
f 969/286/108 1936/1290/108 973/1288/108
f 1936/1290/108 1940/1293/108 974/1291/108
f 1944/1292/108 975/1294/108 974/1291/108
f 1948/324/108 976/323/108 975/1294/108
f 108/1295/108 1061/1302/108 1933/1296/108
f 972/1297/108 1933/1296/108 1934/1298/108
f 971/1299/108 1934/1298/108 1935/1300/108
f 970/1301/108 1935/1300/108 1936/1290/108
f 1061/1302/108 1062/1306/108 1937/1303/108
f 1933/1296/108 1937/1303/108 1938/1304/108
f 1934/1298/108 1938/1304/108 1939/1305/108
f 1935/1300/108 1939/1305/108 1940/1293/108
f 1062/1306/108 1063/1309/108 1941/1307/108
f 1941/1307/108 1942/1308/108 1938/1304/108
f 1942/1308/108 1943/1312/108 1939/1305/108
f 1939/1305/108 1943/1312/108 1944/1292/108
f 1064/320/108 1945/1310/108 1941/1307/108
f 1945/1310/108 1946/1311/108 1942/1308/108
f 1946/1311/108 1947/1313/108 1943/1312/108
f 1947/1313/108 1948/324/108 1944/1292/108
f 120/1026/108 1068/1028/108 1945/1310/108
f 1068/1028/108 1067/1030/108 1946/1311/108
f 1067/1030/108 1066/1032/108 1947/1313/108
f 1066/1032/108 1065/322/108 1948/324/108
f 964/283/152 1952/1314/152 1061/1302/152
f 1952/1314/152 1956/1316/152 1062/1306/152
f 1960/1315/152 1063/1309/152 1062/1306/152
f 1964/321/152 1064/320/152 1063/1309/152
f 107/1317/107 1053/1324/107 1949/1318/107
f 961/1319/152 1949/1318/152 1950/1320/152
f 962/1321/152 1950/1320/152 1951/1322/152
f 963/1323/152 1951/1322/152 1952/1314/152
f 1053/1324/152 1054/1329/152 1953/1325/152
f 1949/1318/152 1953/1325/152 1954/1326/152
f 1950/1320/152 1954/1326/152 1955/1327/152
f 1951/1322/152 1955/1327/152 1956/1316/152
f 1055/1328/152 1957/1332/152 1953/1325/152
f 1953/1325/152 1957/1332/152 1958/1330/152
f 1954/1326/152 1958/1330/152 1959/1331/152
f 1959/1331/152 1960/1315/152 1956/1316/152
f 1056/317/152 1961/1333/152 1957/1332/152
f 1961/1333/152 1962/1334/152 1958/1330/152
f 1962/1334/152 1963/1335/152 1959/1331/152
f 1963/1335/152 1964/321/152 1960/1315/152
f 119/1048/152 1057/1050/152 1961/1333/152
f 1057/1050/152 1058/1052/152 1962/1334/152
f 1058/1052/152 1059/1054/152 1963/1335/152
f 1059/1054/152 1060/319/152 1964/321/152
f 956/280/106 1968/1336/106 1053/1324/106
f 1968/1336/106 1972/1338/106 1054/1329/106
f 1976/1337/106 1055/1328/106 1054/1329/106
f 1980/318/106 1056/317/106 1055/1328/106
f 106/1339/106 1045/1346/106 1965/1340/106
f 953/1341/106 1965/1340/106 1966/1342/106
f 954/1343/106 1966/1342/106 1967/1344/106
f 955/1345/106 1967/1344/106 1968/1336/106
f 1045/1346/106 1046/1351/106 1969/1347/106
f 1965/1340/106 1969/1347/106 1970/1348/106
f 1966/1342/106 1970/1348/106 1971/1349/106
f 1967/1344/106 1971/1349/106 1972/1338/106
f 1047/1350/106 1973/1354/106 1969/1347/106
f 1969/1347/106 1973/1354/106 1974/1352/106
f 1974/1352/106 1975/1353/106 1971/1349/106
f 1975/1353/106 1976/1337/106 1972/1338/106
f 1048/314/106 1977/1355/106 1973/1354/106
f 1977/1355/106 1978/1356/106 1974/1352/106
f 1978/1356/106 1979/1357/106 1975/1353/106
f 1979/1357/106 1980/318/106 1976/1337/106
f 118/1070/106 1049/1072/106 1977/1355/106
f 1049/1072/106 1050/1074/106 1978/1356/106
f 1050/1074/106 1051/1076/106 1979/1357/106
f 1051/1076/106 1052/316/106 1980/318/106
f 948/277/105 1984/1358/105 1045/1346/105
f 1984/1358/105 1988/1359/105 1046/1351/105
f 1988/1359/105 1992/1360/105 1047/1350/105
f 1996/315/105 1048/314/105 1047/1350/105
f 105/1361/105 1037/1368/105 1981/1362/105
f 945/1363/105 1981/1362/105 1982/1364/105
f 946/1365/105 1982/1364/105 1983/1366/105
f 947/1367/105 1983/1366/105 1984/1358/105
f 1037/1368/105 1038/1373/105 1985/1369/105
f 1981/1362/105 1985/1369/105 1986/1370/105
f 1982/1364/105 1986/1370/105 1987/1371/105
f 1983/1366/105 1987/1371/105 1988/1359/105
f 1039/1372/105 1989/1374/105 1985/1369/105
f 1989/1374/105 1990/1377/105 1986/1370/105
f 1986/1370/105 1990/1377/105 1991/1375/105
f 1987/1371/105 1991/1375/105 1992/1360/105
f 1040/311/105 1993/1376/105 1989/1374/105
f 1993/1376/105 1994/1378/105 1990/1377/105
f 1994/1378/105 1995/1379/105 1991/1375/105
f 1995/1379/105 1996/315/105 1992/1360/105
f 117/1092/105 1041/1094/105 1993/1376/105
f 1041/1094/105 1042/1096/105 1994/1378/105
f 1042/1096/105 1043/1098/105 1995/1379/105
f 1043/1098/105 1044/313/105 1996/315/105
f 940/274/104 2000/1380/104 1037/1368/104
f 2000/1380/104 2004/1382/104 1038/1373/104
f 2008/1381/104 1039/1372/104 1038/1373/104
f 2012/312/104 1040/311/104 1039/1372/104
f 104/1383/104 1029/1390/104 1997/1384/104
f 937/1385/104 1997/1384/104 1998/1386/104
f 938/1387/104 1998/1386/104 1999/1388/104
f 939/1389/153 1999/1388/153 2000/1380/153
f 1029/1390/104 1030/1395/104 2001/1391/104
f 1997/1384/104 2001/1391/104 2002/1392/104
f 1998/1386/104 2002/1392/104 2003/1393/104
f 1999/1388/104 2003/1393/104 2004/1382/104
f 1031/1394/104 2005/1397/104 2001/1391/104
f 2001/1391/104 2005/1397/104 2006/1396/104
f 2006/1396/104 2007/1400/104 2003/1393/104
f 2003/1393/104 2007/1400/104 2008/1381/104
f 1032/308/104 2009/1398/104 2005/1397/104
f 2009/1398/104 2010/1399/104 2006/1396/104
f 2010/1399/104 2011/1401/104 2007/1400/104
f 2011/1401/104 2012/312/104 2008/1381/104
f 116/1114/104 1033/1116/104 2009/1398/104
f 1033/1116/104 1034/1118/104 2010/1399/104
f 1034/1118/104 1035/1120/104 2011/1401/104
f 1035/1120/104 1036/310/104 2012/312/104
f 932/271/103 2016/1402/103 1029/1390/103
f 2016/1402/103 2020/1404/103 1030/1395/103
f 2024/1403/103 1031/1394/103 1030/1395/103
f 2028/309/103 1032/308/103 1031/1394/103
f 103/1405/103 1021/1412/103 2013/1406/103
f 929/1407/103 2013/1406/103 2014/1408/103
f 930/1409/103 2014/1408/103 2015/1410/103
f 931/1411/103 2015/1410/103 2016/1402/103
f 1021/1412/103 1022/1417/103 2017/1413/103
f 2013/1406/103 2017/1413/103 2018/1414/103
f 2014/1408/103 2018/1414/103 2019/1415/103
f 2015/1410/103 2019/1415/103 2020/1404/103
f 1023/1416/103 2021/1418/103 2017/1413/103
f 2021/1418/103 2022/1419/103 2018/1414/103
f 2022/1419/103 2023/1420/103 2019/1415/103
f 2023/1420/103 2024/1403/103 2020/1404/103
f 1024/1421/103 2025/1422/103 2021/1418/103
f 2025/1422/103 2026/1423/103 2022/1419/103
f 2026/1423/103 2027/1424/103 2023/1420/103
f 2027/1424/103 2028/309/103 2024/1403/103
f 115/1136/103 1025/1138/103 2025/1422/103
f 1025/1138/103 1026/1140/103 2026/1423/103
f 1026/1140/103 1027/1142/103 2027/1424/103
f 1027/1142/103 1028/307/103 2028/309/103
f 2032/1425/102 1021/1428/102 103/269/102
f 2036/1427/102 1022/1430/102 1021/1428/102
f 2036/1427/102 2040/1431/102 1023/1429/102
f 2040/1431/102 2044/304/102 1024/306/102
f 1013/1432/102 2029/1434/102 921/1433/102
f 2029/1434/102 2030/1436/102 922/1435/102
f 2030/1436/102 2031/1438/102 923/1437/102
f 2031/1438/102 2032/1425/102 924/1426/102
f 1014/1439/102 2033/1440/102 2029/1434/102
f 2033/1440/102 2034/1441/102 2030/1436/102
f 2034/1441/102 2035/1442/102 2031/1438/102
f 2035/1442/102 2036/1427/102 2032/1425/102
f 1015/1443/102 2037/1444/102 2033/1440/102
f 2037/1444/102 2038/1445/102 2034/1441/102
f 2038/1445/102 2039/1446/102 2035/1442/102
f 2039/1446/102 2040/1431/102 2036/1427/102
f 1015/1443/102 1016/303/102 2041/1447/102
f 2037/1444/102 2041/1447/102 2042/1448/102
f 2038/1445/102 2042/1448/102 2043/1449/102
f 2039/1446/102 2043/1449/102 2044/304/102
f 1016/303/102 114/302/102 1017/1164/102
f 2041/1447/102 1017/1164/102 1018/1166/102
f 2042/1448/102 1018/1166/102 1019/1168/102
f 2043/1449/102 1019/1168/102 1020/1157/102
f 2048/1450/101 1013/1432/101 102/266/101
f 2052/1452/101 1014/1439/101 1013/1432/101
f 2056/1453/101 1015/1443/101 1014/1439/101
f 2056/1453/197 2060/301/197 1016/303/197
f 1005/1454/101 2045/1456/101 913/1455/101
f 2045/1456/101 2046/1458/101 914/1457/101
f 2046/1458/101 2047/1460/101 915/1459/101
f 2047/1460/197 2048/1450/197 916/1451/197
f 1006/1461/101 2049/1462/101 2045/1456/101
f 2049/1462/101 2050/1463/101 2046/1458/101
f 2050/1463/101 2051/1464/101 2047/1460/101
f 2051/1464/101 2052/1452/101 2048/1450/101
f 1006/1461/101 1007/1468/101 2053/1465/101
f 2053/1465/101 2054/1466/101 2050/1463/101
f 2054/1466/101 2055/1467/101 2051/1464/101
f 2055/1467/101 2056/1453/101 2052/1452/101
f 1007/1468/101 1008/300/101 2057/1469/101
f 2053/1465/101 2057/1469/101 2058/1470/101
f 2054/1466/101 2058/1470/101 2059/1471/101
f 2055/1467/101 2059/1471/101 2060/301/101
f 1008/300/101 113/299/101 1009/1186/101
f 2057/1469/101 1009/1186/101 1010/1188/101
f 2058/1470/101 1010/1188/101 1011/1190/101
f 2059/1471/101 1011/1190/101 1012/1182/101
f 2064/1472/100 1005/1454/100 101/263/100
f 2068/1474/100 1006/1461/100 1005/1454/100
f 2068/1474/100 2072/1475/100 1007/1468/100
f 2072/1475/100 2076/298/100 1008/300/100
f 997/1476/100 2061/1478/100 905/1477/100
f 2061/1478/100 2062/1480/100 906/1479/100
f 2062/1480/100 2063/1482/100 907/1481/100
f 2063/1482/100 2064/1472/100 908/1473/100
f 998/1483/100 2065/1484/100 2061/1478/100
f 2065/1484/100 2066/1485/100 2062/1480/100
f 2066/1485/100 2067/1486/100 2063/1482/100
f 2067/1486/100 2068/1474/100 2064/1472/100
f 998/1483/100 999/1490/100 2069/1487/100
f 2065/1484/100 2069/1487/100 2070/1488/100
f 2066/1485/100 2070/1488/100 2071/1489/100
f 2067/1486/100 2071/1489/100 2072/1475/100
f 999/1490/100 1000/297/100 2073/1491/100
f 2069/1487/100 2073/1491/100 2074/1492/100
f 2070/1488/100 2074/1492/100 2075/1493/100
f 2071/1489/100 2075/1493/100 2076/298/100
f 1000/297/100 112/296/100 1001/1208/100
f 2073/1491/100 1001/1208/100 1002/1210/100
f 2074/1492/100 1002/1210/100 1003/1212/100
f 2075/1493/100 1003/1212/100 1004/1204/100
f 2080/1494/99 997/1476/99 100/260/99
f 2084/1496/99 998/1483/99 997/1476/99
f 2084/1496/99 2088/1497/99 999/1490/99
f 2088/1497/99 2092/295/99 1000/297/99
f 989/1498/99 2077/1500/99 897/1499/99
f 2077/1500/99 2078/1502/99 898/1501/99
f 2078/1502/99 2079/1504/99 899/1503/99
f 2079/1504/99 2080/1494/99 900/1495/99
f 990/1505/99 2081/1506/99 2077/1500/99
f 2081/1506/99 2082/1507/99 2078/1502/99
f 2082/1507/99 2083/1508/99 2079/1504/99
f 2083/1508/99 2084/1496/99 2080/1494/99
f 991/1509/99 2085/1510/99 2081/1506/99
f 2085/1510/99 2086/1511/99 2082/1507/99
f 2086/1511/99 2087/1515/99 2083/1508/99
f 2083/1508/99 2087/1515/99 2088/1497/99
f 991/1509/99 992/294/99 2089/1512/99
f 2085/1510/99 2089/1512/99 2090/1513/99
f 2086/1511/99 2090/1513/99 2091/1514/99
f 2087/1515/99 2091/1514/99 2092/295/99
f 992/294/99 111/293/99 993/1230/99
f 2089/1512/99 993/1230/99 994/1232/99
f 2090/1513/99 994/1232/99 995/1234/99
f 2091/1514/99 995/1234/99 996/1226/99
f 2096/1516/98 989/1498/98 99/257/98
f 2100/1518/98 990/1505/98 989/1498/98
f 2104/1519/98 991/1509/98 990/1505/98
f 2104/1519/98 2108/292/98 992/294/98
f 981/1520/98 2093/1522/98 889/1521/98
f 2093/1522/154 2094/1524/154 890/1523/154
f 2094/1524/98 2095/1526/98 891/1525/98
f 2095/1526/98 2096/1516/98 892/1517/98
f 982/1527/98 2097/1528/98 2093/1522/98
f 2097/1528/98 2098/1529/98 2094/1524/98
f 2098/1529/98 2099/1530/98 2095/1526/98
f 2099/1530/98 2100/1518/98 2096/1516/98
f 982/1527/98 983/1534/98 2101/1531/98
f 2097/1528/98 2101/1531/98 2102/1532/98
f 2098/1529/98 2102/1532/98 2103/1533/98
f 2103/1533/98 2104/1519/98 2100/1518/98
f 983/1534/98 984/291/98 2105/1535/98
f 2101/1531/98 2105/1535/98 2106/1536/98
f 2102/1532/98 2106/1536/98 2107/1537/98
f 2103/1533/98 2107/1537/98 2108/292/98
f 984/291/98 110/290/98 985/1252/98
f 2105/1535/98 985/1252/98 986/1254/98
f 2106/1536/98 986/1254/98 987/1256/98
f 2107/1537/98 987/1256/98 988/1248/98
f 2112/1538/97 981/1520/97 98/254/97
f 2116/1540/97 982/1527/97 981/1520/97
f 2120/1541/97 983/1534/97 982/1527/97
f 2120/1541/97 2124/289/97 984/291/97
f 973/1288/97 2109/1543/97 881/1542/97
f 2109/1543/97 2110/1545/97 882/1544/97
f 2110/1545/97 2111/1547/97 883/1546/97
f 2111/1547/97 2112/1538/97 884/1539/97
f 974/1291/97 2113/1548/97 2109/1543/97
f 2113/1548/97 2114/1549/97 2110/1545/97
f 2114/1549/97 2115/1550/97 2111/1547/97
f 2115/1550/97 2116/1540/97 2112/1538/97
f 975/1294/97 2117/1554/97 2113/1548/97
f 2113/1548/97 2117/1554/97 2118/1551/97
f 2118/1551/97 2119/1552/97 2115/1550/97
f 2119/1552/97 2120/1541/97 2116/1540/97
f 975/1294/97 976/323/97 2121/1553/97
f 2117/1554/97 2121/1553/97 2122/1555/97
f 2118/1551/97 2122/1555/97 2123/1556/97
f 2119/1552/97 2123/1556/97 2124/289/97
f 976/323/97 109/1020/97 977/1273/97
f 2121/1553/97 977/1273/97 978/1275/97
f 2122/1555/97 978/1275/97 979/1277/97
f 2123/1556/97 979/1277/97 980/1270/97
f 873/250/96 2128/1559/96 877/1557/96
f 2128/1559/96 2132/1562/96 878/1560/96
f 2136/1561/96 879/1563/96 878/1560/96
f 2140/288/96 880/287/96 879/1563/96
f 96/1564/96 965/1571/96 2125/1565/96
f 876/1566/96 2125/1565/96 2126/1567/96
f 875/1568/96 2126/1567/96 2127/1569/96
f 874/1570/96 2127/1569/96 2128/1559/96
f 965/1571/96 966/1576/96 2129/1572/96
f 2125/1565/96 2129/1572/96 2130/1573/96
f 2126/1567/96 2130/1573/96 2131/1574/96
f 2127/1569/96 2131/1574/96 2132/1562/96
f 967/1575/96 2133/1579/96 2129/1572/96
f 2129/1572/96 2133/1579/96 2134/1577/96
f 2130/1573/96 2134/1577/96 2135/1578/96
f 2135/1578/96 2136/1561/96 2132/1562/96
f 968/284/96 2137/1580/96 2133/1579/96
f 2137/1580/96 2138/1581/96 2134/1577/96
f 2138/1581/96 2139/1582/96 2135/1578/96
f 2139/1582/96 2140/288/96 2136/1561/96
f 108/1295/96 972/1297/96 2137/1580/96
f 972/1297/96 971/1299/96 2138/1581/96
f 971/1299/96 970/1301/96 2139/1582/96
f 970/1301/96 969/286/96 2140/288/96
f 868/247/95 2144/1583/95 965/1571/95
f 2144/1583/95 2148/1585/95 966/1576/95
f 2152/1584/95 967/1575/95 966/1576/95
f 2156/285/95 968/284/95 967/1575/95
f 95/1586/95 957/1593/95 2141/1587/95
f 865/1588/156 2141/1587/156 2142/1589/156
f 866/1590/95 2142/1589/95 2143/1591/95
f 867/1592/156 2143/1591/156 2144/1583/156
f 957/1593/95 958/1598/95 2145/1594/95
f 2141/1587/95 2145/1594/95 2146/1595/95
f 2142/1589/95 2146/1595/95 2147/1596/95
f 2143/1591/95 2147/1596/95 2148/1585/95
f 959/1597/95 2149/1599/95 2145/1594/95
f 2149/1599/95 2150/1600/95 2146/1595/95
f 2150/1600/95 2151/1603/95 2147/1596/95
f 2147/1596/95 2151/1603/95 2152/1584/95
f 960/281/95 2153/1601/95 2149/1599/95
f 2153/1601/95 2154/1602/95 2150/1600/95
f 2154/1602/156 2155/1604/156 2151/1603/156
f 2155/1604/95 2156/285/95 2152/1584/95
f 107/1317/95 961/1319/95 2153/1601/95
f 961/1319/95 962/1321/95 2154/1602/95
f 962/1321/95 963/1323/95 2155/1604/95
f 963/1323/95 964/283/95 2156/285/95
f 860/244/94 2160/1605/94 957/1593/94
f 2160/1605/94 2164/1607/94 958/1598/94
f 2168/1606/94 959/1597/94 958/1598/94
f 2172/282/94 960/281/94 959/1597/94
f 94/1608/94 949/1615/94 2157/1609/94
f 857/1610/94 2157/1609/94 2158/1611/94
f 858/1612/94 2158/1611/94 2159/1613/94
f 859/1614/94 2159/1613/94 2160/1605/94
f 949/1615/94 950/1620/94 2161/1616/94
f 2157/1609/94 2161/1616/94 2162/1617/94
f 2158/1611/94 2162/1617/94 2163/1618/94
f 2159/1613/94 2163/1618/94 2164/1607/94
f 951/1619/94 2165/1623/94 2161/1616/94
f 2161/1616/94 2165/1623/94 2166/1621/94
f 2166/1621/94 2167/1622/94 2163/1618/94
f 2167/1622/94 2168/1606/94 2164/1607/94
f 952/278/94 2169/1624/94 2165/1623/94
f 2169/1624/94 2170/1625/94 2166/1621/94
f 2170/1625/94 2171/1626/94 2167/1622/94
f 2171/1626/94 2172/282/94 2168/1606/94
f 106/1339/94 953/1341/94 2169/1624/94
f 953/1341/94 954/1343/94 2170/1625/94
f 954/1343/94 955/1345/94 2171/1626/94
f 955/1345/94 956/280/94 2172/282/94
f 852/241/93 2176/1627/93 949/1615/93
f 2176/1627/93 2180/1628/93 950/1620/93
f 2180/1628/93 2184/1629/93 951/1619/93
f 2188/279/93 952/278/93 951/1619/93
f 93/1630/93 941/1637/93 2173/1631/93
f 849/1632/93 2173/1631/93 2174/1633/93
f 850/1634/93 2174/1633/93 2175/1635/93
f 851/1636/93 2175/1635/93 2176/1627/93
f 941/1637/93 942/1642/93 2177/1638/93
f 2173/1631/93 2177/1638/93 2178/1639/93
f 2174/1633/93 2178/1639/93 2179/1640/93
f 2175/1635/93 2179/1640/93 2180/1628/93
f 943/1641/93 2181/1643/93 2177/1638/93
f 2181/1643/93 2182/1644/93 2178/1639/93
f 2182/1644/93 2183/1647/93 2179/1640/93
f 2179/1640/93 2183/1647/93 2184/1629/93
f 944/275/93 2185/1645/93 2181/1643/93
f 2185/1645/93 2186/1646/93 2182/1644/93
f 2186/1646/93 2187/1648/93 2183/1647/93
f 2187/1648/93 2188/279/93 2184/1629/93
f 105/1361/93 945/1363/93 2185/1645/93
f 945/1363/93 946/1365/93 2186/1646/93
f 946/1365/93 947/1367/93 2187/1648/93
f 947/1367/93 948/277/93 2188/279/93
f 844/238/92 2192/1649/92 941/1637/92
f 2192/1649/92 2196/1650/92 942/1642/92
f 2196/1650/92 2200/1651/92 943/1641/92
f 2204/276/92 944/275/92 943/1641/92
f 92/1652/92 933/1659/92 2189/1653/92
f 841/1654/92 2189/1653/92 2190/1655/92
f 842/1656/92 2190/1655/92 2191/1657/92
f 843/1658/157 2191/1657/157 2192/1649/157
f 933/1659/92 934/1664/92 2193/1660/92
f 2189/1653/92 2193/1660/92 2194/1661/92
f 2190/1655/92 2194/1661/92 2195/1662/92
f 2191/1657/92 2195/1662/92 2196/1650/92
f 935/1663/92 2197/1667/92 2193/1660/92
f 2193/1660/157 2197/1667/157 2198/1665/157
f 2194/1661/92 2198/1665/92 2199/1666/92
f 2195/1662/157 2199/1666/157 2200/1651/157
f 936/272/92 2201/1668/92 2197/1667/92
f 2201/1668/92 2202/1669/92 2198/1665/92
f 2202/1669/92 2203/1670/92 2199/1666/92
f 2203/1670/92 2204/276/92 2200/1651/92
f 104/1383/92 937/1385/92 2201/1668/92
f 937/1385/92 938/1387/92 2202/1669/92
f 938/1387/92 939/1389/92 2203/1670/92
f 939/1389/92 940/274/92 2204/276/92
f 836/235/91 2208/1671/91 933/1659/91
f 2208/1671/91 2212/1673/91 934/1664/91
f 2216/1672/91 935/1663/91 934/1664/91
f 2220/273/91 936/272/91 935/1663/91
f 91/1674/91 925/1681/91 2205/1675/91
f 833/1676/91 2205/1675/91 2206/1677/91
f 834/1678/91 2206/1677/91 2207/1679/91
f 835/1680/158 2207/1679/158 2208/1671/158
f 925/1681/91 926/1686/91 2209/1682/91
f 2205/1675/158 2209/1682/158 2210/1683/158
f 2206/1677/91 2210/1683/91 2211/1684/91
f 2207/1679/91 2211/1684/91 2212/1673/91
f 927/1685/91 2213/1687/91 2209/1682/91
f 2213/1687/158 2214/1688/158 2210/1683/158
f 2214/1688/91 2215/1692/91 2211/1684/91
f 2211/1684/91 2215/1692/91 2216/1672/91
f 928/1689/91 2217/1690/91 2213/1687/91
f 2217/1690/91 2218/1691/91 2214/1688/91
f 2218/1691/91 2219/1693/91 2215/1692/91
f 2219/1693/158 2220/273/158 2216/1672/158
f 103/1405/91 929/1407/91 2217/1690/91
f 929/1407/91 930/1409/91 2218/1691/91
f 930/1409/91 931/1411/91 2219/1693/91
f 931/1411/91 932/271/91 2220/273/91
f 2224/1694/90 925/1697/90 91/233/90
f 2228/1696/90 926/1699/90 925/1697/90
f 2232/1698/90 927/1700/90 926/1699/90
f 2232/1698/90 2236/268/90 928/270/90
f 917/1701/90 2221/1703/90 825/1702/90
f 2221/1703/90 2222/1705/90 826/1704/90
f 2222/1705/90 2223/1707/90 827/1706/90
f 2223/1707/90 2224/1694/90 828/1695/90
f 918/1708/90 2225/1709/90 2221/1703/90
f 2225/1709/90 2226/1710/90 2222/1705/90
f 2226/1710/198 2227/1711/198 2223/1707/198
f 2227/1711/90 2228/1696/90 2224/1694/90
f 919/1712/90 2229/1716/90 2225/1709/90
f 2225/1709/90 2229/1716/90 2230/1713/90
f 2230/1713/198 2231/1714/198 2227/1711/198
f 2231/1714/90 2232/1698/90 2228/1696/90
f 919/1712/90 920/267/90 2233/1715/90
f 2229/1716/90 2233/1715/90 2234/1717/90
f 2230/1713/90 2234/1717/90 2235/1718/90
f 2231/1714/90 2235/1718/90 2236/268/90
f 920/267/90 102/266/90 921/1433/90
f 2233/1715/90 921/1433/90 922/1435/90
f 2234/1717/90 922/1435/90 923/1437/90
f 2235/1718/90 923/1437/90 924/1426/90
f 2240/1719/89 917/1701/89 90/230/89
f 2244/1721/89 918/1708/89 917/1701/89
f 2248/1722/89 919/1712/89 918/1708/89
f 2248/1722/159 2252/265/159 920/267/159
f 909/1723/89 2237/1725/89 817/1724/89
f 2237/1725/89 2238/1727/89 818/1726/89
f 2238/1727/159 2239/1729/159 819/1728/159
f 2239/1729/89 2240/1719/89 820/1720/89
f 910/1730/89 2241/1731/89 2237/1725/89
f 2241/1731/89 2242/1732/89 2238/1727/89
f 2242/1732/89 2243/1733/89 2239/1729/89
f 2243/1733/89 2244/1721/89 2240/1719/89
f 910/1730/89 911/1737/89 2245/1734/89
f 2241/1731/89 2245/1734/89 2246/1735/89
f 2246/1735/159 2247/1736/159 2243/1733/159
f 2247/1736/89 2248/1722/89 2244/1721/89
f 911/1737/89 912/264/89 2249/1738/89
f 2245/1734/89 2249/1738/89 2250/1739/89
f 2246/1735/89 2250/1739/89 2251/1740/89
f 2247/1736/89 2251/1740/89 2252/265/89
f 912/264/159 101/263/159 913/1455/159
f 2249/1738/89 913/1455/89 914/1457/89
f 2250/1739/159 914/1457/159 915/1459/159
f 2251/1740/89 915/1459/89 916/1451/89
f 2256/1741/88 909/1723/88 89/227/88
f 2260/1743/88 910/1730/88 909/1723/88
f 2264/1744/88 911/1737/88 910/1730/88
f 2264/1744/88 2268/262/88 912/264/88
f 901/1745/88 2253/1747/88 809/1746/88
f 2253/1747/88 2254/1749/88 810/1748/88
f 2254/1749/88 2255/1751/88 811/1750/88
f 2255/1751/88 2256/1741/88 812/1742/88
f 902/1752/88 2257/1753/88 2253/1747/88
f 2257/1753/88 2258/1754/88 2254/1749/88
f 2258/1754/88 2259/1755/88 2255/1751/88
f 2259/1755/88 2260/1743/88 2256/1741/88
f 903/1756/88 2261/1757/88 2257/1753/88
f 2261/1757/88 2262/1758/88 2258/1754/88
f 2262/1758/88 2263/1759/88 2259/1755/88
f 2263/1759/88 2264/1744/88 2260/1743/88
f 903/1756/88 904/261/88 2265/1760/88
f 2261/1757/88 2265/1760/88 2266/1761/88
f 2262/1758/88 2266/1761/88 2267/1762/88
f 2263/1759/88 2267/1762/88 2268/262/88
f 904/261/88 100/260/88 905/1477/88
f 2265/1760/88 905/1477/88 906/1479/88
f 2266/1761/88 906/1479/88 907/1481/88
f 2267/1762/88 907/1481/88 908/1473/88
f 2272/1763/87 901/1745/87 88/224/87
f 2276/1765/87 902/1752/87 901/1745/87
f 2280/1766/87 903/1756/87 902/1752/87
f 2280/1766/87 2284/259/87 904/261/87
f 893/1767/87 2269/1769/87 801/1768/87
f 2269/1769/87 2270/1771/87 802/1770/87
f 2270/1771/87 2271/1773/87 803/1772/87
f 2271/1773/87 2272/1763/87 804/1764/87
f 894/1774/87 2273/1775/87 2269/1769/87
f 2273/1775/87 2274/1776/87 2270/1771/87
f 2274/1776/87 2275/1777/87 2271/1773/87
f 2275/1777/87 2276/1765/87 2272/1763/87
f 895/1778/87 2277/1779/87 2273/1775/87
f 2277/1779/87 2278/1783/87 2274/1776/87
f 2274/1776/87 2278/1783/87 2279/1780/87
f 2279/1780/87 2280/1766/87 2276/1765/87
f 895/1778/87 896/258/87 2281/1781/87
f 2277/1779/87 2281/1781/87 2282/1782/87
f 2278/1783/87 2282/1782/87 2283/1784/87
f 2279/1780/87 2283/1784/87 2284/259/87
f 896/258/87 99/257/87 897/1499/87
f 2281/1781/87 897/1499/87 898/1501/87
f 2282/1782/87 898/1501/87 899/1503/87
f 2283/1784/87 899/1503/87 900/1495/87
f 2288/1785/160 893/1767/160 87/221/160
f 2292/1787/160 894/1774/160 893/1767/160
f 2292/1787/160 2296/1788/160 895/1778/160
f 2296/1788/160 2300/256/160 896/258/160
f 885/1789/160 2285/1791/160 793/1790/160
f 2285/1791/160 2286/1793/160 794/1792/160
f 2286/1793/160 2287/1795/160 795/1794/160
f 2287/1795/160 2288/1785/160 796/1786/160
f 886/1796/160 2289/1797/160 2285/1791/160
f 2289/1797/160 2290/1798/160 2286/1793/160
f 2290/1798/160 2291/1799/160 2287/1795/160
f 2291/1799/160 2292/1787/160 2288/1785/160
f 887/1800/86 2293/1801/86 2289/1797/86
f 2293/1801/160 2294/1802/160 2290/1798/160
f 2294/1802/160 2295/1803/160 2291/1799/160
f 2295/1803/160 2296/1788/160 2292/1787/160
f 887/1800/160 888/255/160 2297/1804/160
f 2293/1801/86 2297/1804/86 2298/1805/86
f 2294/1802/160 2298/1805/160 2299/1806/160
f 2295/1803/160 2299/1806/160 2300/256/160
f 888/255/160 98/254/160 889/1521/160
f 2297/1804/160 889/1521/160 890/1523/160
f 2298/1805/160 890/1523/160 891/1525/160
f 2299/1806/160 891/1525/160 892/1517/160
f 2304/1807/85 885/1789/85 86/218/85
f 2308/1809/85 886/1796/85 885/1789/85
f 2308/1809/85 2312/1810/85 887/1800/85
f 2312/1810/85 2316/253/85 888/255/85
f 877/1557/85 2301/1812/85 785/1811/85
f 2301/1812/85 2302/1814/85 786/1813/85
f 2302/1814/85 2303/1816/85 787/1815/85
f 2303/1816/85 2304/1807/85 788/1808/85
f 878/1560/85 2305/1817/85 2301/1812/85
f 2305/1817/85 2306/1818/85 2302/1814/85
f 2306/1818/85 2307/1819/85 2303/1816/85
f 2307/1819/161 2308/1809/161 2304/1807/161
f 879/1563/85 2309/1820/85 2305/1817/85
f 2309/1820/85 2310/1821/85 2306/1818/85
f 2310/1821/85 2311/1822/85 2307/1819/85
f 2311/1822/85 2312/1810/85 2308/1809/85
f 879/1563/85 880/287/85 2313/1823/85
f 2309/1820/85 2313/1823/85 2314/1824/85
f 2310/1821/85 2314/1824/85 2315/1825/85
f 2311/1822/85 2315/1825/85 2316/253/85
f 880/287/85 97/1289/85 881/1542/85
f 2313/1823/85 881/1542/85 882/1544/85
f 2314/1824/85 882/1544/85 883/1546/85
f 2315/1825/85 883/1546/85 884/1539/85
f 777/214/84 2320/1828/84 781/1826/84
f 2320/1828/84 2324/1830/84 782/1829/84
f 2324/1830/84 2328/1832/84 783/1831/84
f 2332/252/84 784/251/84 783/1831/84
f 84/1833/84 869/1840/84 2317/1834/84
f 780/1835/84 2317/1834/84 2318/1836/84
f 779/1837/84 2318/1836/84 2319/1838/84
f 778/1839/84 2319/1838/84 2320/1828/84
f 869/1840/84 870/1845/84 2321/1841/84
f 2317/1834/84 2321/1841/84 2322/1842/84
f 2318/1836/84 2322/1842/84 2323/1843/84
f 2319/1838/84 2323/1843/84 2324/1830/84
f 871/1844/84 2325/1847/84 2321/1841/84
f 2321/1841/84 2325/1847/84 2326/1846/84
f 2326/1846/84 2327/1850/84 2323/1843/84
f 2323/1843/84 2327/1850/84 2328/1832/84
f 872/248/84 2329/1848/84 2325/1847/84
f 2329/1848/84 2330/1849/84 2326/1846/84
f 2330/1849/84 2331/1851/84 2327/1850/84
f 2331/1851/84 2332/252/84 2328/1832/84
f 96/1564/84 876/1566/84 2329/1848/84
f 876/1566/84 875/1568/84 2330/1849/84
f 875/1568/84 874/1570/84 2331/1851/84
f 874/1570/84 873/250/84 2332/252/84
f 772/211/83 2336/1852/83 869/1840/83
f 2336/1852/83 2340/1853/83 870/1845/83
f 2340/1853/83 2344/1854/83 871/1844/83
f 2348/249/83 872/248/83 871/1844/83
f 83/1855/83 861/1862/83 2333/1856/83
f 769/1857/83 2333/1856/83 2334/1858/83
f 770/1859/83 2334/1858/83 2335/1860/83
f 771/1861/83 2335/1860/83 2336/1852/83
f 861/1862/83 862/1867/83 2337/1863/83
f 2333/1856/162 2337/1863/162 2338/1864/162
f 2334/1858/83 2338/1864/83 2339/1865/83
f 2335/1860/83 2339/1865/83 2340/1853/83
f 863/1866/83 2341/1868/83 2337/1863/83
f 2341/1868/83 2342/1869/83 2338/1864/83
f 2342/1869/83 2343/1870/83 2339/1865/83
f 2343/1870/83 2344/1854/83 2340/1853/83
f 864/245/83 2345/1871/83 2341/1868/83
f 2345/1871/83 2346/1872/83 2342/1869/83
f 2346/1872/83 2347/1873/83 2343/1870/83
f 2347/1873/83 2348/249/83 2344/1854/83
f 95/1586/83 865/1588/83 2345/1871/83
f 865/1588/83 866/1590/83 2346/1872/83
f 866/1590/162 867/1592/162 2347/1873/162
f 867/1592/162 868/247/162 2348/249/162
f 764/208/82 2352/1874/82 861/1862/82
f 2352/1874/82 2356/1876/82 862/1867/82
f 2360/1875/82 863/1866/82 862/1867/82
f 2364/246/82 864/245/82 863/1866/82
f 82/1877/82 853/1884/82 2349/1878/82
f 761/1879/82 2349/1878/82 2350/1880/82
f 762/1881/82 2350/1880/82 2351/1882/82
f 763/1883/82 2351/1882/82 2352/1874/82
f 853/1884/82 854/1889/82 2353/1885/82
f 2349/1878/82 2353/1885/82 2354/1886/82
f 2350/1880/82 2354/1886/82 2355/1887/82
f 2351/1882/82 2355/1887/82 2356/1876/82
f 855/1888/82 2357/1892/82 2353/1885/82
f 2353/1885/82 2357/1892/82 2358/1890/82
f 2354/1886/82 2358/1890/82 2359/1891/82
f 2355/1887/82 2359/1891/82 2360/1875/82
f 856/242/82 2361/1893/82 2357/1892/82
f 2361/1893/82 2362/1894/82 2358/1890/82
f 2362/1894/82 2363/1895/82 2359/1891/82
f 2363/1895/82 2364/246/82 2360/1875/82
f 94/1608/82 857/1610/82 2361/1893/82
f 857/1610/82 858/1612/82 2362/1894/82
f 858/1612/82 859/1614/82 2363/1895/82
f 859/1614/82 860/244/82 2364/246/82
f 756/205/81 2368/1896/81 853/1884/81
f 2368/1896/81 2372/1898/81 854/1889/81
f 2376/1897/81 855/1888/81 854/1889/81
f 2380/243/81 856/242/81 855/1888/81
f 81/1899/81 845/1906/81 2365/1900/81
f 753/1901/81 2365/1900/81 2366/1902/81
f 754/1903/81 2366/1902/81 2367/1904/81
f 755/1905/81 2367/1904/81 2368/1896/81
f 845/1906/81 846/1911/81 2369/1907/81
f 2365/1900/81 2369/1907/81 2370/1908/81
f 2366/1902/81 2370/1908/81 2371/1909/81
f 2367/1904/81 2371/1909/81 2372/1898/81
f 847/1910/81 2373/1914/81 2369/1907/81
f 2369/1907/81 2373/1914/81 2374/1912/81
f 2374/1912/81 2375/1913/81 2371/1909/81
f 2375/1913/81 2376/1897/81 2372/1898/81
f 848/239/81 2377/1915/81 2373/1914/81
f 2377/1915/81 2378/1916/81 2374/1912/81
f 2378/1916/81 2379/1917/81 2375/1913/81
f 2379/1917/81 2380/243/81 2376/1897/81
f 93/1630/81 849/1632/81 2377/1915/81
f 849/1632/81 850/1634/81 2378/1916/81
f 850/1634/81 851/1636/81 2379/1917/81
f 851/1636/81 852/241/81 2380/243/81
f 748/202/80 2384/1918/80 845/1906/80
f 2384/1918/80 2388/1920/80 846/1911/80
f 2392/1919/80 847/1910/80 846/1911/80
f 2396/240/80 848/239/80 847/1910/80
f 80/1921/80 837/1928/80 2381/1922/80
f 745/1923/80 2381/1922/80 2382/1924/80
f 746/1925/80 2382/1924/80 2383/1926/80
f 747/1927/163 2383/1926/163 2384/1918/163
f 837/1928/80 838/1932/80 2385/1929/80
f 2381/1922/80 2385/1929/80 2386/1930/80
f 2382/1924/163 2386/1930/163 2387/1931/163
f 2383/1926/80 2387/1931/80 2388/1920/80
f 838/1932/80 839/1936/80 2389/1933/80
f 2385/1929/80 2389/1933/80 2390/1934/80
f 2386/1930/80 2390/1934/80 2391/1935/80
f 2391/1935/163 2392/1919/163 2388/1920/163
f 840/236/80 2393/1937/80 2389/1933/80
f 2393/1937/80 2394/1938/80 2390/1934/80
f 2394/1938/80 2395/1939/80 2391/1935/80
f 2395/1939/80 2396/240/80 2392/1919/80
f 92/1652/80 841/1654/80 2393/1937/80
f 841/1654/80 842/1656/80 2394/1938/80
f 842/1656/80 843/1658/80 2395/1939/80
f 843/1658/80 844/238/80 2396/240/80
f 740/199/79 2400/1940/79 837/1928/79
f 2400/1940/79 2404/1941/79 838/1932/79
f 2404/1941/79 2408/1942/79 839/1936/79
f 2412/237/79 840/236/79 839/1936/79
f 79/1943/79 829/1950/79 2397/1944/79
f 737/1945/79 2397/1944/79 2398/1946/79
f 738/1947/79 2398/1946/79 2399/1948/79
f 739/1949/79 2399/1948/79 2400/1940/79
f 829/1950/79 830/1955/79 2401/1951/79
f 2397/1944/79 2401/1951/79 2402/1952/79
f 2398/1946/79 2402/1952/79 2403/1953/79
f 2399/1948/79 2403/1953/79 2404/1941/79
f 831/1954/79 2405/1959/79 2401/1951/79
f 2401/1951/79 2405/1959/79 2406/1956/79
f 2402/1952/79 2406/1956/79 2407/1957/79
f 2407/1957/79 2408/1942/79 2404/1941/79
f 832/1958/79 2409/1960/79 2405/1959/79
f 2409/1960/79 2410/1961/79 2406/1956/79
f 2410/1961/79 2411/1962/79 2407/1957/79
f 2411/1962/79 2412/237/79 2408/1942/79
f 91/1674/79 833/1676/79 2409/1960/79
f 833/1676/79 834/1678/79 2410/1961/79
f 834/1678/79 835/1680/79 2411/1962/79
f 835/1680/79 836/235/79 2412/237/79
f 2416/1963/78 829/1966/78 79/197/78
f 2420/1965/78 830/1968/78 829/1966/78
f 2424/1967/78 831/1969/78 830/1968/78
f 2424/1967/78 2428/232/78 832/234/78
f 821/1970/78 2413/1972/78 729/1971/78
f 2413/1972/78 2414/1974/78 730/1973/78
f 2414/1974/78 2415/1976/78 731/1975/78
f 2415/1976/78 2416/1963/78 732/1964/78
f 822/1977/78 2417/1978/78 2413/1972/78
f 2417/1978/78 2418/1979/78 2414/1974/78
f 2418/1979/78 2419/1980/78 2415/1976/78
f 2419/1980/78 2420/1965/78 2416/1963/78
f 823/1981/78 2421/1982/78 2417/1978/78
f 2421/1982/78 2422/1983/78 2418/1979/78
f 2422/1983/78 2423/1984/78 2419/1980/78
f 2423/1984/78 2424/1967/78 2420/1965/78
f 823/1981/78 824/231/78 2425/1985/78
f 2421/1982/78 2425/1985/78 2426/1986/78
f 2422/1983/78 2426/1986/78 2427/1987/78
f 2423/1984/78 2427/1987/78 2428/232/78
f 824/231/78 90/230/78 825/1702/78
f 2425/1985/78 825/1702/78 826/1704/78
f 2426/1986/78 826/1704/78 827/1706/78
f 2427/1987/78 827/1706/78 828/1695/78
f 2432/1988/164 821/1970/164 78/194/164
f 2436/1990/164 822/1977/164 821/1970/164
f 2440/1991/164 823/1981/164 822/1977/164
f 2440/1991/164 2444/229/164 824/231/164
f 813/1992/164 2429/1994/164 721/1993/164
f 2429/1994/164 2430/1996/164 722/1995/164
f 2430/1996/164 2431/1998/164 723/1997/164
f 2431/1998/164 2432/1988/164 724/1989/164
f 814/1999/164 2433/2000/164 2429/1994/164
f 2433/2000/77 2434/2001/77 2430/1996/77
f 2434/2001/77 2435/2002/77 2431/1998/77
f 2435/2002/164 2436/1990/164 2432/1988/164
f 814/1999/164 815/2006/164 2437/2003/164
f 2433/2000/164 2437/2003/164 2438/2004/164
f 2438/2004/164 2439/2005/164 2435/2002/164
f 2439/2005/164 2440/1991/164 2436/1990/164
f 815/2006/164 816/228/164 2441/2007/164
f 2437/2003/164 2441/2007/164 2442/2008/164
f 2438/2004/164 2442/2008/164 2443/2009/164
f 2439/2005/164 2443/2009/164 2444/229/164
f 816/228/164 89/227/164 817/1724/164
f 2441/2007/164 817/1724/164 818/1726/164
f 2442/2008/164 818/1726/164 819/1728/164
f 2443/2009/77 819/1728/77 820/1720/77
f 2448/2010/76 813/1992/76 77/191/76
f 2452/2012/76 814/1999/76 813/1992/76
f 2452/2012/76 2456/2013/76 815/2006/76
f 2456/2013/76 2460/226/76 816/228/76
f 805/2014/76 2445/2016/76 713/2015/76
f 2445/2016/76 2446/2018/76 714/2017/76
f 2446/2018/76 2447/2020/76 715/2019/76
f 2447/2020/76 2448/2010/76 716/2011/76
f 806/2021/76 2449/2022/76 2445/2016/76
f 2449/2022/76 2450/2023/76 2446/2018/76
f 2450/2023/76 2451/2024/76 2447/2020/76
f 2451/2024/76 2452/2012/76 2448/2010/76
f 807/2025/76 2453/2026/76 2449/2022/76
f 2453/2026/76 2454/2030/76 2450/2023/76
f 2450/2023/76 2454/2030/76 2455/2027/76
f 2451/2024/76 2455/2027/76 2456/2013/76
f 807/2025/76 808/225/76 2457/2028/76
f 2453/2026/76 2457/2028/76 2458/2029/76
f 2454/2030/76 2458/2029/76 2459/2031/76
f 2455/2027/76 2459/2031/76 2460/226/76
f 808/225/76 88/224/76 809/1746/76
f 2457/2028/76 809/1746/76 810/1748/76
f 2458/2029/76 810/1748/76 811/1750/76
f 2459/2031/76 811/1750/76 812/1742/76
f 2464/2032/75 805/2014/75 76/188/75
f 2468/2034/75 806/2021/75 805/2014/75
f 2468/2034/75 2472/2035/75 807/2025/75
f 2472/2035/75 2476/223/75 808/225/75
f 797/2036/75 2461/2038/75 705/2037/75
f 2461/2038/75 2462/2040/75 706/2039/75
f 2462/2040/75 2463/2042/75 707/2041/75
f 2463/2042/75 2464/2032/75 708/2033/75
f 798/2043/75 2465/2044/75 2461/2038/75
f 2465/2044/75 2466/2045/75 2462/2040/75
f 2466/2045/75 2467/2046/75 2463/2042/75
f 2467/2046/75 2468/2034/75 2464/2032/75
f 798/2043/75 799/2049/75 2469/2047/75
f 2469/2047/75 2470/2052/75 2466/2045/75
f 2466/2045/75 2470/2052/75 2471/2048/75
f 2467/2046/75 2471/2048/75 2472/2035/75
f 799/2049/75 800/222/75 2473/2050/75
f 2469/2047/75 2473/2050/75 2474/2051/75
f 2470/2052/75 2474/2051/75 2475/2053/75
f 2471/2048/75 2475/2053/75 2476/223/75
f 800/222/75 87/221/75 801/1768/75
f 2473/2050/75 801/1768/75 802/1770/75
f 2474/2051/75 802/1770/75 803/1772/75
f 2475/2053/75 803/1772/75 804/1764/75
f 2480/2054/74 797/2036/74 75/185/74
f 2484/2056/74 798/2043/74 797/2036/74
f 2488/2057/165 799/2049/165 798/2043/165
f 2488/2057/74 2492/220/74 800/222/74
f 789/2058/74 2477/2060/74 697/2059/74
f 2477/2060/74 2478/2062/74 698/2061/74
f 2478/2062/74 2479/2064/74 699/2063/74
f 2479/2064/74 2480/2054/74 700/2055/74
f 790/2065/74 2481/2066/74 2477/2060/74
f 2481/2066/74 2482/2067/74 2478/2062/74
f 2482/2067/74 2483/2068/74 2479/2064/74
f 2483/2068/165 2484/2056/165 2480/2054/165
f 791/2069/74 2485/2070/74 2481/2066/74
f 2485/2070/74 2486/2071/74 2482/2067/74
f 2486/2071/74 2487/2072/74 2483/2068/74
f 2487/2072/74 2488/2057/74 2484/2056/74
f 791/2069/74 792/219/74 2489/2073/74
f 2485/2070/74 2489/2073/74 2490/2074/74
f 2486/2071/74 2490/2074/74 2491/2075/74
f 2487/2072/74 2491/2075/74 2492/220/74
f 792/219/74 86/218/74 793/1790/74
f 2489/2073/165 793/1790/165 794/1792/165
f 2490/2074/74 794/1792/74 795/1794/74
f 2491/2075/74 795/1794/74 796/1786/74
f 2496/2076/73 789/2058/73 74/182/73
f 2500/2078/73 790/2065/73 789/2058/73
f 2500/2078/73 2504/2079/73 791/2069/73
f 2504/2079/73 2508/217/73 792/219/73
f 781/1826/73 2493/2081/73 689/2080/73
f 2493/2081/73 2494/2083/73 690/2082/73
f 2494/2083/73 2495/2085/73 691/2084/73
f 2495/2085/73 2496/2076/73 692/2077/73
f 782/1829/73 2497/2086/73 2493/2081/73
f 2497/2086/73 2498/2087/73 2494/2083/73
f 2498/2087/73 2499/2088/73 2495/2085/73
f 2499/2088/73 2500/2078/73 2496/2076/73
f 783/1831/73 2501/2089/73 2497/2086/73
f 2501/2089/73 2502/2093/73 2498/2087/73
f 2498/2087/73 2502/2093/73 2503/2090/73
f 2503/2090/73 2504/2079/73 2500/2078/73
f 783/1831/73 784/251/73 2505/2091/73
f 2501/2089/73 2505/2091/73 2506/2092/73
f 2502/2093/73 2506/2092/73 2507/2094/73
f 2503/2090/73 2507/2094/73 2508/217/73
f 784/251/73 85/1558/73 785/1811/73
f 2505/2091/73 785/1811/73 786/1813/73
f 2506/2092/73 786/1813/73 787/1815/73
f 2507/2094/73 787/1815/73 788/1808/73
f 681/178/72 2512/2097/72 685/2095/72
f 2512/2097/72 2516/2099/72 686/2098/72
f 2516/2099/72 2520/2101/72 687/2100/72
f 2524/216/72 688/215/72 687/2100/72
f 72/2102/72 773/2109/72 2509/2103/72
f 684/2104/72 2509/2103/72 2510/2105/72
f 683/2106/72 2510/2105/72 2511/2107/72
f 682/2108/72 2511/2107/72 2512/2097/72
f 773/2109/72 774/2113/72 2513/2110/72
f 2509/2103/72 2513/2110/72 2514/2111/72
f 2510/2105/72 2514/2111/72 2515/2112/72
f 2511/2107/72 2515/2112/72 2516/2099/72
f 774/2113/72 775/2117/72 2517/2114/72
f 2513/2110/72 2517/2114/72 2518/2115/72
f 2514/2111/72 2518/2115/72 2519/2116/72
f 2515/2112/72 2519/2116/72 2520/2101/72
f 776/212/72 2521/2118/72 2517/2114/72
f 2521/2118/72 2522/2119/72 2518/2115/72
f 2522/2119/72 2523/2120/72 2519/2116/72
f 2523/2120/72 2524/216/72 2520/2101/72
f 84/1833/72 780/1835/72 2521/2118/72
f 780/1835/72 779/1837/72 2522/2119/72
f 779/1837/72 778/1839/72 2523/2120/72
f 778/1839/72 777/214/72 2524/216/72
f 676/175/166 2528/2121/166 773/2109/166
f 2528/2121/166 2532/2122/166 774/2113/166
f 2532/2122/166 2536/2123/166 775/2117/166
f 2540/213/166 776/212/166 775/2117/166
f 71/2124/71 765/2131/71 2525/2125/71
f 673/2126/71 2525/2125/71 2526/2127/71
f 674/2128/166 2526/2127/166 2527/2129/166
f 675/2130/71 2527/2129/71 2528/2121/71
f 765/2131/166 766/2136/166 2529/2132/166
f 2525/2125/166 2529/2132/166 2530/2133/166
f 2526/2127/166 2530/2133/166 2531/2134/166
f 2527/2129/166 2531/2134/166 2532/2122/166
f 767/2135/166 2533/2137/166 2529/2132/166
f 2533/2137/166 2534/2138/166 2530/2133/166
f 2534/2138/166 2535/2141/166 2531/2134/166
f 2531/2134/166 2535/2141/166 2536/2123/166
f 768/209/166 2537/2139/166 2533/2137/166
f 2537/2139/166 2538/2140/166 2534/2138/166
f 2538/2140/166 2539/2142/166 2535/2141/166
f 2539/2142/166 2540/213/166 2536/2123/166
f 83/1855/166 769/1857/166 2537/2139/166
f 769/1857/166 770/1859/166 2538/2140/166
f 770/1859/166 771/1861/166 2539/2142/166
f 771/1861/166 772/211/166 2540/213/166
f 668/172/70 2544/2143/70 765/2131/70
f 2544/2143/70 2548/2144/70 766/2136/70
f 2548/2144/70 2552/2145/70 767/2135/70
f 2556/210/70 768/209/70 767/2135/70
f 70/2146/70 757/2153/70 2541/2147/70
f 665/2148/70 2541/2147/70 2542/2149/70
f 666/2150/70 2542/2149/70 2543/2151/70
f 667/2152/70 2543/2151/70 2544/2143/70
f 757/2153/70 758/2157/70 2545/2154/70
f 2541/2147/70 2545/2154/70 2546/2155/70
f 2542/2149/70 2546/2155/70 2547/2156/70
f 2543/2151/70 2547/2156/70 2548/2144/70
f 758/2157/70 759/2161/70 2549/2158/70
f 2549/2158/70 2550/2159/70 2546/2155/70
f 2550/2159/70 2551/2160/70 2547/2156/70
f 2551/2160/70 2552/2145/70 2548/2144/70
f 760/206/70 2553/2162/70 2549/2158/70
f 2553/2162/70 2554/2163/70 2550/2159/70
f 2554/2163/70 2555/2164/70 2551/2160/70
f 2555/2164/70 2556/210/70 2552/2145/70
f 82/1877/70 761/1879/70 2553/2162/70
f 761/1879/70 762/1881/70 2554/2163/70
f 762/1881/70 763/1883/70 2555/2164/70
f 763/1883/70 764/208/70 2556/210/70
f 660/169/69 2560/2165/69 757/2153/69
f 2560/2165/69 2564/2167/69 758/2157/69
f 2568/2166/69 759/2161/69 758/2157/69
f 2572/207/69 760/206/69 759/2161/69
f 69/2168/69 749/2175/69 2557/2169/69
f 657/2170/69 2557/2169/69 2558/2171/69
f 658/2172/69 2558/2171/69 2559/2173/69
f 659/2174/69 2559/2173/69 2560/2165/69
f 749/2175/69 750/2179/69 2561/2176/69
f 2557/2169/69 2561/2176/69 2562/2177/69
f 2558/2171/69 2562/2177/69 2563/2178/69
f 2559/2173/69 2563/2178/69 2564/2167/69
f 750/2179/69 751/2182/69 2565/2180/69
f 2565/2180/69 2566/2181/69 2562/2177/69
f 2566/2181/69 2567/2185/69 2563/2178/69
f 2563/2178/69 2567/2185/69 2568/2166/69
f 752/203/69 2569/2183/69 2565/2180/69
f 2569/2183/69 2570/2184/69 2566/2181/69
f 2570/2184/69 2571/2186/69 2567/2185/69
f 2571/2186/69 2572/207/69 2568/2166/69
f 81/1899/69 753/1901/69 2569/2183/69
f 753/1901/69 754/1903/69 2570/2184/69
f 754/1903/69 755/1905/69 2571/2186/69
f 755/1905/69 756/205/69 2572/207/69
f 652/166/167 2576/2187/167 749/2175/167
f 2576/2187/167 2580/2188/167 750/2179/167
f 2580/2188/68 2584/2189/68 751/2182/68
f 2588/204/68 752/203/68 751/2182/68
f 68/2190/68 741/2197/68 2573/2191/68
f 649/2192/68 2573/2191/68 2574/2193/68
f 650/2194/68 2574/2193/68 2575/2195/68
f 651/2196/68 2575/2195/68 2576/2187/68
f 741/2197/167 742/2201/167 2577/2198/167
f 2573/2191/167 2577/2198/167 2578/2199/167
f 2574/2193/68 2578/2199/68 2579/2200/68
f 2575/2195/167 2579/2200/167 2580/2188/167
f 742/2201/68 743/2205/68 2581/2202/68
f 2581/2202/68 2582/2203/68 2578/2199/68
f 2582/2203/68 2583/2204/68 2579/2200/68
f 2583/2204/68 2584/2189/68 2580/2188/68
f 744/200/167 2585/2206/167 2581/2202/167
f 2585/2206/68 2586/2207/68 2582/2203/68
f 2586/2207/68 2587/2208/68 2583/2204/68
f 2587/2208/68 2588/204/68 2584/2189/68
f 80/1921/68 745/1923/68 2585/2206/68
f 745/1923/68 746/1925/68 2586/2207/68
f 746/1925/68 747/1927/68 2587/2208/68
f 747/1927/68 748/202/68 2588/204/68
f 644/163/67 2592/2209/67 741/2197/67
f 2592/2209/67 2596/2211/67 742/2201/67
f 2600/2210/67 743/2205/67 742/2201/67
f 2604/201/67 744/200/67 743/2205/67
f 67/2212/67 733/2219/67 2589/2213/67
f 641/2214/67 2589/2213/67 2590/2215/67
f 642/2216/67 2590/2215/67 2591/2217/67
f 643/2218/67 2591/2217/67 2592/2209/67
f 733/2219/67 734/2223/67 2593/2220/67
f 2589/2213/67 2593/2220/67 2594/2221/67
f 2590/2215/67 2594/2221/67 2595/2222/67
f 2591/2217/67 2595/2222/67 2596/2211/67
f 734/2223/67 735/2227/67 2597/2224/67
f 2597/2224/67 2598/2229/67 2594/2221/67
f 2594/2221/67 2598/2229/67 2599/2225/67
f 2595/2222/67 2599/2225/67 2600/2210/67
f 736/2226/67 2601/2228/67 2597/2224/67
f 2601/2228/67 2602/2230/67 2598/2229/67
f 2602/2230/67 2603/2231/67 2599/2225/67
f 2603/2231/67 2604/201/67 2600/2210/67
f 79/1943/67 737/1945/67 2601/2228/67
f 737/1945/67 738/1947/67 2602/2230/67
f 738/1947/67 739/1949/67 2603/2231/67
f 739/1949/67 740/199/67 2604/201/67
f 2608/2232/66 733/2235/66 67/161/66
f 2612/2234/66 734/2237/66 733/2235/66
f 2616/2236/66 735/2238/66 734/2237/66
f 2616/2236/66 2620/196/66 736/198/66
f 725/2239/66 2605/2241/66 633/2240/66
f 2605/2241/66 2606/2243/66 634/2242/66
f 2606/2243/66 2607/2245/66 635/2244/66
f 2607/2245/66 2608/2232/66 636/2233/66
f 726/2246/66 2609/2247/66 2605/2241/66
f 2609/2247/66 2610/2248/66 2606/2243/66
f 2610/2248/66 2611/2249/66 2607/2245/66
f 2611/2249/66 2612/2234/66 2608/2232/66
f 726/2246/66 727/2253/66 2613/2250/66
f 2609/2247/66 2613/2250/66 2614/2251/66
f 2610/2248/66 2614/2251/66 2615/2252/66
f 2615/2252/66 2616/2236/66 2612/2234/66
f 727/2253/66 728/195/66 2617/2254/66
f 2613/2250/66 2617/2254/66 2618/2255/66
f 2614/2251/66 2618/2255/66 2619/2256/66
f 2615/2252/66 2619/2256/66 2620/196/66
f 728/195/66 78/194/66 729/1971/66
f 2617/2254/66 729/1971/66 730/1973/66
f 2618/2255/66 730/1973/66 731/1975/66
f 2619/2256/66 731/1975/66 732/1964/66
f 2624/2257/65 725/2239/65 66/158/65
f 2628/2259/65 726/2246/65 725/2239/65
f 2628/2259/65 2632/2260/65 727/2253/65
f 2632/2260/168 2636/193/168 728/195/168
f 717/2261/168 2621/2263/168 625/2262/168
f 2621/2263/65 2622/2265/65 626/2264/65
f 2622/2265/65 2623/2267/65 627/2266/65
f 2623/2267/168 2624/2257/168 628/2258/168
f 718/2268/168 2625/2269/168 2621/2263/168
f 2625/2269/65 2626/2270/65 2622/2265/65
f 2626/2270/168 2627/2271/168 2623/2267/168
f 2627/2271/168 2628/2259/168 2624/2257/168
f 719/2272/65 2629/2273/65 2625/2269/65
f 2629/2273/65 2630/2274/65 2626/2270/65
f 2630/2274/65 2631/2278/65 2627/2271/65
f 2627/2271/65 2631/2278/65 2632/2260/65
f 719/2272/65 720/192/65 2633/2275/65
f 2629/2273/65 2633/2275/65 2634/2276/65
f 2630/2274/65 2634/2276/65 2635/2277/65
f 2631/2278/65 2635/2277/65 2636/193/65
f 720/192/65 77/191/65 721/1993/65
f 2633/2275/65 721/1993/65 722/1995/65
f 2634/2276/65 722/1995/65 723/1997/65
f 2635/2277/65 723/1997/65 724/1989/65
f 2640/2279/64 717/2261/64 65/155/64
f 2644/2281/64 718/2268/64 717/2261/64
f 2644/2281/64 2648/2282/64 719/2272/64
f 2648/2282/64 2652/190/64 720/192/64
f 709/2283/64 2637/2285/64 617/2284/64
f 2637/2285/64 2638/2287/64 618/2286/64
f 2638/2287/64 2639/2289/64 619/2288/64
f 2639/2289/64 2640/2279/64 620/2280/64
f 710/2290/64 2641/2291/64 2637/2285/64
f 2641/2291/64 2642/2292/64 2638/2287/64
f 2642/2292/64 2643/2293/64 2639/2289/64
f 2643/2293/64 2644/2281/64 2640/2279/64
f 711/2294/64 2645/2295/64 2641/2291/64
f 2645/2295/64 2646/2296/64 2642/2292/64
f 2646/2296/64 2647/2300/64 2643/2293/64
f 2643/2293/64 2647/2300/64 2648/2282/64
f 711/2294/64 712/189/64 2649/2297/64
f 2645/2295/64 2649/2297/64 2650/2298/64
f 2646/2296/64 2650/2298/64 2651/2299/64
f 2647/2300/64 2651/2299/64 2652/190/64
f 712/189/64 76/188/64 713/2015/64
f 2649/2297/64 713/2015/64 714/2017/64
f 2650/2298/64 714/2017/64 715/2019/64
f 2651/2299/64 715/2019/64 716/2011/64
f 2656/2301/63 709/2283/63 64/152/63
f 2660/2303/63 710/2290/63 709/2283/63
f 2660/2303/63 2664/2304/63 711/2294/63
f 2664/2304/63 2668/187/63 712/189/63
f 701/2305/63 2653/2307/63 609/2306/63
f 2653/2307/63 2654/2309/63 610/2308/63
f 2654/2309/63 2655/2311/63 611/2310/63
f 2655/2311/63 2656/2301/63 612/2302/63
f 702/2312/63 2657/2313/63 2653/2307/63
f 2657/2313/63 2658/2314/63 2654/2309/63
f 2658/2314/63 2659/2315/63 2655/2311/63
f 2659/2315/63 2660/2303/63 2656/2301/63
f 702/2312/63 703/2318/63 2661/2316/63
f 2657/2313/63 2661/2316/63 2662/2317/63
f 2662/2317/63 2663/2322/63 2659/2315/63
f 2659/2315/63 2663/2322/63 2664/2304/63
f 703/2318/63 704/186/63 2665/2319/63
f 2661/2316/63 2665/2319/63 2666/2320/63
f 2662/2317/63 2666/2320/63 2667/2321/63
f 2663/2322/63 2667/2321/63 2668/187/63
f 704/186/63 75/185/63 705/2037/63
f 2665/2319/63 705/2037/63 706/2039/63
f 2666/2320/63 706/2039/63 707/2041/63
f 2667/2321/63 707/2041/63 708/2033/63
f 2672/2323/62 701/2305/62 63/149/62
f 2676/2325/62 702/2312/62 701/2305/62
f 2676/2325/62 2680/2326/62 703/2318/62
f 2680/2326/62 2684/184/62 704/186/62
f 693/2327/62 2669/2329/62 601/2328/62
f 2669/2329/169 2670/2331/169 602/2330/169
f 2670/2331/62 2671/2333/62 603/2332/62
f 2671/2333/62 2672/2323/62 604/2324/62
f 694/2334/62 2673/2335/62 2669/2329/62
f 2673/2335/62 2674/2336/62 2670/2331/62
f 2674/2336/62 2675/2337/62 2671/2333/62
f 2675/2337/62 2676/2325/62 2672/2323/62
f 695/2338/169 2677/2339/169 2673/2335/169
f 2677/2339/62 2678/2340/62 2674/2336/62
f 2678/2340/62 2679/2344/62 2675/2337/62
f 2675/2337/62 2679/2344/62 2680/2326/62
f 695/2338/62 696/183/62 2681/2341/62
f 2677/2339/62 2681/2341/62 2682/2342/62
f 2678/2340/62 2682/2342/62 2683/2343/62
f 2679/2344/62 2683/2343/62 2684/184/62
f 696/183/62 74/182/62 697/2059/62
f 2681/2341/62 697/2059/62 698/2061/62
f 2682/2342/62 698/2061/62 699/2063/62
f 2683/2343/62 699/2063/62 700/2055/62
f 2688/2345/61 693/2327/61 62/146/61
f 2692/2347/61 694/2334/61 693/2327/61
f 2696/2348/61 695/2338/61 694/2334/61
f 2696/2348/61 2700/181/61 696/183/61
f 685/2095/61 2685/2350/61 593/2349/61
f 2685/2350/61 2686/2352/61 594/2351/61
f 2686/2352/61 2687/2354/61 595/2353/61
f 2687/2354/61 2688/2345/61 596/2346/61
f 686/2098/61 2689/2355/61 2685/2350/61
f 2689/2355/61 2690/2356/61 2686/2352/61
f 2690/2356/61 2691/2357/61 2687/2354/61
f 2691/2357/61 2692/2347/61 2688/2345/61
f 686/2098/61 687/2100/61 2693/2358/61
f 2693/2358/61 2694/2359/61 2690/2356/61
f 2694/2359/61 2695/2360/61 2691/2357/61
f 2695/2360/61 2696/2348/61 2692/2347/61
f 687/2100/61 688/215/61 2697/2361/61
f 2693/2358/61 2697/2361/61 2698/2362/61
f 2694/2359/61 2698/2362/61 2699/2363/61
f 2695/2360/61 2699/2363/61 2700/181/61
f 688/215/61 73/1827/61 689/2080/61
f 2697/2361/61 689/2080/61 690/2082/61
f 2698/2362/61 690/2082/61 691/2084/61
f 2699/2363/61 691/2084/61 692/2077/61
f 585/142/60 2704/2366/60 589/2364/60
f 2704/2366/60 2708/2368/60 590/2367/60
f 2708/2368/60 2712/2370/60 591/2369/60
f 2716/180/60 592/179/60 591/2369/60
f 60/2371/60 677/2378/60 2701/2372/60
f 588/2373/60 2701/2372/60 2702/2374/60
f 587/2375/60 2702/2374/60 2703/2376/60
f 586/2377/60 2703/2376/60 2704/2366/60
f 677/2378/60 678/2382/60 2705/2379/60
f 2701/2372/60 2705/2379/60 2706/2380/60
f 2702/2374/60 2706/2380/60 2707/2381/60
f 2703/2376/60 2707/2381/60 2708/2368/60
f 678/2382/60 679/2385/60 2709/2383/60
f 2705/2379/60 2709/2383/60 2710/2384/60
f 2710/2384/60 2711/2388/60 2707/2381/60
f 2707/2381/60 2711/2388/60 2712/2370/60
f 680/176/60 2713/2386/60 2709/2383/60
f 2713/2386/60 2714/2387/60 2710/2384/60
f 2714/2387/60 2715/2389/60 2711/2388/60
f 2715/2389/60 2716/180/60 2712/2370/60
f 72/2102/60 684/2104/60 2713/2386/60
f 684/2104/60 683/2106/60 2714/2387/60
f 683/2106/60 682/2108/60 2715/2389/60
f 682/2108/60 681/178/60 2716/180/60
f 580/139/59 2720/2390/59 677/2378/59
f 2720/2390/59 2724/2391/59 678/2382/59
f 2724/2391/59 2728/2392/59 679/2385/59
f 2732/177/59 680/176/59 679/2385/59
f 59/2393/59 669/2400/59 2717/2394/59
f 577/2395/59 2717/2394/59 2718/2396/59
f 578/2397/59 2718/2396/59 2719/2398/59
f 579/2399/59 2719/2398/59 2720/2390/59
f 669/2400/59 670/2405/59 2721/2401/59
f 2717/2394/59 2721/2401/59 2722/2402/59
f 2718/2396/59 2722/2402/59 2723/2403/59
f 2719/2398/170 2723/2403/170 2724/2391/170
f 671/2404/59 2725/2408/59 2721/2401/59
f 2721/2401/59 2725/2408/59 2726/2406/59
f 2722/2402/59 2726/2406/59 2727/2407/59
f 2727/2407/59 2728/2392/59 2724/2391/59
f 672/173/59 2729/2409/59 2725/2408/59
f 2729/2409/59 2730/2410/59 2726/2406/59
f 2730/2410/59 2731/2411/59 2727/2407/59
f 2731/2411/59 2732/177/59 2728/2392/59
f 71/2124/59 673/2126/59 2729/2409/59
f 673/2126/59 674/2128/59 2730/2410/59
f 674/2128/59 675/2130/59 2731/2411/59
f 675/2130/59 676/175/59 2732/177/59
f 572/136/58 2736/2412/58 669/2400/58
f 2736/2412/58 2740/2414/58 670/2405/58
f 2744/2413/58 671/2404/58 670/2405/58
f 2748/174/58 672/173/58 671/2404/58
f 58/2415/58 661/2422/58 2733/2416/58
f 569/2417/58 2733/2416/58 2734/2418/58
f 570/2419/58 2734/2418/58 2735/2420/58
f 571/2421/58 2735/2420/58 2736/2412/58
f 661/2422/58 662/2426/58 2737/2423/58
f 2733/2416/58 2737/2423/58 2738/2424/58
f 2734/2418/58 2738/2424/58 2739/2425/58
f 2735/2420/58 2739/2425/58 2740/2414/58
f 662/2426/58 663/2430/58 2741/2427/58
f 2737/2423/58 2741/2427/58 2742/2428/58
f 2738/2424/58 2742/2428/58 2743/2429/58
f 2739/2425/58 2743/2429/58 2744/2413/58
f 664/170/58 2745/2431/58 2741/2427/58
f 2745/2431/58 2746/2432/58 2742/2428/58
f 2746/2432/58 2747/2433/58 2743/2429/58
f 2747/2433/58 2748/174/58 2744/2413/58
f 70/2146/58 665/2148/58 2745/2431/58
f 665/2148/58 666/2150/58 2746/2432/58
f 666/2150/58 667/2152/58 2747/2433/58
f 667/2152/58 668/172/58 2748/174/58
f 564/133/57 2752/2434/57 661/2422/57
f 2752/2434/57 2756/2435/57 662/2426/57
f 2756/2435/57 2760/2436/57 663/2430/57
f 2764/171/57 664/170/57 663/2430/57
f 57/2437/57 653/2444/57 2749/2438/57
f 561/2439/57 2749/2438/57 2750/2440/57
f 562/2441/57 2750/2440/57 2751/2442/57
f 563/2443/57 2751/2442/57 2752/2434/57
f 653/2444/57 654/2448/57 2753/2445/57
f 2749/2438/57 2753/2445/57 2754/2446/57
f 2750/2440/57 2754/2446/57 2755/2447/57
f 2751/2442/57 2755/2447/57 2756/2435/57
f 654/2448/57 655/2452/57 2757/2449/57
f 2753/2445/57 2757/2449/57 2758/2450/57
f 2754/2446/57 2758/2450/57 2759/2451/57
f 2755/2447/57 2759/2451/57 2760/2436/57
f 656/167/57 2761/2453/57 2757/2449/57
f 2761/2453/57 2762/2454/57 2758/2450/57
f 2762/2454/57 2763/2455/57 2759/2451/57
f 2763/2455/57 2764/171/57 2760/2436/57
f 69/2168/57 657/2170/57 2761/2453/57
f 657/2170/57 658/2172/57 2762/2454/57
f 658/2172/57 659/2174/57 2763/2455/57
f 659/2174/57 660/169/57 2764/171/57
f 556/130/56 2768/2456/56 653/2444/56
f 2768/2456/56 2772/2457/56 654/2448/56
f 2772/2457/171 2776/2458/171 655/2452/171
f 2780/168/56 656/167/56 655/2452/56
f 56/2459/56 645/2466/56 2765/2460/56
f 553/2461/56 2765/2460/56 2766/2462/56
f 554/2463/171 2766/2462/171 2767/2464/171
f 555/2465/56 2767/2464/56 2768/2456/56
f 645/2466/171 646/2471/171 2769/2467/171
f 2765/2460/56 2769/2467/56 2770/2468/56
f 2766/2462/171 2770/2468/171 2771/2469/171
f 2767/2464/56 2771/2469/56 2772/2457/56
f 647/2470/56 2773/2472/56 2769/2467/56
f 2773/2472/56 2774/2473/56 2770/2468/56
f 2774/2473/56 2775/2474/56 2771/2469/56
f 2775/2474/56 2776/2458/56 2772/2457/56
f 648/164/56 2777/2475/56 2773/2472/56
f 2777/2475/56 2778/2476/56 2774/2473/56
f 2778/2476/56 2779/2477/56 2775/2474/56
f 2779/2477/56 2780/168/56 2776/2458/56
f 68/2190/171 649/2192/171 2777/2475/171
f 649/2192/56 650/2194/56 2778/2476/56
f 650/2194/56 651/2196/56 2779/2477/56
f 651/2196/56 652/166/56 2780/168/56
f 548/127/55 2784/2478/55 645/2466/55
f 2784/2478/55 2788/2479/55 646/2471/55
f 2788/2479/55 2792/2480/55 647/2470/55
f 2796/165/55 648/164/55 647/2470/55
f 55/2481/55 637/2488/55 2781/2482/55
f 545/2483/55 2781/2482/55 2782/2484/55
f 546/2485/55 2782/2484/55 2783/2486/55
f 547/2487/55 2783/2486/55 2784/2478/55
f 637/2488/55 638/2493/55 2785/2489/55
f 2781/2482/55 2785/2489/55 2786/2490/55
f 2782/2484/55 2786/2490/55 2787/2491/55
f 2783/2486/55 2787/2491/55 2788/2479/55
f 639/2492/55 2789/2494/55 2785/2489/55
f 2789/2494/55 2790/2495/55 2786/2490/55
f 2790/2495/55 2791/2496/55 2787/2491/55
f 2791/2496/55 2792/2480/55 2788/2479/55
f 640/2497/55 2793/2498/55 2789/2494/55
f 2793/2498/55 2794/2499/55 2790/2495/55
f 2794/2499/55 2795/2500/55 2791/2496/55
f 2795/2500/55 2796/165/55 2792/2480/55
f 67/2212/55 641/2214/55 2793/2498/55
f 641/2214/55 642/2216/55 2794/2499/55
f 642/2216/55 643/2218/55 2795/2500/55
f 643/2218/55 644/163/55 2796/165/55
f 2800/2501/54 637/2504/54 55/125/54
f 2804/2503/54 638/2506/54 637/2504/54
f 2808/2505/54 639/2507/54 638/2506/54
f 2808/2505/54 2812/160/54 640/162/54
f 629/2508/54 2797/2510/54 537/2509/54
f 2797/2510/54 2798/2512/54 538/2511/54
f 2798/2512/54 2799/2514/54 539/2513/54
f 2799/2514/54 2800/2501/54 540/2502/54
f 630/2515/54 2801/2516/54 2797/2510/54
f 2801/2516/54 2802/2517/54 2798/2512/54
f 2802/2517/54 2803/2518/54 2799/2514/54
f 2803/2518/54 2804/2503/54 2800/2501/54
f 630/2515/54 631/2522/54 2805/2519/54
f 2805/2519/54 2806/2520/54 2802/2517/54
f 2806/2520/54 2807/2521/54 2803/2518/54
f 2807/2521/54 2808/2505/54 2804/2503/54
f 631/2522/54 632/159/54 2809/2523/54
f 2805/2519/54 2809/2523/54 2810/2524/54
f 2806/2520/54 2810/2524/54 2811/2525/54
f 2807/2521/54 2811/2525/54 2812/160/54
f 632/159/54 66/158/54 633/2240/54
f 2809/2523/54 633/2240/54 634/2242/54
f 2810/2524/54 634/2242/54 635/2244/54
f 2811/2525/54 635/2244/54 636/2233/54
f 2816/2526/53 629/2508/53 54/122/53
f 2820/2528/172 630/2515/172 629/2508/172
f 2824/2529/53 631/2522/53 630/2515/53
f 2824/2529/53 2828/157/53 632/159/53
f 621/2530/53 2813/2532/53 529/2531/53
f 2813/2532/53 2814/2534/53 530/2533/53
f 2814/2534/53 2815/2536/53 531/2535/53
f 2815/2536/53 2816/2526/53 532/2527/53
f 622/2537/53 2817/2538/53 2813/2532/53
f 2817/2538/53 2818/2539/53 2814/2534/53
f 2818/2539/53 2819/2540/53 2815/2536/53
f 2819/2540/53 2820/2528/53 2816/2526/53
f 622/2537/53 623/2543/53 2821/2541/53
f 2821/2541/53 2822/2542/53 2818/2539/53
f 2822/2542/53 2823/2547/53 2819/2540/53
f 2819/2540/53 2823/2547/53 2824/2529/53
f 623/2543/53 624/156/53 2825/2544/53
f 2821/2541/53 2825/2544/53 2826/2545/53
f 2822/2542/53 2826/2545/53 2827/2546/53
f 2823/2547/53 2827/2546/53 2828/157/53
f 624/156/53 65/155/53 625/2262/53
f 2825/2544/53 625/2262/53 626/2264/53
f 2826/2545/53 626/2264/53 627/2266/53
f 2827/2546/172 627/2266/172 628/2258/172
f 2832/2548/52 621/2530/52 53/119/52
f 2836/2550/52 622/2537/52 621/2530/52
f 2840/2551/52 623/2543/52 622/2537/52
f 2840/2551/52 2844/154/52 624/156/52
f 613/2552/52 2829/2554/52 521/2553/52
f 2829/2554/52 2830/2556/52 522/2555/52
f 2830/2556/52 2831/2558/52 523/2557/52
f 2831/2558/52 2832/2548/52 524/2549/52
f 614/2559/52 2833/2560/52 2829/2554/52
f 2833/2560/52 2834/2561/52 2830/2556/52
f 2834/2561/52 2835/2562/52 2831/2558/52
f 2835/2562/52 2836/2550/52 2832/2548/52
f 614/2559/52 615/2566/52 2837/2563/52
f 2833/2560/52 2837/2563/52 2838/2564/52
f 2834/2561/52 2838/2564/52 2839/2565/52
f 2835/2562/52 2839/2565/52 2840/2551/52
f 615/2566/52 616/153/52 2841/2567/52
f 2837/2563/52 2841/2567/52 2842/2568/52
f 2838/2564/52 2842/2568/52 2843/2569/52
f 2839/2565/52 2843/2569/52 2844/154/52
f 616/153/52 64/152/52 617/2284/52
f 2841/2567/52 617/2284/52 618/2286/52
f 2842/2568/52 618/2286/52 619/2288/52
f 2843/2569/52 619/2288/52 620/2280/52
f 2848/2570/51 613/2552/51 52/116/51
f 2852/2572/51 614/2559/51 613/2552/51
f 2852/2572/51 2856/2573/51 615/2566/51
f 2856/2573/51 2860/151/51 616/153/51
f 605/2574/51 2845/2576/51 513/2575/51
f 2845/2576/51 2846/2578/51 514/2577/51
f 2846/2578/51 2847/2580/51 515/2579/51
f 2847/2580/51 2848/2570/51 516/2571/51
f 606/2581/51 2849/2582/51 2845/2576/51
f 2849/2582/51 2850/2583/51 2846/2578/51
f 2850/2583/51 2851/2584/51 2847/2580/51
f 2851/2584/51 2852/2572/51 2848/2570/51
f 607/2585/51 2853/2589/51 2849/2582/51
f 2849/2582/51 2853/2589/51 2854/2586/51
f 2850/2583/51 2854/2586/51 2855/2587/51
f 2851/2584/51 2855/2587/51 2856/2573/51
f 607/2585/51 608/150/51 2857/2588/51
f 2853/2589/51 2857/2588/51 2858/2590/51
f 2854/2586/51 2858/2590/51 2859/2591/51
f 2855/2587/51 2859/2591/51 2860/151/51
f 608/150/51 63/149/51 609/2306/51
f 2857/2588/51 609/2306/51 610/2308/51
f 2858/2590/51 610/2308/51 611/2310/51
f 2859/2591/51 611/2310/51 612/2302/51
f 2864/2592/50 605/2574/50 51/113/50
f 2868/2594/50 606/2581/50 605/2574/50
f 2868/2594/50 2872/2595/50 607/2585/50
f 2872/2595/50 2876/148/50 608/150/50
f 597/2596/50 2861/2598/50 505/2597/50
f 2861/2598/173 2862/2600/173 506/2599/173
f 2862/2600/50 2863/2602/50 507/2601/50
f 2863/2602/50 2864/2592/50 508/2593/50
f 598/2603/173 2865/2604/173 2861/2598/173
f 2865/2604/50 2866/2605/50 2862/2600/50
f 2866/2605/50 2867/2606/50 2863/2602/50
f 2867/2606/50 2868/2594/50 2864/2592/50
f 599/2607/50 2869/2608/50 2865/2604/50
f 2869/2608/50 2870/2609/50 2866/2605/50
f 2870/2609/50 2871/2613/50 2867/2606/50
f 2867/2606/50 2871/2613/50 2872/2595/50
f 599/2607/50 600/147/50 2873/2610/50
f 2869/2608/50 2873/2610/50 2874/2611/50
f 2870/2609/50 2874/2611/50 2875/2612/50
f 2871/2613/173 2875/2612/173 2876/148/173
f 600/147/50 62/146/50 601/2328/50
f 2873/2610/50 601/2328/50 602/2330/50
f 2874/2611/50 602/2330/50 603/2332/50
f 2875/2612/50 603/2332/50 604/2324/50
f 2880/2614/49 597/2596/49 50/110/49
f 2884/2616/49 598/2603/49 597/2596/49
f 2888/2617/49 599/2607/49 598/2603/49
f 2888/2617/49 2892/145/49 600/147/49
f 589/2364/49 2877/2619/49 497/2618/49
f 2877/2619/49 2878/2621/49 498/2620/49
f 2878/2621/49 2879/2623/49 499/2622/49
f 2879/2623/49 2880/2614/49 500/2615/49
f 590/2367/49 2881/2624/49 2877/2619/49
f 2881/2624/49 2882/2625/49 2878/2621/49
f 2882/2625/49 2883/2626/49 2879/2623/49
f 2883/2626/49 2884/2616/49 2880/2614/49
f 591/2369/49 2885/2627/49 2881/2624/49
f 2885/2627/49 2886/2628/49 2882/2625/49
f 2886/2628/49 2887/2629/49 2883/2626/49
f 2887/2629/49 2888/2617/49 2884/2616/49
f 591/2369/174 592/179/174 2889/2630/174
f 2885/2627/49 2889/2630/49 2890/2631/49
f 2886/2628/49 2890/2631/49 2891/2632/49
f 2887/2629/49 2891/2632/49 2892/145/49
f 592/179/49 61/2096/49 593/2349/49
f 2889/2630/49 593/2349/49 594/2351/49
f 2890/2631/49 594/2351/49 595/2353/49
f 2891/2632/49 595/2353/49 596/2346/49
f 489/106/48 2896/2635/48 493/2633/48
f 2896/2635/48 2900/2637/48 494/2636/48
f 2900/2637/48 2904/2639/48 495/2638/48
f 2908/144/48 496/143/48 495/2638/48
f 48/2640/48 581/2647/48 2893/2641/48
f 492/2642/48 2893/2641/48 2894/2643/48
f 491/2644/48 2894/2643/48 2895/2645/48
f 490/2646/48 2895/2645/48 2896/2635/48
f 581/2647/48 582/2652/48 2897/2648/48
f 2893/2641/48 2897/2648/48 2898/2649/48
f 2894/2643/48 2898/2649/48 2899/2650/48
f 2895/2645/48 2899/2650/48 2900/2637/48
f 583/2651/48 2901/2653/48 2897/2648/48
f 2901/2653/48 2902/2654/48 2898/2649/48
f 2902/2654/48 2903/2655/48 2899/2650/48
f 2903/2655/48 2904/2639/48 2900/2637/48
f 584/140/48 2905/2656/48 2901/2653/48
f 2905/2656/48 2906/2657/48 2902/2654/48
f 2906/2657/48 2907/2658/48 2903/2655/48
f 2907/2658/48 2908/144/48 2904/2639/48
f 60/2371/48 588/2373/48 2905/2656/48
f 588/2373/48 587/2375/48 2906/2657/48
f 587/2375/48 586/2377/48 2907/2658/48
f 586/2377/48 585/142/48 2908/144/48
f 484/103/47 2912/2659/47 581/2647/47
f 2912/2659/47 2916/2661/47 582/2652/47
f 2920/2660/175 583/2651/175 582/2652/175
f 2924/141/47 584/140/47 583/2651/47
f 47/2662/47 573/2669/47 2909/2663/47
f 481/2664/47 2909/2663/47 2910/2665/47
f 482/2666/47 2910/2665/47 2911/2667/47
f 483/2668/47 2911/2667/47 2912/2659/47
f 573/2669/47 574/2673/47 2913/2670/47
f 2909/2663/47 2913/2670/47 2914/2671/47
f 2910/2665/47 2914/2671/47 2915/2672/47
f 2911/2667/47 2915/2672/47 2916/2661/47
f 574/2673/47 575/2677/47 2917/2674/47
f 2917/2674/47 2918/2675/47 2914/2671/47
f 2918/2675/175 2919/2676/175 2915/2672/175
f 2919/2676/47 2920/2660/47 2916/2661/47
f 576/137/47 2921/2678/47 2917/2674/47
f 2921/2678/47 2922/2679/47 2918/2675/47
f 2922/2679/47 2923/2680/47 2919/2676/47
f 2923/2680/47 2924/141/47 2920/2660/47
f 59/2393/175 577/2395/175 2921/2678/175
f 577/2395/47 578/2397/47 2922/2679/47
f 578/2397/47 579/2399/47 2923/2680/47
f 579/2399/175 580/139/175 2924/141/175
f 476/100/46 2928/2681/46 573/2669/46
f 2928/2681/46 2932/2683/46 574/2673/46
f 2936/2682/46 575/2677/46 574/2673/46
f 2940/138/46 576/137/46 575/2677/46
f 46/2684/46 565/2691/46 2925/2685/46
f 473/2686/46 2925/2685/46 2926/2687/46
f 474/2688/46 2926/2687/46 2927/2689/46
f 475/2690/46 2927/2689/46 2928/2681/46
f 565/2691/46 566/2695/46 2929/2692/46
f 2925/2685/46 2929/2692/46 2930/2693/46
f 2926/2687/46 2930/2693/46 2931/2694/46
f 2927/2689/46 2931/2694/46 2932/2683/46
f 566/2695/46 567/2699/46 2933/2696/46
f 2929/2692/46 2933/2696/46 2934/2697/46
f 2930/2693/46 2934/2697/46 2935/2698/46
f 2931/2694/46 2935/2698/46 2936/2682/46
f 568/134/46 2937/2700/46 2933/2696/46
f 2937/2700/46 2938/2701/46 2934/2697/46
f 2938/2701/46 2939/2702/46 2935/2698/46
f 2939/2702/46 2940/138/46 2936/2682/46
f 58/2415/46 569/2417/46 2937/2700/46
f 569/2417/46 570/2419/46 2938/2701/46
f 570/2419/46 571/2421/46 2939/2702/46
f 571/2421/46 572/136/46 2940/138/46
f 468/97/45 2944/2703/45 565/2691/45
f 2944/2703/45 2948/2705/45 566/2695/45
f 2952/2704/45 567/2699/45 566/2695/45
f 2956/135/45 568/134/45 567/2699/45
f 45/2706/45 557/2713/45 2941/2707/45
f 465/2708/45 2941/2707/45 2942/2709/45
f 466/2710/45 2942/2709/45 2943/2711/45
f 467/2712/45 2943/2711/45 2944/2703/45
f 557/2713/45 558/2717/45 2945/2714/45
f 2941/2707/45 2945/2714/45 2946/2715/45
f 2942/2709/45 2946/2715/45 2947/2716/45
f 2943/2711/45 2947/2716/45 2948/2705/45
f 558/2717/45 559/2721/45 2949/2718/45
f 2949/2718/45 2950/2719/45 2946/2715/45
f 2950/2719/45 2951/2720/45 2947/2716/45
f 2951/2720/45 2952/2704/45 2948/2705/45
f 560/131/45 2953/2722/45 2949/2718/45
f 2953/2722/45 2954/2723/45 2950/2719/45
f 2954/2723/45 2955/2724/45 2951/2720/45
f 2955/2724/45 2956/135/45 2952/2704/45
f 57/2437/45 561/2439/45 2953/2722/45
f 561/2439/45 562/2441/45 2954/2723/45
f 562/2441/45 563/2443/45 2955/2724/45
f 563/2443/45 564/133/45 2956/135/45
f 460/94/44 2960/2725/44 557/2713/44
f 2960/2725/44 2964/2727/44 558/2717/44
f 2968/2726/44 559/2721/44 558/2717/44
f 2972/132/44 560/131/44 559/2721/44
f 44/2728/44 549/2735/44 2957/2729/44
f 457/2730/176 2957/2729/176 2958/2731/176
f 458/2732/44 2958/2731/44 2959/2733/44
f 459/2734/44 2959/2733/44 2960/2725/44
f 549/2735/44 550/2739/44 2961/2736/44
f 2957/2729/176 2961/2736/176 2962/2737/176
f 2958/2731/44 2962/2737/44 2963/2738/44
f 2959/2733/176 2963/2738/176 2964/2727/176
f 550/2739/44 551/2743/44 2965/2740/44
f 2961/2736/176 2965/2740/176 2966/2741/176
f 2962/2737/44 2966/2741/44 2967/2742/44
f 2967/2742/176 2968/2726/176 2964/2727/176
f 552/128/44 2969/2744/44 2965/2740/44
f 2969/2744/176 2970/2745/176 2966/2741/176
f 2970/2745/44 2971/2746/44 2967/2742/44
f 2971/2746/176 2972/132/176 2968/2726/176
f 56/2459/44 553/2461/44 2969/2744/44
f 553/2461/44 554/2463/44 2970/2745/44
f 554/2463/44 555/2465/44 2971/2746/44
f 555/2465/44 556/130/44 2972/132/44
f 452/91/43 2976/2747/43 549/2735/43
f 2976/2747/43 2980/2749/43 550/2739/43
f 2984/2748/43 551/2743/43 550/2739/43
f 2988/129/43 552/128/43 551/2743/43
f 43/2750/43 541/2757/43 2973/2751/43
f 449/2752/43 2973/2751/43 2974/2753/43
f 450/2754/43 2974/2753/43 2975/2755/43
f 451/2756/43 2975/2755/43 2976/2747/43
f 541/2757/43 542/2761/43 2977/2758/43
f 2973/2751/43 2977/2758/43 2978/2759/43
f 2974/2753/43 2978/2759/43 2979/2760/43
f 2975/2755/43 2979/2760/43 2980/2749/43
f 542/2761/43 543/2766/43 2981/2762/43
f 2977/2758/43 2981/2762/43 2982/2763/43
f 2978/2759/43 2982/2763/43 2983/2764/43
f 2979/2760/43 2983/2764/43 2984/2748/43
f 544/2765/43 2985/2767/43 2981/2762/43
f 2985/2767/43 2986/2768/43 2982/2763/43
f 2986/2768/43 2987/2769/43 2983/2764/43
f 2987/2769/43 2988/129/43 2984/2748/43
f 55/2481/43 545/2483/43 2985/2767/43
f 545/2483/43 546/2485/43 2986/2768/43
f 546/2485/43 547/2487/43 2987/2769/43
f 547/2487/43 548/127/43 2988/129/43
f 2992/2770/42 541/2773/42 43/89/42
f 2996/2772/42 542/2775/42 541/2773/42
f 3000/2774/42 543/2776/42 542/2775/42
f 3000/2774/42 3004/124/42 544/126/42
f 533/2777/42 2989/2779/42 441/2778/42
f 2989/2779/42 2990/2781/42 442/2780/42
f 2990/2781/42 2991/2783/42 443/2782/42
f 2991/2783/42 2992/2770/42 444/2771/42
f 534/2784/42 2993/2785/42 2989/2779/42
f 2993/2785/42 2994/2786/42 2990/2781/42
f 2994/2786/42 2995/2787/42 2991/2783/42
f 2995/2787/42 2996/2772/42 2992/2770/42
f 534/2784/42 535/2790/42 2997/2788/42
f 2997/2788/42 2998/2789/42 2994/2786/42
f 2998/2789/42 2999/2794/42 2995/2787/42
f 2995/2787/42 2999/2794/42 3000/2774/42
f 535/2790/42 536/123/42 3001/2791/42
f 2997/2788/42 3001/2791/42 3002/2792/42
f 2998/2789/42 3002/2792/42 3003/2793/42
f 2999/2794/42 3003/2793/42 3004/124/42
f 536/123/42 54/122/42 537/2509/42
f 3001/2791/42 537/2509/42 538/2511/42
f 3002/2792/42 538/2511/42 539/2513/42
f 3003/2793/42 539/2513/42 540/2502/42
f 3008/2795/177 533/2777/177 42/86/177
f 3012/2797/41 534/2784/41 533/2777/41
f 3016/2798/41 535/2790/41 534/2784/41
f 3016/2798/41 3020/121/41 536/123/41
f 525/2799/41 3005/2801/41 433/2800/41
f 3005/2801/41 3006/2803/41 434/2802/41
f 3006/2803/177 3007/2805/177 435/2804/177
f 3007/2805/41 3008/2795/41 436/2796/41
f 526/2806/41 3009/2807/41 3005/2801/41
f 3009/2807/41 3010/2808/41 3006/2803/41
f 3010/2808/41 3011/2809/41 3007/2805/41
f 3011/2809/41 3012/2797/41 3008/2795/41
f 526/2806/41 527/2813/41 3013/2810/41
f 3009/2807/41 3013/2810/41 3014/2811/41
f 3010/2808/41 3014/2811/41 3015/2812/41
f 3011/2809/41 3015/2812/41 3016/2798/41
f 527/2813/41 528/120/41 3017/2814/41
f 3013/2810/41 3017/2814/41 3018/2815/41
f 3014/2811/41 3018/2815/41 3019/2816/41
f 3015/2812/41 3019/2816/41 3020/121/41
f 528/120/41 53/119/41 529/2531/41
f 3017/2814/41 529/2531/41 530/2533/41
f 3018/2815/41 530/2533/41 531/2535/41
f 3019/2816/41 531/2535/41 532/2527/41
f 3024/2817/40 525/2799/40 41/83/40
f 3028/2819/40 526/2806/40 525/2799/40
f 3032/2820/40 527/2813/40 526/2806/40
f 3032/2820/40 3036/118/40 528/120/40
f 517/2821/40 3021/2823/40 425/2822/40
f 3021/2823/40 3022/2825/40 426/2824/40
f 3022/2825/40 3023/2827/40 427/2826/40
f 3023/2827/40 3024/2817/40 428/2818/40
f 518/2828/40 3025/2829/40 3021/2823/40
f 3025/2829/40 3026/2830/40 3022/2825/40
f 3026/2830/40 3027/2831/40 3023/2827/40
f 3027/2831/40 3028/2819/40 3024/2817/40
f 519/2832/40 3029/2833/40 3025/2829/40
f 3029/2833/40 3030/2834/40 3026/2830/40
f 3030/2834/40 3031/2835/40 3027/2831/40
f 3031/2835/40 3032/2820/40 3028/2819/40
f 519/2832/40 520/117/40 3033/2836/40
f 3029/2833/40 3033/2836/40 3034/2837/40
f 3030/2834/40 3034/2837/40 3035/2838/40
f 3031/2835/40 3035/2838/40 3036/118/40
f 520/117/40 52/116/40 521/2553/40
f 3033/2836/40 521/2553/40 522/2555/40
f 3034/2837/40 522/2555/40 523/2557/40
f 3035/2838/40 523/2557/40 524/2549/40
f 3040/2839/39 517/2821/39 40/80/39
f 3044/2841/39 518/2828/39 517/2821/39
f 3048/2842/39 519/2832/39 518/2828/39
f 3048/2842/39 3052/115/39 520/117/39
f 509/2843/39 3037/2845/39 417/2844/39
f 3037/2845/39 3038/2847/39 418/2846/39
f 3038/2847/39 3039/2849/39 419/2848/39
f 3039/2849/39 3040/2839/39 420/2840/39
f 510/2850/39 3041/2851/39 3037/2845/39
f 3041/2851/39 3042/2852/39 3038/2847/39
f 3042/2852/39 3043/2853/39 3039/2849/39
f 3043/2853/39 3044/2841/39 3040/2839/39
f 511/2854/39 3045/2855/39 3041/2851/39
f 3045/2855/39 3046/2856/39 3042/2852/39
f 3046/2856/39 3047/2857/39 3043/2853/39
f 3047/2857/39 3048/2842/39 3044/2841/39
f 511/2854/39 512/114/39 3049/2858/39
f 3045/2855/39 3049/2858/39 3050/2859/39
f 3046/2856/39 3050/2859/39 3051/2860/39
f 3047/2857/39 3051/2860/39 3052/115/39
f 512/114/39 51/113/39 513/2575/39
f 3049/2858/39 513/2575/39 514/2577/39
f 3050/2859/39 514/2577/39 515/2579/39
f 3051/2860/39 515/2579/39 516/2571/39
f 3056/2861/178 509/2843/178 39/77/178
f 3060/2863/178 510/2850/178 509/2843/178
f 3064/2864/178 511/2854/178 510/2850/178
f 3064/2864/178 3068/112/178 512/114/178
f 501/2865/178 3053/2867/178 409/2866/178
f 3053/2867/178 3054/2869/178 410/2868/178
f 3054/2869/178 3055/2871/178 411/2870/178
f 3055/2871/178 3056/2861/178 412/2862/178
f 502/2872/178 3057/2873/178 3053/2867/178
f 3057/2873/38 3058/2874/38 3054/2869/38
f 3058/2874/178 3059/2875/178 3055/2871/178
f 3059/2875/178 3060/2863/178 3056/2861/178
f 503/2876/38 3061/2880/38 3057/2873/38
f 3057/2873/178 3061/2880/178 3062/2877/178
f 3058/2874/178 3062/2877/178 3063/2878/178
f 3059/2875/178 3063/2878/178 3064/2864/178
f 503/2876/178 504/111/178 3065/2879/178
f 3061/2880/178 3065/2879/178 3066/2881/178
f 3062/2877/178 3066/2881/178 3067/2882/178
f 3063/2878/178 3067/2882/178 3068/112/178
f 504/111/178 50/110/178 505/2597/178
f 3065/2879/178 505/2597/178 506/2599/178
f 3066/2881/178 506/2599/178 507/2601/178
f 3067/2882/178 507/2601/178 508/2593/178
f 3072/2883/37 501/2865/37 38/74/37
f 3076/2885/37 502/2872/37 501/2865/37
f 3076/2885/37 3080/2886/37 503/2876/37
f 3080/2886/37 3084/109/37 504/111/37
f 493/2633/37 3069/2888/37 401/2887/37
f 3069/2888/37 3070/2890/37 402/2889/37
f 3070/2890/37 3071/2892/37 403/2891/37
f 3071/2892/37 3072/2883/37 404/2884/37
f 494/2636/37 3073/2893/37 3069/2888/37
f 3073/2893/37 3074/2894/37 3070/2890/37
f 3074/2894/37 3075/2895/37 3071/2892/37
f 3075/2895/37 3076/2885/37 3072/2883/37
f 495/2638/37 3077/2896/37 3073/2893/37
f 3077/2896/37 3078/2897/37 3074/2894/37
f 3078/2897/37 3079/2901/37 3075/2895/37
f 3075/2895/37 3079/2901/37 3080/2886/37
f 495/2638/37 496/143/37 3081/2898/37
f 3077/2896/37 3081/2898/37 3082/2899/37
f 3078/2897/37 3082/2899/37 3083/2900/37
f 3079/2901/37 3083/2900/37 3084/109/37
f 496/143/37 49/2365/37 497/2618/37
f 3081/2898/37 497/2618/37 498/2620/37
f 3082/2899/37 498/2620/37 499/2622/37
f 3083/2900/37 499/2622/37 500/2615/37
f 393/70/36 3088/2904/36 397/2902/36
f 3088/2904/36 3092/2906/36 398/2905/36
f 3092/2906/36 3096/2908/36 399/2907/36
f 3100/108/36 400/107/36 399/2907/36
f 36/2909/36 485/2916/36 3085/2910/36
f 396/2911/36 3085/2910/36 3086/2912/36
f 395/2913/36 3086/2912/36 3087/2914/36
f 394/2915/36 3087/2914/36 3088/2904/36
f 485/2916/36 486/2920/36 3089/2917/36
f 3085/2910/36 3089/2917/36 3090/2918/36
f 3086/2912/36 3090/2918/36 3091/2919/36
f 3087/2914/36 3091/2919/36 3092/2906/36
f 486/2920/36 487/2923/36 3093/2921/36
f 3093/2921/36 3094/2925/36 3090/2918/36
f 3090/2918/36 3094/2925/36 3095/2922/36
f 3095/2922/36 3096/2908/36 3092/2906/36
f 488/104/36 3097/2924/36 3093/2921/36
f 3097/2924/36 3098/2926/36 3094/2925/36
f 3098/2926/36 3099/2927/36 3095/2922/36
f 3099/2927/36 3100/108/36 3096/2908/36
f 48/2640/36 492/2642/36 3097/2924/36
f 492/2642/36 491/2644/36 3098/2926/36
f 491/2644/36 490/2646/36 3099/2927/36
f 490/2646/36 489/106/36 3100/108/36
f 388/67/179 3104/2928/179 485/2916/179
f 3104/2928/179 3108/2930/179 486/2920/179
f 3112/2929/35 487/2923/35 486/2920/35
f 3116/105/179 488/104/179 487/2923/179
f 35/2931/179 477/2938/179 3101/2932/179
f 385/2933/179 3101/2932/179 3102/2934/179
f 386/2935/35 3102/2934/35 3103/2936/35
f 387/2937/35 3103/2936/35 3104/2928/35
f 477/2938/179 478/2943/179 3105/2939/179
f 3101/2932/35 3105/2939/35 3106/2940/35
f 3102/2934/35 3106/2940/35 3107/2941/35
f 3103/2936/179 3107/2941/179 3108/2930/179
f 479/2942/179 3109/2944/179 3105/2939/179
f 3109/2944/35 3110/2945/35 3106/2940/35
f 3110/2945/35 3111/2946/35 3107/2941/35
f 3111/2946/179 3112/2929/179 3108/2930/179
f 480/101/179 3113/2947/179 3109/2944/179
f 3113/2947/179 3114/2948/179 3110/2945/179
f 3114/2948/179 3115/2949/179 3111/2946/179
f 3115/2949/179 3116/105/179 3112/2929/179
f 47/2662/35 481/2664/35 3113/2947/35
f 481/2664/179 482/2666/179 3114/2948/179
f 482/2666/179 483/2668/179 3115/2949/179
f 483/2668/179 484/103/179 3116/105/179
f 380/64/34 3120/2950/34 477/2938/34
f 3120/2950/34 3124/2952/34 478/2943/34
f 3128/2951/34 479/2942/34 478/2943/34
f 3132/102/34 480/101/34 479/2942/34
f 34/2953/34 469/2960/34 3117/2954/34
f 377/2955/34 3117/2954/34 3118/2956/34
f 378/2957/34 3118/2956/34 3119/2958/34
f 379/2959/34 3119/2958/34 3120/2950/34
f 469/2960/34 470/2965/34 3121/2961/34
f 3117/2954/34 3121/2961/34 3122/2962/34
f 3118/2956/34 3122/2962/34 3123/2963/34
f 3119/2958/34 3123/2963/34 3124/2952/34
f 471/2964/34 3125/2966/34 3121/2961/34
f 3125/2966/34 3126/2967/34 3122/2962/34
f 3126/2967/34 3127/2968/34 3123/2963/34
f 3127/2968/34 3128/2951/34 3124/2952/34
f 472/98/34 3129/2969/34 3125/2966/34
f 3129/2969/34 3130/2970/34 3126/2967/34
f 3130/2970/34 3131/2971/34 3127/2968/34
f 3131/2971/34 3132/102/34 3128/2951/34
f 46/2684/34 473/2686/34 3129/2969/34
f 473/2686/34 474/2688/34 3130/2970/34
f 474/2688/34 475/2690/34 3131/2971/34
f 475/2690/34 476/100/34 3132/102/34
f 372/61/33 3136/2972/33 469/2960/33
f 3136/2972/33 3140/2974/33 470/2965/33
f 3144/2973/33 471/2964/33 470/2965/33
f 3148/99/33 472/98/33 471/2964/33
f 33/2975/33 461/2982/33 3133/2976/33
f 369/2977/33 3133/2976/33 3134/2978/33
f 370/2979/33 3134/2978/33 3135/2980/33
f 371/2981/33 3135/2980/33 3136/2972/33
f 461/2982/33 462/2987/33 3137/2983/33
f 3133/2976/33 3137/2983/33 3138/2984/33
f 3134/2978/33 3138/2984/33 3139/2985/33
f 3135/2980/33 3139/2985/33 3140/2974/33
f 463/2986/33 3141/2988/33 3137/2983/33
f 3141/2988/33 3142/2991/33 3138/2984/33
f 3138/2984/33 3142/2991/33 3143/2989/33
f 3139/2985/33 3143/2989/33 3144/2973/33
f 464/95/33 3145/2990/33 3141/2988/33
f 3145/2990/33 3146/2992/33 3142/2991/33
f 3146/2992/33 3147/2993/33 3143/2989/33
f 3147/2993/33 3148/99/33 3144/2973/33
f 45/2706/33 465/2708/33 3145/2990/33
f 465/2708/33 466/2710/33 3146/2992/33
f 466/2710/33 467/2712/33 3147/2993/33
f 467/2712/33 468/97/33 3148/99/33
f 364/58/32 3152/2994/32 461/2982/32
f 3152/2994/32 3156/2996/32 462/2987/32
f 3160/2995/32 463/2986/32 462/2987/32
f 3164/96/32 464/95/32 463/2986/32
f 32/2997/32 453/3004/32 3149/2998/32
f 361/2999/32 3149/2998/32 3150/3000/32
f 362/3001/32 3150/3000/32 3151/3002/32
f 363/3003/32 3151/3002/32 3152/2994/32
f 453/3004/32 454/3008/32 3153/3005/32
f 3149/2998/32 3153/3005/32 3154/3006/32
f 3150/3000/32 3154/3006/32 3155/3007/32
f 3151/3002/32 3155/3007/32 3156/2996/32
f 454/3008/32 455/3012/32 3157/3009/32
f 3153/3005/32 3157/3009/32 3158/3010/32
f 3154/3006/180 3158/3010/180 3159/3011/180
f 3159/3011/32 3160/2995/32 3156/2996/32
f 456/92/32 3161/3013/32 3157/3009/32
f 3161/3013/32 3162/3014/32 3158/3010/32
f 3162/3014/32 3163/3015/32 3159/3011/32
f 3163/3015/32 3164/96/32 3160/2995/32
f 44/2728/32 457/2730/32 3161/3013/32
f 457/2730/32 458/2732/32 3162/3014/32
f 458/2732/32 459/2734/32 3163/3015/32
f 459/2734/32 460/94/32 3164/96/32
f 356/55/31 3168/3016/31 453/3004/31
f 3168/3016/31 3172/3017/31 454/3008/31
f 3172/3017/31 3176/3018/31 455/3012/31
f 3180/93/31 456/92/31 455/3012/31
f 31/3019/31 445/3026/31 3165/3020/31
f 353/3021/31 3165/3020/31 3166/3022/31
f 354/3023/31 3166/3022/31 3167/3024/31
f 355/3025/31 3167/3024/31 3168/3016/31
f 445/3026/31 446/3030/31 3169/3027/31
f 3165/3020/31 3169/3027/31 3170/3028/31
f 3166/3022/31 3170/3028/31 3171/3029/31
f 3167/3024/31 3171/3029/31 3172/3017/31
f 446/3030/31 447/3035/31 3173/3031/31
f 3169/3027/31 3173/3031/31 3174/3032/31
f 3174/3032/31 3175/3033/31 3171/3029/31
f 3175/3033/31 3176/3018/31 3172/3017/31
f 448/3034/31 3177/3036/31 3173/3031/31
f 3177/3036/31 3178/3037/31 3174/3032/31
f 3178/3037/31 3179/3038/31 3175/3033/31
f 3179/3038/31 3180/93/31 3176/3018/31
f 43/2750/31 449/2752/31 3177/3036/31
f 449/2752/31 450/2754/31 3178/3037/31
f 450/2754/31 451/2756/31 3179/3038/31
f 451/2756/31 452/91/31 3180/93/31
f 3184/3039/30 445/3042/30 31/53/30
f 3188/3041/30 446/3044/30 445/3042/30
f 3192/3043/30 447/3045/30 446/3044/30
f 3192/3043/30 3196/88/30 448/90/30
f 437/3046/30 3181/3048/30 345/3047/30
f 3181/3048/30 3182/3050/30 346/3049/30
f 3182/3050/30 3183/3052/30 347/3051/30
f 3183/3052/30 3184/3039/30 348/3040/30
f 438/3053/30 3185/3054/30 3181/3048/30
f 3185/3054/30 3186/3055/30 3182/3050/30
f 3186/3055/30 3187/3056/30 3183/3052/30
f 3187/3056/30 3188/3041/30 3184/3039/30
f 439/3057/30 3189/3061/30 3185/3054/30
f 3185/3054/30 3189/3061/30 3190/3058/30
f 3186/3055/30 3190/3058/30 3191/3059/30
f 3191/3059/30 3192/3043/30 3188/3041/30
f 439/3057/30 440/87/30 3193/3060/30
f 3189/3061/30 3193/3060/30 3194/3062/30
f 3190/3058/30 3194/3062/30 3195/3063/30
f 3191/3059/30 3195/3063/30 3196/88/30
f 440/87/30 42/86/30 441/2778/30
f 3193/3060/30 441/2778/30 442/2780/30
f 3194/3062/30 442/2780/30 443/2782/30
f 3195/3063/30 443/2782/30 444/2771/30
f 3200/3064/29 437/3046/29 30/50/29
f 3204/3066/29 438/3053/29 437/3046/29
f 3208/3067/181 439/3057/181 438/3053/181
f 3208/3067/181 3212/85/181 440/87/181
f 429/3068/29 3197/3070/29 337/3069/29
f 3197/3070/29 3198/3072/29 338/3071/29
f 3198/3072/29 3199/3074/29 339/3073/29
f 3199/3074/29 3200/3064/29 340/3065/29
f 430/3075/181 3201/3076/181 3197/3070/181
f 3201/3076/29 3202/3077/29 3198/3072/29
f 3202/3077/29 3203/3078/29 3199/3074/29
f 3203/3078/29 3204/3066/29 3200/3064/29
f 431/3079/181 3205/3080/181 3201/3076/181
f 3205/3080/29 3206/3081/29 3202/3077/29
f 3206/3081/29 3207/3082/29 3203/3078/29
f 3207/3082/29 3208/3067/29 3204/3066/29
f 431/3079/181 432/84/181 3209/3083/181
f 3205/3080/29 3209/3083/29 3210/3084/29
f 3206/3081/181 3210/3084/181 3211/3085/181
f 3207/3082/29 3211/3085/29 3212/85/29
f 432/84/29 41/83/29 433/2800/29
f 3209/3083/29 433/2800/29 434/2802/29
f 3210/3084/29 434/2802/29 435/2804/29
f 3211/3085/29 435/2804/29 436/2796/29
f 3216/3086/28 429/3068/28 29/47/28
f 3220/3088/28 430/3075/28 429/3068/28
f 3220/3088/28 3224/3089/28 431/3079/28
f 3224/3089/28 3228/82/28 432/84/28
f 421/3090/28 3213/3092/28 329/3091/28
f 3213/3092/28 3214/3094/28 330/3093/28
f 3214/3094/28 3215/3096/28 331/3095/28
f 3215/3096/28 3216/3086/28 332/3087/28
f 422/3097/28 3217/3098/28 3213/3092/28
f 3217/3098/28 3218/3099/28 3214/3094/28
f 3218/3099/28 3219/3100/28 3215/3096/28
f 3219/3100/28 3220/3088/28 3216/3086/28
f 423/3101/28 3221/3102/28 3217/3098/28
f 3221/3102/28 3222/3103/28 3218/3099/28
f 3222/3103/28 3223/3104/28 3219/3100/28
f 3223/3104/28 3224/3089/28 3220/3088/28
f 423/3101/28 424/81/28 3225/3105/28
f 3221/3102/28 3225/3105/28 3226/3106/28
f 3222/3103/28 3226/3106/28 3227/3107/28
f 3223/3104/28 3227/3107/28 3228/82/28
f 424/81/28 40/80/28 425/2822/28
f 3225/3105/28 425/2822/28 426/2824/28
f 3226/3106/28 426/2824/28 427/2826/28
f 3227/3107/28 427/2826/28 428/2818/28
f 3232/3108/27 421/3090/27 28/44/27
f 3236/3110/27 422/3097/27 421/3090/27
f 3236/3110/27 3240/3111/27 423/3101/27
f 3240/3111/27 3244/79/27 424/81/27
f 413/3112/27 3229/3114/27 321/3113/27
f 3229/3114/27 3230/3116/27 322/3115/27
f 3230/3116/27 3231/3118/27 323/3117/27
f 3231/3118/27 3232/3108/27 324/3109/27
f 414/3119/27 3233/3120/27 3229/3114/27
f 3233/3120/27 3234/3121/27 3230/3116/27
f 3234/3121/27 3235/3122/27 3231/3118/27
f 3235/3122/27 3236/3110/27 3232/3108/27
f 414/3119/27 415/3126/27 3237/3123/27
f 3233/3120/27 3237/3123/27 3238/3124/27
f 3234/3121/27 3238/3124/27 3239/3125/27
f 3235/3122/27 3239/3125/27 3240/3111/27
f 415/3126/27 416/78/27 3241/3127/27
f 3237/3123/27 3241/3127/27 3242/3128/27
f 3238/3124/27 3242/3128/27 3243/3129/27
f 3239/3125/27 3243/3129/27 3244/79/27
f 416/78/27 39/77/27 417/2844/27
f 3241/3127/27 417/2844/27 418/2846/27
f 3242/3128/27 418/2846/27 419/2848/27
f 3243/3129/27 419/2848/27 420/2840/27
f 3248/3130/26 413/3112/26 27/41/26
f 3252/3132/26 414/3119/26 413/3112/26
f 3252/3132/26 3256/3133/26 415/3126/26
f 3256/3133/26 3260/76/26 416/78/26
f 405/3134/26 3245/3136/26 313/3135/26
f 3245/3136/26 3246/3138/26 314/3137/26
f 3246/3138/182 3247/3140/182 315/3139/182
f 3247/3140/182 3248/3130/182 316/3131/182
f 406/3141/26 3249/3142/26 3245/3136/26
f 3249/3142/26 3250/3143/26 3246/3138/26
f 3250/3143/182 3251/3144/182 3247/3140/182
f 3251/3144/26 3252/3132/26 3248/3130/26
f 406/3141/182 407/3148/182 3253/3145/182
f 3253/3145/182 3254/3146/182 3250/3143/182
f 3254/3146/26 3255/3147/26 3251/3144/26
f 3255/3147/26 3256/3133/26 3252/3132/26
f 407/3148/26 408/75/26 3257/3149/26
f 3253/3145/26 3257/3149/26 3258/3150/26
f 3254/3146/182 3258/3150/182 3259/3151/182
f 3255/3147/26 3259/3151/26 3260/76/26
f 408/75/26 38/74/26 409/2866/26
f 3257/3149/26 409/2866/26 410/2868/26
f 3258/3150/26 410/2868/26 411/2870/26
f 3259/3151/26 411/2870/26 412/2862/26
f 3264/3152/25 405/3134/25 26/38/25
f 3268/3154/25 406/3141/25 405/3134/25
f 3272/3155/25 407/3148/25 406/3141/25
f 3272/3155/25 3276/73/25 408/75/25
f 397/2902/25 3261/3157/25 305/3156/25
f 3261/3157/25 3262/3159/25 306/3158/25
f 3262/3159/25 3263/3161/25 307/3160/25
f 3263/3161/25 3264/3152/25 308/3153/25
f 398/2905/25 3265/3162/25 3261/3157/25
f 3265/3162/25 3266/3163/25 3262/3159/25
f 3266/3163/25 3267/3164/25 3263/3161/25
f 3267/3164/25 3268/3154/25 3264/3152/25
f 399/2907/25 3269/3165/25 3265/3162/25
f 3269/3165/25 3270/3169/25 3266/3163/25
f 3266/3163/25 3270/3169/25 3271/3166/25
f 3267/3164/25 3271/3166/25 3272/3155/25
f 399/2907/25 400/107/25 3273/3167/25
f 3269/3165/25 3273/3167/25 3274/3168/25
f 3270/3169/25 3274/3168/25 3275/3170/25
f 3271/3166/25 3275/3170/25 3276/73/25
f 400/107/25 37/2634/25 401/2887/25
f 3273/3167/25 401/2887/25 402/2889/25
f 3274/3168/25 402/2889/25 403/2891/25
f 3275/3170/25 403/2891/25 404/2884/25
f 297/34/24 3280/3173/24 301/3171/24
f 3280/3173/24 3284/3176/24 302/3174/24
f 3288/3175/24 303/3177/24 302/3174/24
f 3292/72/24 304/71/24 303/3177/24
f 24/3178/24 389/3185/24 3277/3179/24
f 300/3180/24 3277/3179/24 3278/3181/24
f 299/3182/24 3278/3181/24 3279/3183/24
f 298/3184/24 3279/3183/24 3280/3173/24
f 389/3185/24 390/3189/24 3281/3186/24
f 3277/3179/24 3281/3186/24 3282/3187/24
f 3278/3181/24 3282/3187/24 3283/3188/24
f 3279/3183/24 3283/3188/24 3284/3176/24
f 390/3189/24 391/3193/24 3285/3190/24
f 3281/3186/24 3285/3190/24 3286/3191/24
f 3282/3187/24 3286/3191/24 3287/3192/24
f 3287/3192/24 3288/3175/24 3284/3176/24
f 392/68/24 3289/3194/24 3285/3190/24
f 3289/3194/24 3290/3195/24 3286/3191/24
f 3290/3195/24 3291/3196/24 3287/3192/24
f 3291/3196/24 3292/72/24 3288/3175/24
f 36/2909/24 396/2911/24 3289/3194/24
f 396/2911/24 395/2913/24 3290/3195/24
f 395/2913/24 394/2915/24 3291/3196/24
f 394/2915/24 393/70/24 3292/72/24
f 292/31/23 3296/3197/23 389/3185/23
f 3296/3197/23 3300/3198/23 390/3189/23
f 3300/3198/23 3304/3199/23 391/3193/23
f 3308/69/23 392/68/23 391/3193/23
f 23/3200/23 381/3207/23 3293/3201/23
f 289/3202/23 3293/3201/23 3294/3203/23
f 290/3204/23 3294/3203/23 3295/3205/23
f 291/3206/23 3295/3205/23 3296/3197/23
f 381/3207/183 382/3211/183 3297/3208/183
f 3293/3201/23 3297/3208/23 3298/3209/23
f 3294/3203/23 3298/3209/23 3299/3210/23
f 3295/3205/23 3299/3210/23 3300/3198/23
f 382/3211/23 383/3215/23 3301/3212/23
f 3297/3208/23 3301/3212/23 3302/3213/23
f 3298/3209/23 3302/3213/23 3303/3214/23
f 3299/3210/183 3303/3214/183 3304/3199/183
f 384/65/23 3305/3216/23 3301/3212/23
f 3305/3216/23 3306/3217/23 3302/3213/23
f 3306/3217/23 3307/3218/23 3303/3214/23
f 3307/3218/23 3308/69/23 3304/3199/23
f 35/2931/23 385/2933/23 3305/3216/23
f 385/2933/23 386/2935/23 3306/3217/23
f 386/2935/23 387/2937/23 3307/3218/23
f 387/2937/183 388/67/183 3308/69/183
f 284/28/22 3312/3219/22 381/3207/22
f 3312/3219/22 3316/3220/22 382/3211/22
f 3316/3220/22 3320/3221/22 383/3215/22
f 3324/66/22 384/65/22 383/3215/22
f 22/3222/22 373/3229/22 3309/3223/22
f 281/3224/22 3309/3223/22 3310/3225/22
f 282/3226/22 3310/3225/22 3311/3227/22
f 283/3228/22 3311/3227/22 3312/3219/22
f 373/3229/22 374/3233/22 3313/3230/22
f 3309/3223/22 3313/3230/22 3314/3231/22
f 3310/3225/22 3314/3231/22 3315/3232/22
f 3311/3227/22 3315/3232/22 3316/3220/22
f 374/3233/22 375/3236/22 3317/3234/22
f 3313/3230/22 3317/3234/22 3318/3235/22
f 3318/3235/22 3319/3239/22 3315/3232/22
f 3315/3232/22 3319/3239/22 3320/3221/22
f 376/62/22 3321/3237/22 3317/3234/22
f 3321/3237/22 3322/3238/22 3318/3235/22
f 3322/3238/22 3323/3240/22 3319/3239/22
f 3323/3240/22 3324/66/22 3320/3221/22
f 34/2953/22 377/2955/22 3321/3237/22
f 377/2955/22 378/2957/22 3322/3238/22
f 378/2957/22 379/2959/22 3323/3240/22
f 379/2959/22 380/64/22 3324/66/22
f 276/25/21 3328/3241/21 373/3229/21
f 3328/3241/21 3332/3243/21 374/3233/21
f 3336/3242/21 375/3236/21 374/3233/21
f 3340/63/21 376/62/21 375/3236/21
f 21/3244/21 365/3251/21 3325/3245/21
f 273/3246/21 3325/3245/21 3326/3247/21
f 274/3248/21 3326/3247/21 3327/3249/21
f 275/3250/21 3327/3249/21 3328/3241/21
f 365/3251/21 366/3256/21 3329/3252/21
f 3325/3245/21 3329/3252/21 3330/3253/21
f 3326/3247/21 3330/3253/21 3331/3254/21
f 3327/3249/21 3331/3254/21 3332/3243/21
f 367/3255/21 3333/3257/21 3329/3252/21
f 3333/3257/21 3334/3258/21 3330/3253/21
f 3334/3258/21 3335/3259/21 3331/3254/21
f 3335/3259/21 3336/3242/21 3332/3243/21
f 368/59/21 3337/3260/21 3333/3257/21
f 3337/3260/21 3338/3261/21 3334/3258/21
f 3338/3261/21 3339/3262/21 3335/3259/21
f 3339/3262/21 3340/63/21 3336/3242/21
f 33/2975/21 369/2977/21 3337/3260/21
f 369/2977/21 370/2979/21 3338/3261/21
f 370/2979/21 371/2981/21 3339/3262/21
f 371/2981/21 372/61/21 3340/63/21
f 268/22/184 3344/3263/184 365/3251/184
f 3344/3263/20 3348/3265/20 366/3256/20
f 3352/3264/184 367/3255/184 366/3256/184
f 3356/60/20 368/59/20 367/3255/20
f 20/3266/20 357/3273/20 3341/3267/20
f 265/3268/184 3341/3267/184 3342/3269/184
f 266/3270/20 3342/3269/20 3343/3271/20
f 267/3272/20 3343/3271/20 3344/3263/20
f 357/3273/20 358/3277/20 3345/3274/20
f 3341/3267/20 3345/3274/20 3346/3275/20
f 3342/3269/20 3346/3275/20 3347/3276/20
f 3343/3271/20 3347/3276/20 3348/3265/20
f 358/3277/20 359/3281/20 3349/3278/20
f 3345/3274/20 3349/3278/20 3350/3279/20
f 3346/3275/20 3350/3279/20 3351/3280/20
f 3347/3276/20 3351/3280/20 3352/3264/20
f 360/56/20 3353/3282/20 3349/3278/20
f 3353/3282/20 3354/3283/20 3350/3279/20
f 3354/3283/20 3355/3284/20 3351/3280/20
f 3355/3284/184 3356/60/184 3352/3264/184
f 32/2997/20 361/2999/20 3353/3282/20
f 361/2999/184 362/3001/184 3354/3283/184
f 362/3001/20 363/3003/20 3355/3284/20
f 363/3003/20 364/58/20 3356/60/20
f 260/19/19 3360/3285/19 357/3273/19
f 3360/3285/19 3364/3287/19 358/3277/19
f 3368/3286/19 359/3281/19 358/3277/19
f 3372/57/19 360/56/19 359/3281/19
f 19/3288/19 349/3295/19 3357/3289/19
f 257/3290/19 3357/3289/19 3358/3291/19
f 258/3292/19 3358/3291/19 3359/3293/19
f 259/3294/19 3359/3293/19 3360/3285/19
f 349/3295/19 350/3300/19 3361/3296/19
f 3357/3289/19 3361/3296/19 3362/3297/19
f 3358/3291/19 3362/3297/19 3363/3298/19
f 3359/3293/19 3363/3298/19 3364/3287/19
f 351/3299/19 3365/3304/19 3361/3296/19
f 3361/3296/19 3365/3304/19 3366/3301/19
f 3362/3297/19 3366/3301/19 3367/3302/19
f 3367/3302/19 3368/3286/19 3364/3287/19
f 352/3303/19 3369/3305/19 3365/3304/19
f 3369/3305/19 3370/3306/19 3366/3301/19
f 3370/3306/19 3371/3307/19 3367/3302/19
f 3371/3307/19 3372/57/19 3368/3286/19
f 31/3019/19 353/3021/19 3369/3305/19
f 353/3021/19 354/3023/19 3370/3306/19
f 354/3023/19 355/3025/19 3371/3307/19
f 355/3025/19 356/55/19 3372/57/19
f 3376/3308/18 349/3311/18 19/17/18
f 3380/3310/18 350/3313/18 349/3311/18
f 3384/3312/18 351/3314/18 350/3313/18
f 3384/3312/18 3388/52/18 352/54/18
f 341/3315/18 3373/3317/18 249/3316/18
f 3373/3317/18 3374/3319/18 250/3318/18
f 3374/3319/18 3375/3321/18 251/3320/18
f 3375/3321/18 3376/3308/18 252/3309/18
f 342/3322/18 3377/3323/18 3373/3317/18
f 3377/3323/18 3378/3324/18 3374/3319/18
f 3378/3324/18 3379/3325/18 3375/3321/18
f 3379/3325/18 3380/3310/18 3376/3308/18
f 342/3322/18 343/3329/18 3381/3326/18
f 3377/3323/18 3381/3326/18 3382/3327/18
f 3378/3324/18 3382/3327/18 3383/3328/18
f 3383/3328/18 3384/3312/18 3380/3310/18
f 343/3329/18 344/51/18 3385/3330/18
f 3381/3326/18 3385/3330/18 3386/3331/18
f 3382/3327/18 3386/3331/18 3387/3332/18
f 3383/3328/18 3387/3332/18 3388/52/18
f 344/51/18 30/50/18 345/3047/18
f 3385/3330/18 345/3047/18 346/3049/18
f 3386/3331/18 346/3049/18 347/3051/18
f 3387/3332/18 347/3051/18 348/3040/18
f 3392/3333/17 341/3315/17 18/14/17
f 3396/3335/17 342/3322/17 341/3315/17
f 3400/3336/17 343/3329/17 342/3322/17
f 3400/3336/17 3404/49/17 344/51/17
f 333/3337/17 3389/3339/17 241/3338/17
f 3389/3339/17 3390/3341/17 242/3340/17
f 3390/3341/17 3391/3343/17 243/3342/17
f 3391/3343/17 3392/3333/17 244/3334/17
f 334/3344/185 3393/3345/185 3389/3339/185
f 3393/3345/17 3394/3346/17 3390/3341/17
f 3394/3346/17 3395/3347/17 3391/3343/17
f 3395/3347/17 3396/3335/17 3392/3333/17
f 334/3344/17 335/3350/17 3397/3348/17
f 3393/3345/17 3397/3348/17 3398/3349/17
f 3398/3349/17 3399/3354/17 3395/3347/17
f 3395/3347/17 3399/3354/17 3400/3336/17
f 335/3350/17 336/48/17 3401/3351/17
f 3397/3348/185 3401/3351/185 3402/3352/185
f 3398/3349/17 3402/3352/17 3403/3353/17
f 3399/3354/17 3403/3353/17 3404/49/17
f 336/48/17 29/47/17 337/3069/17
f 3401/3351/17 337/3069/17 338/3071/17
f 3402/3352/185 338/3071/185 339/3073/185
f 3403/3353/17 339/3073/17 340/3065/17
f 3408/3355/16 333/3337/16 17/11/16
f 3412/3357/16 334/3344/16 333/3337/16
f 3416/3358/16 335/3350/16 334/3344/16
f 3416/3358/16 3420/46/16 336/48/16
f 325/3359/16 3405/3361/16 233/3360/16
f 3405/3361/16 3406/3363/16 234/3362/16
f 3406/3363/16 3407/3365/16 235/3364/16
f 3407/3365/16 3408/3355/16 236/3356/16
f 326/3366/16 3409/3367/16 3405/3361/16
f 3409/3367/16 3410/3368/16 3406/3363/16
f 3410/3368/16 3411/3369/16 3407/3365/16
f 3411/3369/16 3412/3357/16 3408/3355/16
f 327/3370/16 3413/3371/16 3409/3367/16
f 3413/3371/16 3414/3372/16 3410/3368/16
f 3414/3372/16 3415/3373/16 3411/3369/16
f 3415/3373/16 3416/3358/16 3412/3357/16
f 327/3370/16 328/45/16 3417/3374/16
f 3413/3371/16 3417/3374/16 3418/3375/16
f 3414/3372/16 3418/3375/16 3419/3376/16
f 3415/3373/16 3419/3376/16 3420/46/16
f 328/45/16 28/44/16 329/3091/16
f 3417/3374/16 329/3091/16 330/3093/16
f 3418/3375/16 330/3093/16 331/3095/16
f 3419/3376/16 331/3095/16 332/3087/16
f 3424/3377/15 325/3359/15 16/8/15
f 3428/3379/15 326/3366/15 325/3359/15
f 3428/3379/15 3432/3380/15 327/3370/15
f 3432/3380/15 3436/43/15 328/45/15
f 317/3381/15 3421/3383/15 225/3382/15
f 3421/3383/15 3422/3385/15 226/3384/15
f 3422/3385/15 3423/3387/15 227/3386/15
f 3423/3387/15 3424/3377/15 228/3378/15
f 318/3388/15 3425/3389/15 3421/3383/15
f 3425/3389/15 3426/3390/15 3422/3385/15
f 3426/3390/15 3427/3391/15 3423/3387/15
f 3427/3391/15 3428/3379/15 3424/3377/15
f 318/3388/15 319/3394/15 3429/3392/15
f 3429/3392/15 3430/3397/15 3426/3390/15
f 3426/3390/15 3430/3397/15 3431/3393/15
f 3427/3391/15 3431/3393/15 3432/3380/15
f 319/3394/15 320/42/15 3433/3395/15
f 3429/3392/15 3433/3395/15 3434/3396/15
f 3430/3397/15 3434/3396/15 3435/3398/15
f 3431/3393/15 3435/3398/15 3436/43/15
f 320/42/15 27/41/15 321/3113/15
f 3433/3395/15 321/3113/15 322/3115/15
f 3434/3396/15 322/3115/15 323/3117/15
f 3435/3398/15 323/3117/15 324/3109/15
f 3440/3399/186 317/3381/186 15/5/186
f 3444/3401/14 318/3388/14 317/3381/14
f 3444/3401/14 3448/3402/14 319/3394/14
f 3448/3402/14 3452/40/14 320/42/14
f 309/3403/14 3437/3405/14 217/3404/14
f 3437/3405/14 3438/3407/14 218/3406/14
f 3438/3407/14 3439/3409/14 219/3408/14
f 3439/3409/14 3440/3399/14 220/3400/14
f 310/3410/14 3441/3411/14 3437/3405/14
f 3441/3411/14 3442/3412/14 3438/3407/14
f 3442/3412/14 3443/3413/14 3439/3409/14
f 3443/3413/186 3444/3401/186 3440/3399/186
f 310/3410/14 311/3417/14 3445/3414/14
f 3441/3411/14 3445/3414/14 3446/3415/14
f 3442/3412/14 3446/3415/14 3447/3416/14
f 3443/3413/14 3447/3416/14 3448/3402/14
f 311/3417/14 312/39/14 3449/3418/14
f 3445/3414/186 3449/3418/186 3450/3419/186
f 3446/3415/14 3450/3419/14 3451/3420/14
f 3447/3416/186 3451/3420/186 3452/40/186
f 312/39/186 26/38/186 313/3135/186
f 3449/3418/14 313/3135/14 314/3137/14
f 3450/3419/186 314/3137/186 315/3139/186
f 3451/3420/14 315/3139/14 316/3131/14
f 3456/3421/13 309/3403/13 14/2/13
f 3460/3423/13 310/3410/13 309/3403/13
f 3464/3424/13 311/3417/13 310/3410/13
f 3464/3424/13 3468/37/13 312/39/13
f 301/3171/13 3453/3426/13 209/3425/13
f 3453/3426/13 3454/3428/13 210/3427/13
f 3454/3428/13 3455/3430/13 211/3429/13
f 3455/3430/13 3456/3421/13 212/3422/13
f 302/3174/13 3457/3431/13 3453/3426/13
f 3457/3431/13 3458/3432/13 3454/3428/13
f 3458/3432/13 3459/3433/13 3455/3430/13
f 3459/3433/13 3460/3423/13 3456/3421/13
f 303/3177/13 3461/3437/13 3457/3431/13
f 3457/3431/13 3461/3437/13 3462/3434/13
f 3458/3432/13 3462/3434/13 3463/3435/13
f 3463/3435/13 3464/3424/13 3460/3423/13
f 303/3177/13 304/71/13 3465/3436/13
f 3461/3437/13 3465/3436/13 3466/3438/13
f 3462/3434/13 3466/3438/13 3467/3439/13
f 3463/3435/13 3467/3439/13 3468/37/13
f 304/71/13 25/2903/13 305/3156/13
f 3465/3436/13 305/3156/13 306/3158/13
f 3466/3438/13 306/3158/13 307/3160/13
f 3467/3439/13 307/3160/13 308/3153/13
f 201/3440/12 3472/3443/12 205/3441/12
f 3472/3443/12 3476/3445/12 206/3444/12
f 3476/3445/12 3480/3447/12 207/3446/12
f 3484/36/12 208/35/12 207/3446/12
f 12/3448/12 293/3455/12 3469/3449/12
f 204/3450/12 3469/3449/12 3470/3451/12
f 203/3452/12 3470/3451/12 3471/3453/12
f 202/3454/12 3471/3453/12 3472/3443/12
f 293/3455/12 294/3460/12 3473/3456/12
f 3469/3449/12 3473/3456/12 3474/3457/12
f 3470/3451/12 3474/3457/12 3475/3458/12
f 3471/3453/12 3475/3458/12 3476/3445/12
f 295/3459/12 3477/3461/12 3473/3456/12
f 3477/3461/12 3478/3462/12 3474/3457/12
f 3478/3462/12 3479/3463/12 3475/3458/12
f 3479/3463/12 3480/3447/12 3476/3445/12
f 296/32/12 3481/3464/12 3477/3461/12
f 3481/3464/12 3482/3465/12 3478/3462/12
f 3482/3465/12 3483/3466/12 3479/3463/12
f 3483/3466/12 3484/36/12 3480/3447/12
f 24/3178/12 300/3180/12 3481/3464/12
f 300/3180/12 299/3182/12 3482/3465/12
f 299/3182/12 298/3184/12 3483/3466/12
f 298/3184/12 297/34/12 3484/36/12
f 200/3467/187 3488/3468/187 293/3455/187
f 3488/3468/187 3492/3470/187 294/3460/187
f 3496/3469/187 295/3459/187 294/3460/187
f 3500/33/11 296/32/11 295/3459/11
f 11/3471/187 285/3478/187 3485/3472/187
f 197/3473/11 3485/3472/11 3486/3474/11
f 198/3475/187 3486/3474/187 3487/3476/187
f 199/3477/11 3487/3476/11 3488/3468/11
f 285/3478/188 286/3482/188 3489/3479/188
f 3485/3472/187 3489/3479/187 3490/3480/187
f 3486/3474/188 3490/3480/188 3491/3481/188
f 3487/3476/188 3491/3481/188 3492/3470/188
f 286/3482/11 287/3485/11 3493/3483/11
f 3493/3483/11 3494/3487/11 3490/3480/11
f 3490/3480/187 3494/3487/187 3495/3484/187
f 3491/3481/11 3495/3484/11 3496/3469/11
f 288/29/11 3497/3486/11 3493/3483/11
f 3497/3486/187 3498/3488/187 3494/3487/187
f 3498/3488/187 3499/3489/187 3495/3484/187
f 3499/3489/187 3500/33/187 3496/3469/187
f 23/3200/11 289/3202/11 3497/3486/11
f 289/3202/11 290/3204/11 3498/3488/11
f 290/3204/11 291/3206/11 3499/3489/11
f 291/3206/187 292/31/187 3500/33/187
f 196/3490/10 3504/3491/10 285/3478/10
f 3504/3491/10 3508/3492/10 286/3482/10
f 3508/3492/10 3512/3493/10 287/3485/10
f 3516/30/10 288/29/10 287/3485/10
f 10/3494/10 277/3501/10 3501/3495/10
f 193/3496/10 3501/3495/10 3502/3497/10
f 194/3498/10 3502/3497/10 3503/3499/10
f 195/3500/10 3503/3499/10 3504/3491/10
f 277/3501/10 278/3505/10 3505/3502/10
f 3501/3495/10 3505/3502/10 3506/3503/10
f 3502/3497/10 3506/3503/10 3507/3504/10
f 3503/3499/10 3507/3504/10 3508/3492/10
f 278/3505/10 279/3509/10 3509/3506/10
f 3505/3502/10 3509/3506/10 3510/3507/10
f 3510/3507/10 3511/3508/10 3507/3504/10
f 3511/3508/10 3512/3493/10 3508/3492/10
f 280/26/10 3513/3510/10 3509/3506/10
f 3513/3510/10 3514/3511/10 3510/3507/10
f 3514/3511/10 3515/3512/10 3511/3508/10
f 3515/3512/10 3516/30/10 3512/3493/10
f 22/3222/10 281/3224/10 3513/3510/10
f 281/3224/10 282/3226/10 3514/3511/10
f 282/3226/10 283/3228/10 3515/3512/10
f 283/3228/10 284/28/10 3516/30/10
f 192/3513/9 3520/3514/9 277/3501/9
f 3520/3514/9 3524/3515/9 278/3505/9
f 3524/3515/9 3528/3516/9 279/3509/9
f 3532/27/9 280/26/9 279/3509/9
f 9/3517/9 269/3524/9 3517/3518/9
f 189/3519/9 3517/3518/9 3518/3520/9
f 190/3521/9 3518/3520/9 3519/3522/9
f 191/3523/9 3519/3522/9 3520/3514/9
f 269/3524/9 270/3529/9 3521/3525/9
f 3517/3518/9 3521/3525/9 3522/3526/9
f 3518/3520/9 3522/3526/9 3523/3527/9
f 3519/3522/9 3523/3527/9 3524/3515/9
f 271/3528/9 3525/3530/9 3521/3525/9
f 3525/3530/9 3526/3533/9 3522/3526/9
f 3522/3526/9 3526/3533/9 3527/3531/9
f 3523/3527/9 3527/3531/9 3528/3516/9
f 272/23/9 3529/3532/9 3525/3530/9
f 3529/3532/9 3530/3534/9 3526/3533/9
f 3530/3534/9 3531/3535/9 3527/3531/9
f 3531/3535/9 3532/27/9 3528/3516/9
f 21/3244/9 273/3246/9 3529/3532/9
f 273/3246/9 274/3248/9 3530/3534/9
f 274/3248/9 275/3250/9 3531/3535/9
f 275/3250/9 276/25/9 3532/27/9
f 188/3536/8 3536/3537/8 269/3524/8
f 3536/3537/8 3540/3538/8 270/3529/8
f 3540/3538/190 3544/3539/190 271/3528/190
f 3548/24/190 272/23/190 271/3528/190
f 8/3540/8 261/3547/8 3533/3541/8
f 185/3542/8 3533/3541/8 3534/3543/8
f 186/3544/8 3534/3543/8 3535/3545/8
f 187/3546/8 3535/3545/8 3536/3537/8
f 261/3547/190 262/3552/190 3537/3548/190
f 3533/3541/8 3537/3548/8 3538/3549/8
f 3534/3543/8 3538/3549/8 3539/3550/8
f 3535/3545/8 3539/3550/8 3540/3538/8
f 263/3551/8 3541/3555/8 3537/3548/8
f 3537/3548/190 3541/3555/190 3542/3553/190
f 3538/3549/8 3542/3553/8 3543/3554/8
f 3539/3550/8 3543/3554/8 3544/3539/8
f 264/20/189 3545/3556/189 3541/3555/189
f 3545/3556/8 3546/3557/8 3542/3553/8
f 3546/3557/8 3547/3558/8 3543/3554/8
f 3547/3558/8 3548/24/8 3544/3539/8
f 20/3266/8 265/3268/8 3545/3556/8
f 265/3268/8 266/3270/8 3546/3557/8
f 266/3270/8 267/3272/8 3547/3558/8
f 267/3272/8 268/22/8 3548/24/8
f 184/3559/7 3552/3560/7 261/3547/7
f 3552/3560/7 3556/3561/7 262/3552/7
f 3556/3561/7 3560/3562/7 263/3551/7
f 3564/21/7 264/20/7 263/3551/7
f 7/3563/7 253/3570/7 3549/3564/7
f 181/3565/7 3549/3564/7 3550/3566/7
f 182/3567/7 3550/3566/7 3551/3568/7
f 183/3569/7 3551/3568/7 3552/3560/7
f 253/3570/7 254/3575/7 3553/3571/7
f 3549/3564/7 3553/3571/7 3554/3572/7
f 3550/3566/7 3554/3572/7 3555/3573/7
f 3551/3568/7 3555/3573/7 3556/3561/7
f 255/3574/7 3557/3576/7 3553/3571/7
f 3557/3576/7 3558/3580/7 3554/3572/7
f 3554/3572/7 3558/3580/7 3559/3577/7
f 3559/3577/7 3560/3562/7 3556/3561/7
f 256/3578/7 3561/3579/7 3557/3576/7
f 3561/3579/7 3562/3581/7 3558/3580/7
f 3562/3581/7 3563/3582/7 3559/3577/7
f 3563/3582/7 3564/21/7 3560/3562/7
f 19/3288/7 257/3290/7 3561/3579/7
f 257/3290/7 258/3292/7 3562/3581/7
f 258/3292/7 259/3294/7 3563/3582/7
f 259/3294/7 260/19/7 3564/21/7
f 3568/3583/6 253/3587/6 7/3584/6
f 3572/3586/6 254/3589/6 253/3587/6
f 3576/3588/6 255/3590/6 254/3589/6
f 3576/3588/6 3580/16/6 256/18/6
f 245/3591/6 3565/3594/6 177/3592/6
f 3565/3594/6 3566/3596/6 178/3595/6
f 3566/3596/6 3567/3598/6 179/3597/6
f 3567/3598/6 3568/3583/6 180/3585/6
f 246/3599/6 3569/3600/6 3565/3594/6
f 3569/3600/6 3570/3601/6 3566/3596/6
f 3570/3601/6 3571/3602/6 3567/3598/6
f 3571/3602/6 3572/3586/6 3568/3583/6
f 247/3603/6 3573/3606/6 3569/3600/6
f 3569/3600/6 3573/3606/6 3574/3604/6
f 3574/3604/6 3575/3609/6 3571/3602/6
f 3571/3602/6 3575/3609/6 3576/3588/6
f 247/3603/6 248/15/6 3577/3605/6
f 3573/3606/6 3577/3605/6 3578/3607/6
f 3574/3604/6 3578/3607/6 3579/3608/6
f 3575/3609/6 3579/3608/6 3580/16/6
f 248/15/6 18/14/6 249/3316/6
f 3577/3605/6 249/3316/6 250/3318/6
f 3578/3607/6 250/3318/6 251/3320/6
f 3579/3608/6 251/3320/6 252/3309/6
f 3584/3610/5 245/3591/5 6/3593/5
f 3588/3612/5 246/3599/5 245/3591/5
f 3588/3612/5 3592/3613/5 247/3603/5
f 3592/3613/5 3596/13/5 248/15/5
f 237/3614/5 3581/3617/5 173/3615/5
f 3581/3617/5 3582/3619/5 174/3618/5
f 3582/3619/5 3583/3621/5 175/3620/5
f 3583/3621/5 3584/3610/5 176/3611/5
f 238/3622/192 3585/3623/192 3581/3617/192
f 3585/3623/5 3586/3624/5 3582/3619/5
f 3586/3624/192 3587/3625/192 3583/3621/192
f 3587/3625/5 3588/3612/5 3584/3610/5
f 238/3622/191 239/3629/191 3589/3626/191
f 3585/3623/192 3589/3626/192 3590/3627/192
f 3586/3624/5 3590/3627/5 3591/3628/5
f 3587/3625/191 3591/3628/191 3592/3613/191
f 239/3629/192 240/12/192 3593/3630/192
f 3589/3626/192 3593/3630/192 3594/3631/192
f 3590/3627/5 3594/3631/5 3595/3632/5
f 3591/3628/5 3595/3632/5 3596/13/5
f 240/12/5 17/11/5 241/3338/5
f 3593/3630/5 241/3338/5 242/3340/5
f 3594/3631/5 242/3340/5 243/3342/5
f 3595/3632/5 243/3342/5 244/3334/5
f 3600/3633/4 237/3614/4 5/3616/4
f 3604/3635/4 238/3622/4 237/3614/4
f 3604/3635/4 3608/3636/4 239/3629/4
f 3608/3636/4 3612/10/4 240/12/4
f 229/3637/4 3597/3640/4 169/3638/4
f 3597/3640/4 3598/3642/4 170/3641/4
f 3598/3642/4 3599/3644/4 171/3643/4
f 3599/3644/4 3600/3633/4 172/3634/4
f 230/3645/4 3601/3646/4 3597/3640/4
f 3601/3646/4 3602/3647/4 3598/3642/4
f 3602/3647/4 3603/3648/4 3599/3644/4
f 3603/3648/4 3604/3635/4 3600/3633/4
f 231/3649/4 3605/3650/4 3601/3646/4
f 3605/3650/4 3606/3654/4 3602/3647/4
f 3602/3647/4 3606/3654/4 3607/3651/4
f 3603/3648/4 3607/3651/4 3608/3636/4
f 231/3649/4 232/9/4 3609/3652/4
f 3605/3650/4 3609/3652/4 3610/3653/4
f 3606/3654/4 3610/3653/4 3611/3655/4
f 3607/3651/4 3611/3655/4 3612/10/4
f 232/9/4 16/8/4 233/3360/4
f 3609/3652/4 233/3360/4 234/3362/4
f 3610/3653/4 234/3362/4 235/3364/4
f 3611/3655/4 235/3364/4 236/3356/4
f 3616/3656/3 229/3637/3 4/3639/3
f 3620/3658/3 230/3645/3 229/3637/3
f 3624/3659/3 231/3649/3 230/3645/3
f 3624/3659/3 3628/7/3 232/9/3
f 221/3660/3 3613/3663/3 165/3661/3
f 3613/3663/3 3614/3665/3 166/3664/3
f 3614/3665/3 3615/3667/3 167/3666/3
f 3615/3667/3 3616/3656/3 168/3657/3
f 222/3668/3 3617/3669/3 3613/3663/3
f 3617/3669/3 3618/3670/3 3614/3665/3
f 3618/3670/3 3619/3671/3 3615/3667/3
f 3619/3671/3 3620/3658/3 3616/3656/3
f 223/3672/3 3621/3673/3 3617/3669/3
f 3621/3673/3 3622/3674/3 3618/3670/3
f 3622/3674/3 3623/3675/3 3619/3671/3
f 3623/3675/3 3624/3659/3 3620/3658/3
f 223/3672/3 224/6/3 3625/3676/3
f 3621/3673/3 3625/3676/3 3626/3677/3
f 3622/3674/3 3626/3677/3 3627/3678/3
f 3623/3675/3 3627/3678/3 3628/7/3
f 224/6/3 15/5/3 225/3382/3
f 3625/3676/3 225/3382/3 226/3384/3
f 3626/3677/3 226/3384/3 227/3386/3
f 3627/3678/3 227/3386/3 228/3378/3
f 3632/3679/194 221/3660/194 3/3662/194
f 3636/3681/2 222/3668/2 221/3660/2
f 3636/3681/193 3640/3682/193 223/3672/193
f 3640/3682/193 3644/4/193 224/6/193
f 213/3683/194 3629/3686/194 161/3684/194
f 3629/3686/2 3630/3688/2 162/3687/2
f 3630/3688/193 3631/3690/193 163/3689/193
f 3631/3690/193 3632/3679/193 164/3680/193
f 214/3691/193 3633/3692/193 3629/3686/193
f 3633/3692/2 3634/3693/2 3630/3688/2
f 3634/3693/193 3635/3694/193 3631/3690/193
f 3635/3694/193 3636/3681/193 3632/3679/193
f 214/3691/2 215/3697/2 3637/3695/2
f 3633/3692/2 3637/3695/2 3638/3696/2
f 3638/3696/2 3639/3701/2 3635/3694/2
f 3635/3694/194 3639/3701/194 3640/3682/194
f 215/3697/194 216/3/194 3641/3698/194
f 3637/3695/194 3641/3698/194 3642/3699/194
f 3638/3696/193 3642/3699/193 3643/3700/193
f 3639/3701/194 3643/3700/194 3644/4/194
f 216/3/193 14/2/193 217/3404/193
f 3641/3698/193 217/3404/193 218/3406/193
f 3642/3699/193 218/3406/193 219/3408/193
f 3643/3700/193 219/3408/193 220/3400/193
f 3648/3702/1 213/3683/1 2/3685/1
f 3652/3704/1 214/3691/1 213/3683/1
f 3656/3705/1 215/3697/1 214/3691/1
f 3656/3705/1 3660/1/1 216/3/1
f 205/3441/1 3645/3707/1 157/3706/1
f 3645/3707/1 3646/3709/1 158/3708/1
f 3646/3709/1 3647/3711/1 159/3710/1
f 3647/3711/1 3648/3702/1 160/3703/1
f 206/3444/1 3649/3712/1 3645/3707/1
f 3649/3712/1 3650/3713/1 3646/3709/1
f 3650/3713/1 3651/3714/1 3647/3711/1
f 3651/3714/1 3652/3704/1 3648/3702/1
f 207/3446/1 3653/3715/1 3649/3712/1
f 3653/3715/1 3654/3716/1 3650/3713/1
f 3654/3716/1 3655/3717/1 3651/3714/1
f 3655/3717/1 3656/3705/1 3652/3704/1
f 207/3446/1 208/35/1 3657/3718/1
f 3653/3715/1 3657/3718/1 3658/3719/1
f 3654/3716/1 3658/3719/1 3659/3720/1
f 3655/3717/1 3659/3720/1 3660/1/1
f 208/35/1 13/3172/1 209/3425/1
f 3657/3718/1 209/3425/1 210/3427/1
f 3658/3719/1 210/3427/1 211/3429/1
f 3659/3720/1 211/3429/1 212/3422/1
